entry_id,gender,classification,country,category,language,greyson_score,post_date,exp_date,narrative_length,ai_obe,ai_unity,ai_hellish,ai_clinical,ai_esp,ai_past_lives,ai_world_future,ai_aliens
1,M,NDE,Soviet Union,NDE,english,0,1999-02-07T00:00:00.000Z,NA,7146,TRUE,TRUE,FALSE,TRUE,FALSE,FALSE,FALSE,FALSE
2,F,NDE,United States,NDE,english,3,1999-02-07T00:00:00.000Z,1960-01-18T00:00:00.000Z,8188,TRUE,FALSE,FALSE,TRUE,FALSE,FALSE,FALSE,FALSE
3,F,NDE,United States,NDE,english,17,NA,1975-09-17T00:00:00.000Z,12889,TRUE,FALSE,FALSE,TRUE,FALSE,FALSE,FALSE,FALSE
4,M,NDE,Vietnam,NDE,english,0,1999-02-07T00:00:00.000Z,1969-05-03T00:00:00.000Z,9449,TRUE,TRUE,FALSE,TRUE,FALSE,FALSE,FALSE,FALSE
5,F,NDE,NA,NDE,english,0,2008-01-13T00:00:00.000Z,NA,3579,FALSE,FALSE,FALSE,TRUE,FALSE,FALSE,FALSE,FALSE
6,F,NDE,NA,NDE,english,0,2008-01-13T00:00:00.000Z,NA,5142,FALSE,FALSE,FALSE,TRUE,FALSE,FALSE,FALSE,FALSE
7,F,NDE,United States,NDE,english,0,2008-01-13T00:00:00.000Z,1945-01-18T00:00:00.000Z,2257,TRUE,FALSE,FALSE,TRUE,FALSE,FALSE,FALSE,FALSE
10,M,NDE,NA,NDE,english,0,2008-01-13T00:00:00.000Z,NA,1573,TRUE,FALSE,FALSE,TRUE,FALSE,FALSE,FALSE,FALSE
13,F,NDE,Mexico,NDE,english,0,2008-01-13T00:00:00.000Z,1980-06-22T00:00:00.000Z,7468,FALSE,FALSE,FALSE,TRUE,FALSE,FALSE,FALSE,FALSE
14,F,NDE,United States,NDE,english,0,2008-01-13T00:00:00.000Z,1996-08-18T00:00:00.000Z,1206,FALSE,FALSE,FALSE,TRUE,FALSE,FALSE,FALSE,FALSE
15,M,NDE,Canada,NDE,english,0,2008-01-13T00:00:00.000Z,1986-08-10T00:00:00.000Z,5929,TRUE,FALSE,FALSE,TRUE,TRUE,FALSE,FALSE,FALSE
16,M,NDE,United States,NDE,english,0,2008-01-13T00:00:00.000Z,1963-09-17T00:00:00.000Z,8974,TRUE,FALSE,FALSE,TRUE,TRUE,FALSE,FALSE,FALSE
17,M,NDE,United States,NDE,english,0,2008-01-13T00:00:00.000Z,1981-01-18T00:00:00.000Z,1786,TRUE,FALSE,FALSE,TRUE,FALSE,FALSE,FALSE,FALSE
19,M,NDE,United States,NDE,english,0,2008-01-13T00:00:00.000Z,1968-01-18T00:00:00.000Z,10636,FALSE,FALSE,FALSE,TRUE,FALSE,FALSE,FALSE,FALSE
21,F,NDE,United States,NDE,english,0,1999-02-07T00:00:00.000Z,NA,12970,TRUE,FALSE,FALSE,TRUE,FALSE,FALSE,FALSE,FALSE
24,M,NDE,United States,NDE,english,0,2008-01-13T00:00:00.000Z,1982-01-18T00:00:00.000Z,13583,TRUE,FALSE,FALSE,TRUE,FALSE,FALSE,TRUE,FALSE
25,F,NDE,Australia,NDE,english,0,2008-01-13T00:00:00.000Z,1990-09-18T00:00:00.000Z,2237,TRUE,FALSE,FALSE,TRUE,FALSE,FALSE,FALSE,FALSE
26,M,Probable NDE,United States,Probable NDE,english,0,2008-01-13T00:00:00.000Z,1992-01-18T00:00:00.000Z,5920,FALSE,FALSE,FALSE,TRUE,FALSE,FALSE,FALSE,FALSE
28,F,Probable NDE,United States,Probable NDE,english,0,2008-01-13T00:00:00.000Z,1961-01-18T00:00:00.000Z,9317,TRUE,FALSE,FALSE,TRUE,FALSE,FALSE,FALSE,FALSE
29,M,NDE,United States,NDE,english,0,2008-01-13T00:00:00.000Z,1961-09-17T00:00:00.000Z,1795,TRUE,FALSE,FALSE,TRUE,TRUE,FALSE,FALSE,FALSE
30,F,NDE,NA,NDE,english,0,2008-01-13T00:00:00.000Z,1955-05-25T00:00:00.000Z,2572,FALSE,FALSE,FALSE,TRUE,FALSE,FALSE,FALSE,FALSE
31,M,NDE,United States,NDE,english,0,2008-01-13T00:00:00.000Z,1996-06-21T00:00:00.000Z,5436,TRUE,FALSE,FALSE,TRUE,FALSE,FALSE,FALSE,FALSE
32,M,NDE,United States,NDE,english,0,2008-01-13T00:00:00.000Z,1936-01-18T00:00:00.000Z,2733,FALSE,FALSE,FALSE,FALSE,FALSE,FALSE,FALSE,FALSE
39,M,NDE,United States,NDE,english,0,2008-01-13T00:00:00.000Z,1968-05-24T00:00:00.000Z,3554,TRUE,FALSE,FALSE,TRUE,FALSE,FALSE,FALSE,FALSE
40,F,NDE,United States,NDE,english,0,2008-01-13T00:00:00.000Z,1992-01-08T00:00:00.000Z,2944,FALSE,FALSE,FALSE,TRUE,FALSE,FALSE,FALSE,FALSE
41,M,NDE,United States,NDE,english,0,2008-01-13T00:00:00.000Z,1971-11-12T00:00:00.000Z,5160,FALSE,FALSE,FALSE,FALSE,FALSE,FALSE,FALSE,FALSE
42,M,NDE,United States,Drug Experience,english,0,1999-02-17T00:00:00.000Z,NA,7939,TRUE,FALSE,FALSE,TRUE,FALSE,FALSE,FALSE,FALSE
45,M,NDE,United States,NDE,english,0,2008-01-13T00:00:00.000Z,1998-12-23T00:00:00.000Z,3714,FALSE,FALSE,FALSE,TRUE,FALSE,FALSE,FALSE,FALSE
46,M,NDE,United States,NDE,english,0,2008-01-13T00:00:00.000Z,1996-03-13T00:00:00.000Z,4499,TRUE,FALSE,FALSE,TRUE,TRUE,FALSE,FALSE,FALSE
47,F,NDE,United States,NDE,english,0,1999-02-07T00:00:00.000Z,NA,19418,TRUE,FALSE,FALSE,TRUE,FALSE,FALSE,FALSE,FALSE
64,F,NDE,United States,NDE,english,0,2008-01-13T00:00:00.000Z,1950-01-01T00:00:00.000Z,4313,FALSE,FALSE,FALSE,TRUE,FALSE,FALSE,FALSE,FALSE
68,F,Probable NDE,unknown,Probable NDE,english,0,2008-01-13T00:00:00.000Z,1994-05-05T00:00:00.000Z,8988,FALSE,TRUE,FALSE,FALSE,FALSE,FALSE,FALSE,FALSE
70,M,NDE,United States,NDE,english,20,2006-01-08T00:00:00.000Z,1963-01-18T00:00:00.000Z,78070,TRUE,TRUE,FALSE,TRUE,TRUE,FALSE,TRUE,FALSE
71,M,NDE,United States,NDE,english,0,2008-01-13T00:00:00.000Z,1963-08-09T00:00:00.000Z,10729,TRUE,FALSE,FALSE,TRUE,TRUE,FALSE,FALSE,FALSE
75,M,NDE,United States,NDE,english,0,NA,1970-06-18T00:00:00.000Z,3137,FALSE,FALSE,FALSE,TRUE,FALSE,FALSE,FALSE,FALSE
77,F,NDE,Australia,NDE,english,1,NA,1997-01-18T00:00:00.000Z,2773,FALSE,FALSE,FALSE,TRUE,TRUE,FALSE,FALSE,FALSE
78,M,NDE,United States,NDE,english,3,NA,1996-02-16T00:00:00.000Z,3008,FALSE,FALSE,FALSE,TRUE,FALSE,FALSE,TRUE,FALSE
79,F,NDE,United States,NDE,english,2,NA,1983-07-18T00:00:00.000Z,8094,TRUE,FALSE,FALSE,TRUE,FALSE,FALSE,FALSE,FALSE
81,M,NDE,United States,NDE,english,3,NA,1978-03-05T00:00:00.000Z,12989,TRUE,FALSE,TRUE,TRUE,FALSE,FALSE,FALSE,FALSE
84,M,Probable NDE,United States,Probable NDE,english,1,NA,1952-07-18T00:00:00.000Z,1220,TRUE,FALSE,FALSE,TRUE,FALSE,FALSE,FALSE,FALSE
85,F,NDE,United States,NDE,english,3,NA,NA,4328,TRUE,FALSE,FALSE,TRUE,FALSE,FALSE,FALSE,FALSE
86,M,NDE,United States,NDE,english,2,NA,1998-08-27T00:00:00.000Z,6262,FALSE,FALSE,TRUE,TRUE,FALSE,FALSE,FALSE,FALSE
87,M,NDE,United States,NDE,english,3,NA,1990-03-03T00:00:00.000Z,2190,FALSE,FALSE,FALSE,TRUE,FALSE,FALSE,FALSE,FALSE
90,M,NDE,United States,NDE,english,3,NA,1994-10-23T00:00:00.000Z,2011,FALSE,FALSE,TRUE,FALSE,FALSE,FALSE,FALSE,FALSE
91,F,NDE,United States,NDE,english,1,NA,1962-10-31T00:00:00.000Z,3328,TRUE,FALSE,FALSE,FALSE,TRUE,FALSE,FALSE,FALSE
92,M,Probable NDE,United States,Probable NDE,english,3,NA,1996-01-01T00:00:00.000Z,2780,TRUE,FALSE,FALSE,TRUE,FALSE,FALSE,FALSE,FALSE
93,M,NDE,United States,NDE,english,3,NA,1997-12-31T00:00:00.000Z,4289,TRUE,FALSE,FALSE,TRUE,FALSE,FALSE,FALSE,FALSE
95,M,NDE,United States,NDE,english,2,NA,1998-02-18T00:00:00.000Z,4029,FALSE,FALSE,FALSE,TRUE,FALSE,FALSE,FALSE,FALSE
101,F,Probable NDE,United States,Probable NDE,english,3,NA,1991-08-18T00:00:00.000Z,6355,FALSE,FALSE,FALSE,TRUE,FALSE,FALSE,FALSE,FALSE
102,F,FDE,United States,FDE,english,3,NA,1989-10-18T00:00:00.000Z,4638,FALSE,FALSE,FALSE,FALSE,FALSE,FALSE,FALSE,FALSE
103,M,NDE,United States,NDE,english,3,NA,1991-01-01T00:00:00.000Z,4005,TRUE,FALSE,FALSE,TRUE,FALSE,FALSE,FALSE,FALSE
104,M,NDE,United States,NDE,english,3,NA,1972-01-01T00:00:00.000Z,2019,FALSE,FALSE,FALSE,TRUE,FALSE,FALSE,FALSE,FALSE
106,M,NDE,United States,NDE,english,2,NA,1981-11-01T00:00:00.000Z,25974,TRUE,FALSE,FALSE,TRUE,FALSE,FALSE,FALSE,FALSE
107,F,NDE,United States,NDE,english,1,NA,1980-08-18T00:00:00.000Z,4900,TRUE,FALSE,FALSE,TRUE,FALSE,FALSE,FALSE,FALSE
109,M,NDE,United States,NDE,english,2,NA,1988-07-18T00:00:00.000Z,7377,FALSE,FALSE,FALSE,TRUE,FALSE,FALSE,FALSE,FALSE
110,M,NDE,United States,NDE,english,2,NA,1999-01-06T00:00:00.000Z,3368,TRUE,FALSE,FALSE,TRUE,FALSE,FALSE,FALSE,FALSE
116,F,NDE,United States,NDE,english,3,NA,1999-05-18T00:00:00.000Z,6183,TRUE,FALSE,FALSE,TRUE,FALSE,FALSE,FALSE,FALSE
118,M,NDE,United States,NDE,english,0,NA,1996-11-26T00:00:00.000Z,2992,FALSE,FALSE,FALSE,TRUE,FALSE,FALSE,FALSE,FALSE
121,M,Possible NDE,United States,Possible NDE,english,2,NA,1993-10-14T00:00:00.000Z,5413,TRUE,FALSE,FALSE,TRUE,FALSE,FALSE,FALSE,FALSE
122,M,NDE,Australia,NDE,english,4,NA,1977-12-18T00:00:00.000Z,18391,TRUE,FALSE,FALSE,TRUE,TRUE,FALSE,FALSE,FALSE
124,F,NDE,United States,NDE,english,1,NA,1997-08-30T00:00:00.000Z,2522,FALSE,FALSE,FALSE,TRUE,FALSE,FALSE,FALSE,FALSE
125,F,Probable NDE,United States,Probable NDE,english,2,NA,1992-01-01T00:00:00.000Z,4852,FALSE,FALSE,FALSE,TRUE,FALSE,FALSE,FALSE,FALSE
126,F,NDE,United States,NDE,english,4,NA,1998-05-02T00:00:00.000Z,7444,TRUE,FALSE,FALSE,TRUE,TRUE,FALSE,TRUE,FALSE
127,M,NDE,United States,NDE,english,2,NA,NA,7071,TRUE,FALSE,TRUE,TRUE,FALSE,FALSE,FALSE,FALSE
130,F,NDE,United States,NDE,english,2,NA,NA,3166,FALSE,FALSE,FALSE,TRUE,FALSE,FALSE,FALSE,FALSE
131,F,NDE,United States,NDE,english,1,NA,1983-01-01T00:00:00.000Z,9952,FALSE,FALSE,FALSE,TRUE,FALSE,FALSE,FALSE,FALSE
133,F,NDE,United States,NDE,english,1,NA,1980-01-18T00:00:00.000Z,5049,TRUE,FALSE,FALSE,TRUE,FALSE,FALSE,FALSE,FALSE
135,M,NDE,Australia,NDE,english,3,NA,1972-01-18T00:00:00.000Z,7287,TRUE,FALSE,FALSE,TRUE,FALSE,FALSE,FALSE,FALSE
138,F,NDE,United States,NDE,english,2,NA,1994-01-01T00:00:00.000Z,6331,TRUE,FALSE,TRUE,TRUE,FALSE,FALSE,FALSE,FALSE
144,M,NDE,United States,NDE,english,1,NA,1985-06-02T00:00:00.000Z,3852,TRUE,FALSE,FALSE,TRUE,FALSE,FALSE,FALSE,FALSE
149,F,NDE,United States,NDE,english,3,NA,1976-10-18T00:00:00.000Z,3247,TRUE,FALSE,FALSE,TRUE,TRUE,FALSE,FALSE,FALSE
150,F,Probable NDE,United States,Probable NDE,english,1,NA,1991-01-18T00:00:00.000Z,9697,TRUE,FALSE,TRUE,TRUE,FALSE,FALSE,FALSE,FALSE
154,F,NDE,Australia,NDE,english,0,NA,1998-10-02T00:00:00.000Z,7069,FALSE,FALSE,TRUE,TRUE,FALSE,FALSE,FALSE,FALSE
157,F,NDE,United States,NDE,english,0,NA,1985-05-18T00:00:00.000Z,3236,TRUE,FALSE,FALSE,TRUE,FALSE,FALSE,FALSE,FALSE
161,M,NDE,Canada,NDE,english,2,NA,1985-09-18T00:00:00.000Z,989,FALSE,FALSE,FALSE,TRUE,FALSE,FALSE,FALSE,TRUE
163,M,Possible NDE,Canada,Possible NDE,english,1,NA,1995-02-18T00:00:00.000Z,3097,FALSE,FALSE,FALSE,TRUE,FALSE,FALSE,FALSE,FALSE
164,M,NDE,United States,NDE,english,1,NA,NA,2317,FALSE,FALSE,FALSE,TRUE,FALSE,FALSE,FALSE,FALSE
165,F,NDE,United States,NDE,english,1,NA,1979-01-01T00:00:00.000Z,3586,FALSE,FALSE,FALSE,TRUE,FALSE,FALSE,FALSE,FALSE
166,F,NDE,United States,NDE,english,3,NA,1981-01-18T00:00:00.000Z,2702,TRUE,FALSE,FALSE,TRUE,FALSE,FALSE,FALSE,FALSE
167,F,NDE,United States,NDE,english,2,NA,1979-08-18T00:00:00.000Z,3940,FALSE,FALSE,FALSE,FALSE,FALSE,FALSE,FALSE,FALSE
168,F,NDE,Canada,NDE,english,2,NA,1999-01-01T00:00:00.000Z,3793,TRUE,FALSE,FALSE,FALSE,TRUE,FALSE,FALSE,FALSE
169,F,NDE,Russia,NDE,english,3,NA,1974-01-01T00:00:00.000Z,18202,FALSE,TRUE,FALSE,TRUE,FALSE,FALSE,FALSE,FALSE
171,M,NDE,United States,NDE,english,3,NA,1957-01-01T00:00:00.000Z,16175,TRUE,FALSE,FALSE,TRUE,FALSE,FALSE,FALSE,FALSE
179,F,NDE,United States,NDE,english,2,NA,NA,2935,TRUE,FALSE,FALSE,TRUE,FALSE,FALSE,FALSE,FALSE
180,M,Probable NDE,Canada,Probable NDE,english,0,NA,1980-10-06T00:00:00.000Z,2766,TRUE,FALSE,FALSE,TRUE,FALSE,FALSE,FALSE,FALSE
182,M,NDE,United States,Shared Death Experience,english,1,NA,1955-06-18T00:00:00.000Z,1834,FALSE,FALSE,FALSE,TRUE,FALSE,FALSE,FALSE,FALSE
183,F,NDE,United States,NDE,english,1,NA,1986-01-18T00:00:00.000Z,7310,FALSE,FALSE,FALSE,FALSE,FALSE,FALSE,FALSE,FALSE
184,M,NDE,United States,NDE,english,2,NA,1981-08-12T00:00:00.000Z,13921,FALSE,FALSE,FALSE,TRUE,FALSE,FALSE,TRUE,FALSE
187,F,NDE,United States,NDE,english,3,NA,1981-09-18T00:00:00.000Z,3758,TRUE,FALSE,FALSE,TRUE,FALSE,FALSE,FALSE,FALSE
188,M,Probable NDE,United States,Probable NDE,english,1,NA,1978-10-18T00:00:00.000Z,9345,FALSE,TRUE,FALSE,TRUE,FALSE,FALSE,FALSE,FALSE
189,F,NDE,United States,NDE,english,3,NA,1974-01-18T00:00:00.000Z,3964,TRUE,FALSE,FALSE,TRUE,FALSE,FALSE,FALSE,FALSE
190,M,Probable NDE,United States,Probable NDE,english,2,NA,1967-01-01T00:00:00.000Z,8844,TRUE,TRUE,FALSE,TRUE,FALSE,FALSE,FALSE,FALSE
193,F,NDE,United States,NDE,english,3,NA,NA,7261,TRUE,FALSE,FALSE,TRUE,FALSE,FALSE,FALSE,FALSE
194,F,NDE,United States,NDE,english,2,NA,1992-01-01T00:00:00.000Z,3546,TRUE,FALSE,FALSE,TRUE,FALSE,FALSE,FALSE,FALSE
196,M,NDE,United States,NDE,english,1,NA,1982-06-12T00:00:00.000Z,2818,TRUE,FALSE,FALSE,FALSE,FALSE,FALSE,FALSE,FALSE
197,M,NDE,United States,NDE,english,1,NA,NA,1639,TRUE,FALSE,FALSE,TRUE,FALSE,FALSE,FALSE,FALSE
198,M,NDE-Like,U,NDE-Like,english,1,NA,NA,2282,TRUE,FALSE,FALSE,TRUE,FALSE,FALSE,FALSE,FALSE
199,F,NDE,United States,NDE,english,1,NA,NA,2632,FALSE,FALSE,FALSE,TRUE,TRUE,FALSE,FALSE,FALSE
200,F,NDE,Australia,NDE,english,2,NA,NA,3504,TRUE,FALSE,FALSE,TRUE,TRUE,FALSE,FALSE,FALSE
202,M,NDE,United States,NDE,english,3,NA,1990-09-18T00:00:00.000Z,8101,FALSE,FALSE,FALSE,TRUE,FALSE,FALSE,FALSE,FALSE
205,F,NDE,Canada,NDE,english,2,NA,1992-01-18T00:00:00.000Z,3587,FALSE,FALSE,FALSE,TRUE,FALSE,FALSE,FALSE,FALSE
207,F,Probable NDE,United States,Probable NDE,english,3,NA,1990-12-29T00:00:00.000Z,2848,TRUE,FALSE,FALSE,TRUE,FALSE,FALSE,FALSE,FALSE
210,M,Probable NDE,England,Probable NDE,english,0,NA,1984-03-05T00:00:00.000Z,4085,TRUE,TRUE,FALSE,TRUE,FALSE,FALSE,FALSE,FALSE
214,M,NDE,United States,NDE,english,1,NA,1991-05-26T00:00:00.000Z,4522,FALSE,FALSE,FALSE,TRUE,FALSE,TRUE,FALSE,FALSE
215,M,NDE,United States,NDE,english,2,NA,1999-01-18T00:00:00.000Z,4076,FALSE,TRUE,FALSE,TRUE,FALSE,TRUE,FALSE,FALSE
216,M,Probable NDE,United States,Probable NDE,english,2,NA,NA,4924,FALSE,FALSE,TRUE,TRUE,FALSE,FALSE,FALSE,FALSE
220,F,NDE,England,NDE,english,2,NA,1997-01-15T00:00:00.000Z,6543,FALSE,FALSE,FALSE,TRUE,FALSE,FALSE,FALSE,FALSE
221,F,NDE,United States,NDE,english,6,2007-09-07T00:00:00.000Z,2000-04-18T00:00:00.000Z,7852,TRUE,FALSE,FALSE,TRUE,FALSE,FALSE,FALSE,FALSE
222,F,NDE,United States,NDE,english,1,NA,1964-01-01T00:00:00.000Z,3961,TRUE,FALSE,FALSE,TRUE,FALSE,FALSE,FALSE,FALSE
223,F,NDE,United States,NDE,english,0,NA,2024-01-14T00:00:00.000Z,6533,TRUE,FALSE,FALSE,TRUE,FALSE,FALSE,FALSE,FALSE
232,M,NDE,United States,NDE,english,2,NA,1958-01-18T00:00:00.000Z,5178,TRUE,FALSE,FALSE,TRUE,FALSE,FALSE,TRUE,FALSE
233,F,NDE,United States,NDE,english,1,NA,1995-03-18T00:00:00.000Z,4007,TRUE,FALSE,FALSE,TRUE,FALSE,FALSE,FALSE,FALSE
234,F,NDE,United States,NDE,english,0,NA,1995-02-13T00:00:00.000Z,5035,FALSE,FALSE,FALSE,TRUE,FALSE,FALSE,FALSE,FALSE
237,F,NDE,United States,NDE,english,2,NA,1979-08-09T00:00:00.000Z,5468,FALSE,FALSE,FALSE,TRUE,FALSE,FALSE,FALSE,FALSE
238,F,NDE,United States,NDE,english,2,NA,NA,32052,FALSE,TRUE,TRUE,TRUE,FALSE,FALSE,TRUE,FALSE
239,F,NDE,Australia,NDE,english,3,NA,1983-03-18T00:00:00.000Z,3274,TRUE,TRUE,FALSE,TRUE,FALSE,FALSE,FALSE,FALSE
241,M,NDE,Canada,NDE,english,2,NA,1991-11-18T00:00:00.000Z,8276,TRUE,TRUE,FALSE,TRUE,FALSE,FALSE,TRUE,FALSE
244,F,Probable NDE,United States,Probable NDE,english,1,NA,1996-02-24T00:00:00.000Z,6675,FALSE,FALSE,FALSE,TRUE,FALSE,FALSE,FALSE,FALSE
245,F,NDE,United States,NDE,english,2,NA,1955-01-01T00:00:00.000Z,6087,TRUE,TRUE,FALSE,TRUE,TRUE,FALSE,FALSE,FALSE
246,M,NDE,United States,NDE,english,19,NA,NA,11740,FALSE,FALSE,FALSE,FALSE,FALSE,FALSE,FALSE,FALSE
247,F,NDE,United States,NDE,english,3,NA,1997-01-28T00:00:00.000Z,6488,TRUE,FALSE,FALSE,TRUE,TRUE,FALSE,FALSE,FALSE
252,F,NDE,United States,NDE,english,2,NA,1988-04-25T00:00:00.000Z,3803,TRUE,FALSE,FALSE,TRUE,FALSE,FALSE,FALSE,FALSE
253,F,NDE,United States,NDE,english,1,NA,1995-01-18T00:00:00.000Z,3363,TRUE,FALSE,FALSE,TRUE,FALSE,FALSE,FALSE,FALSE
254,F,NDE,United States,NDE,english,3,NA,1996-01-18T00:00:00.000Z,2996,TRUE,FALSE,FALSE,TRUE,FALSE,FALSE,FALSE,FALSE
261,M,NDE,United States,NDE,english,2,NA,1990-05-10T00:00:00.000Z,5185,FALSE,FALSE,FALSE,TRUE,FALSE,FALSE,FALSE,FALSE
265,F,NDE,United States,NDE,english,2,NA,1984-06-18T00:00:00.000Z,3476,FALSE,FALSE,FALSE,TRUE,FALSE,FALSE,FALSE,FALSE
266,M,NDE,United States,NDE,english,2,NA,NA,2307,FALSE,FALSE,FALSE,TRUE,FALSE,FALSE,FALSE,FALSE
268,F,NDE,United States,NDE,english,2,NA,1981-08-21T00:00:00.000Z,2251,FALSE,FALSE,TRUE,TRUE,FALSE,FALSE,FALSE,FALSE
269,F,NDE,United States,NDE,english,2,NA,1972-11-18T00:00:00.000Z,6668,TRUE,FALSE,FALSE,TRUE,FALSE,FALSE,FALSE,FALSE
272,F,NDE,United States,NDE,english,2,NA,1999-06-28T00:00:00.000Z,3245,FALSE,FALSE,FALSE,TRUE,FALSE,FALSE,FALSE,FALSE
273,F,NDE,United States,NDE,english,4,NA,1988-01-18T00:00:00.000Z,6028,TRUE,TRUE,FALSE,FALSE,FALSE,FALSE,FALSE,FALSE
274,F,NDE,United States,NDE,english,0,NA,1979-01-18T00:00:00.000Z,1671,TRUE,FALSE,FALSE,TRUE,FALSE,FALSE,FALSE,FALSE
278,F,NDE,United States,NDE,english,2,NA,1992-11-18T00:00:00.000Z,8741,TRUE,FALSE,FALSE,TRUE,FALSE,FALSE,FALSE,FALSE
280,F,NDE,United States,NDE,english,3,NA,1984-01-01T00:00:00.000Z,3158,TRUE,FALSE,FALSE,TRUE,FALSE,FALSE,FALSE,FALSE
281,M,NDE,United States,NDE,english,0,NA,1999-09-12T00:00:00.000Z,4939,FALSE,FALSE,FALSE,TRUE,FALSE,FALSE,FALSE,FALSE
282,M,NDE,United States,NDE,english,3,NA,1995-04-25T00:00:00.000Z,3036,TRUE,FALSE,FALSE,TRUE,FALSE,FALSE,FALSE,FALSE
287,M,NDE,United States,NDE,english,19,2012-11-02T00:00:00.000Z,1971-01-01T00:00:00.000Z,25744,FALSE,FALSE,FALSE,TRUE,FALSE,TRUE,FALSE,FALSE
289,M,NDE,United States,NDE,english,4,NA,1979-01-01T00:00:00.000Z,2891,TRUE,FALSE,FALSE,TRUE,FALSE,FALSE,FALSE,FALSE
290,F,NDE,United States,NDE,english,1,NA,2000-02-18T00:00:00.000Z,8691,FALSE,FALSE,FALSE,TRUE,FALSE,FALSE,TRUE,FALSE
298,F,NDE,United States,NDE,english,2,NA,1997-06-18T00:00:00.000Z,8952,TRUE,TRUE,FALSE,TRUE,FALSE,FALSE,FALSE,FALSE
300,F,NDE,United States,NDE,english,0,NA,1975-01-18T00:00:00.000Z,1755,TRUE,FALSE,FALSE,TRUE,FALSE,FALSE,FALSE,FALSE
302,M,Probable NDE,United States,Probable NDE,english,3,NA,1995-12-13T00:00:00.000Z,7101,TRUE,FALSE,FALSE,TRUE,FALSE,FALSE,FALSE,FALSE
304,M,NDE,Mexico,NDE,english,3,NA,1968-01-01T00:00:00.000Z,3628,FALSE,FALSE,FALSE,TRUE,FALSE,FALSE,FALSE,FALSE
307,F,NDE,United States,NDE,english,3,NA,1965-01-01T00:00:00.000Z,14706,TRUE,TRUE,FALSE,TRUE,FALSE,FALSE,FALSE,FALSE
308,F,NDE,United States,NDE,english,4,NA,1958-01-18T00:00:00.000Z,3569,FALSE,FALSE,FALSE,TRUE,FALSE,FALSE,FALSE,FALSE
311,F,NDE,United States,NDE,english,0,NA,1990-06-18T00:00:00.000Z,3428,FALSE,FALSE,FALSE,TRUE,FALSE,FALSE,FALSE,FALSE
313,M,NDE,United States,NDE,english,2,NA,1981-10-28T00:00:00.000Z,2324,TRUE,FALSE,FALSE,TRUE,FALSE,FALSE,FALSE,FALSE
314,F,NDE,United States,NDE,english,3,NA,NA,14103,FALSE,TRUE,TRUE,TRUE,FALSE,FALSE,FALSE,FALSE
315,M,NDE,United States,NDE,english,3,NA,1996-01-01T00:00:00.000Z,5161,TRUE,FALSE,FALSE,TRUE,FALSE,FALSE,FALSE,FALSE
321,F,NDE,United States,NDE,english,3,NA,NA,27580,TRUE,TRUE,FALSE,TRUE,TRUE,FALSE,FALSE,FALSE
326,M,NDE,United States,NDE,english,2,NA,1959-01-18T00:00:00.000Z,3499,FALSE,FALSE,FALSE,TRUE,FALSE,FALSE,FALSE,FALSE
328,F,NDE,United States,NDE,english,1,NA,1964-03-25T00:00:00.000Z,2970,FALSE,FALSE,FALSE,TRUE,FALSE,FALSE,FALSE,FALSE
329,M,NDE,United States,NDE,english,0,NA,1984-06-18T00:00:00.000Z,4560,TRUE,FALSE,FALSE,TRUE,TRUE,FALSE,FALSE,FALSE
331,F,NDE,United States,NDE,english,1,NA,NA,5578,TRUE,FALSE,FALSE,TRUE,FALSE,FALSE,FALSE,FALSE
337,F,NDE,United States,NDE,english,1,NA,1979-05-18T00:00:00.000Z,2265,TRUE,FALSE,FALSE,TRUE,FALSE,FALSE,FALSE,FALSE
338,F,NDE,United States,NDE,english,1,NA,2000-10-07T00:00:00.000Z,6101,TRUE,FALSE,FALSE,TRUE,FALSE,FALSE,FALSE,FALSE
340,M,NDE,United States,NDE,english,2,NA,NA,5522,FALSE,FALSE,FALSE,TRUE,FALSE,FALSE,FALSE,FALSE
342,F,NDE,United States,NDE,english,3,NA,1995-06-30T00:00:00.000Z,3516,FALSE,FALSE,FALSE,TRUE,FALSE,FALSE,FALSE,FALSE
348,M,NDE,United States,NDE,english,1,NA,NA,9173,TRUE,FALSE,FALSE,TRUE,FALSE,FALSE,FALSE,FALSE
349,F,Probable NDE,United States,Probable NDE,english,1,NA,1974-10-18T00:00:00.000Z,3551,TRUE,FALSE,FALSE,TRUE,FALSE,FALSE,FALSE,FALSE
351,M,NDE,United States,NDE,english,1,NA,1996-05-16T00:00:00.000Z,7208,TRUE,FALSE,FALSE,TRUE,TRUE,FALSE,FALSE,FALSE
360,F,Probable NDE,United States,Probable NDE,english,3,NA,1997-06-18T00:00:00.000Z,1899,FALSE,FALSE,FALSE,TRUE,FALSE,FALSE,FALSE,FALSE
363,F,NDE,United States,NDE,english,2,NA,1997-07-23T00:00:00.000Z,2429,FALSE,FALSE,FALSE,TRUE,FALSE,TRUE,FALSE,FALSE
364,F,NDE,United States,NDE,english,3,NA,1977-02-16T00:00:00.000Z,2759,TRUE,FALSE,FALSE,TRUE,FALSE,FALSE,FALSE,FALSE
365,M,NDE,Vietnam,NDE,english,1,NA,NA,2358,FALSE,FALSE,FALSE,TRUE,FALSE,FALSE,FALSE,FALSE
366,F,Probable NDE,United States,Probable NDE,english,2,NA,NA,3012,TRUE,FALSE,FALSE,TRUE,FALSE,FALSE,FALSE,FALSE
367,M,Probable NDE,United States,Probable NDE,english,2,NA,1960-01-01T00:00:00.000Z,12251,TRUE,FALSE,FALSE,TRUE,FALSE,FALSE,FALSE,FALSE
372,F,NDE,United States,NDE,english,3,NA,NA,14103,FALSE,TRUE,TRUE,TRUE,FALSE,FALSE,FALSE,FALSE
373,M,Probable NDE,Canada,Probable NDE,english,1,NA,1990-01-15T00:00:00.000Z,3153,TRUE,FALSE,FALSE,TRUE,TRUE,FALSE,FALSE,FALSE
374,M,NDE,United States,NDE,english,19,NA,NA,11740,FALSE,FALSE,FALSE,FALSE,FALSE,FALSE,FALSE,FALSE
375,F,NDE,United States,NDE,english,2,NA,1977-01-18T00:00:00.000Z,10399,TRUE,FALSE,FALSE,TRUE,FALSE,FALSE,FALSE,FALSE
377,F,Probable NDE,United States,Probable NDE,english,3,NA,1975-12-19T00:00:00.000Z,3587,TRUE,TRUE,FALSE,TRUE,TRUE,FALSE,FALSE,FALSE
378,F,NDE,United States,NDE,english,14,2007-11-28T00:00:00.000Z,1979-11-07T00:00:00.000Z,6506,TRUE,FALSE,FALSE,TRUE,FALSE,FALSE,FALSE,FALSE
379,F,NDE,United States,NDE,english,2,NA,1974-01-18T00:00:00.000Z,3369,FALSE,FALSE,FALSE,TRUE,FALSE,FALSE,FALSE,FALSE
384,M,NDE,United States,NDE,english,2,NA,1982-06-12T00:00:00.000Z,4035,TRUE,FALSE,FALSE,TRUE,TRUE,FALSE,FALSE,FALSE
385,M,NDE,United States,NDE,english,0,NA,1987-06-18T00:00:00.000Z,2750,FALSE,FALSE,FALSE,TRUE,FALSE,FALSE,FALSE,FALSE
386,F,NDE,United States,NDE,english,0,NA,1949-06-18T00:00:00.000Z,9217,FALSE,TRUE,FALSE,TRUE,FALSE,FALSE,FALSE,FALSE
389,F,NDE,Canada,NDE,english,1,NA,1974-09-06T00:00:00.000Z,9248,TRUE,FALSE,FALSE,TRUE,FALSE,FALSE,FALSE,FALSE
390,M,NDE,United States,NDE,english,3,NA,1988-01-01T00:00:00.000Z,9109,TRUE,TRUE,FALSE,TRUE,FALSE,FALSE,FALSE,FALSE
397,M,NDE,United States,NDE,english,1,NA,1976-01-01T00:00:00.000Z,9866,TRUE,FALSE,FALSE,TRUE,FALSE,FALSE,FALSE,FALSE
400,M,NDE,Canada,NDE,english,3,NA,1961-01-01T00:00:00.000Z,2132,TRUE,FALSE,FALSE,TRUE,FALSE,FALSE,TRUE,FALSE
404,F,NDE,Australia,NDE,english,2,NA,1989-07-18T00:00:00.000Z,7404,FALSE,TRUE,FALSE,TRUE,FALSE,FALSE,TRUE,FALSE
406,M,NDE,United States,NDE,english,2,NA,1990-07-18T00:00:00.000Z,13617,TRUE,FALSE,FALSE,TRUE,TRUE,FALSE,FALSE,FALSE
407,M,NDE,United States,NDE,english,2,NA,1985-01-01T00:00:00.000Z,3095,FALSE,FALSE,FALSE,TRUE,FALSE,FALSE,TRUE,FALSE
408,M,NDE,United States,NDE,english,3,NA,1978-06-18T00:00:00.000Z,39492,TRUE,TRUE,FALSE,TRUE,TRUE,FALSE,TRUE,TRUE
413,F,NDE,United States,NDE,english,1,NA,NA,1811,TRUE,FALSE,FALSE,FALSE,FALSE,FALSE,FALSE,FALSE
416,M,NDE,Australia,NDE,english,NA,NA,NA,7901,TRUE,FALSE,FALSE,TRUE,FALSE,FALSE,FALSE,FALSE
418,F,NDE,United States,NDE,english,4,NA,1971-10-24T00:00:00.000Z,2742,TRUE,FALSE,FALSE,TRUE,FALSE,FALSE,FALSE,FALSE
424,F,Probable NDE,United States,Probable NDE,english,2,NA,1973-09-18T00:00:00.000Z,5547,TRUE,FALSE,TRUE,TRUE,FALSE,FALSE,FALSE,FALSE
426,F,NDE,Bridgeport,NDE,english,3,NA,1995-01-01T00:00:00.000Z,4431,TRUE,FALSE,TRUE,TRUE,FALSE,FALSE,FALSE,FALSE
427,M,NDE,United States,NDE,english,3,NA,2001-05-01T00:00:00.000Z,2084,FALSE,FALSE,FALSE,TRUE,FALSE,FALSE,FALSE,FALSE
428,M,NDE,United States,NDE,english,3,NA,1999-11-20T00:00:00.000Z,17267,TRUE,FALSE,FALSE,TRUE,FALSE,FALSE,FALSE,FALSE
430,F,NDE,Ohio,NDE,english,3,NA,NA,4127,FALSE,FALSE,FALSE,TRUE,FALSE,FALSE,FALSE,FALSE
432,F,NDE,United States,NDE,english,2,NA,NA,32052,FALSE,TRUE,TRUE,TRUE,FALSE,FALSE,TRUE,FALSE
434,F,Probable NDE,United States,Probable NDE,english,1,NA,1971-01-01T00:00:00.000Z,3570,FALSE,FALSE,FALSE,FALSE,FALSE,FALSE,FALSE,FALSE
438,F,NDE,United States,NDE,english,1,NA,NA,3661,TRUE,FALSE,FALSE,TRUE,FALSE,FALSE,FALSE,FALSE
439,F,Possible NDE,United States,Possible NDE,english,4,NA,NA,14799,TRUE,FALSE,TRUE,FALSE,FALSE,FALSE,FALSE,FALSE
445,F,NDE,United States,NDE,english,1,NA,1993-12-18T00:00:00.000Z,7003,TRUE,FALSE,FALSE,TRUE,FALSE,FALSE,FALSE,FALSE
448,M,NDE,United States,NDE,english,2,NA,1974-08-18T00:00:00.000Z,6110,FALSE,TRUE,FALSE,TRUE,FALSE,FALSE,FALSE,FALSE
449,F,NDE,United States,NDE,english,1,NA,1983-02-20T00:00:00.000Z,2674,FALSE,FALSE,FALSE,TRUE,FALSE,FALSE,FALSE,FALSE
452,M,NDE,U,NDE,english,1,NA,2001-09-14T00:00:00.000Z,4840,FALSE,FALSE,FALSE,FALSE,FALSE,FALSE,FALSE,FALSE
454,F,NDE,United States,NDE,english,1,NA,1968-01-01T00:00:00.000Z,5563,TRUE,FALSE,TRUE,TRUE,FALSE,TRUE,FALSE,FALSE
455,F,Possible NDE,United States,Possible NDE,english,1,NA,1996-01-18T00:00:00.000Z,5182,FALSE,FALSE,FALSE,FALSE,FALSE,FALSE,FALSE,FALSE
456,F,NDE,United States,NDE,english,3,NA,NA,14103,FALSE,TRUE,TRUE,TRUE,FALSE,FALSE,FALSE,FALSE
459,F,NDE,United States,NDE,english,1,NA,1992-03-18T00:00:00.000Z,4515,TRUE,FALSE,FALSE,FALSE,FALSE,FALSE,FALSE,FALSE
463,F,Probable NDE,United States,Probable NDE,english,1,NA,NA,3561,TRUE,FALSE,FALSE,TRUE,TRUE,FALSE,FALSE,FALSE
467,F,NDE,United States,NDE,english,2,NA,1990-03-26T00:00:00.000Z,3606,TRUE,FALSE,FALSE,TRUE,FALSE,FALSE,FALSE,FALSE
472,F,NDE,United States,NDE,english,1,NA,1964-01-18T00:00:00.000Z,8344,TRUE,FALSE,FALSE,TRUE,TRUE,FALSE,FALSE,FALSE
477,F,NDE,United States,NDE,english,1,NA,2001-11-18T00:00:00.000Z,5725,TRUE,TRUE,TRUE,TRUE,FALSE,FALSE,FALSE,FALSE
480,F,NDE,Iowa,NDE,english,0,NA,NA,11309,TRUE,FALSE,FALSE,TRUE,TRUE,FALSE,FALSE,FALSE
483,F,NDE,United States,NDE,english,3,NA,2001-04-23T00:00:00.000Z,3528,FALSE,TRUE,FALSE,FALSE,FALSE,FALSE,TRUE,FALSE
484,F,NDE,United States,NDE,english,2,2004-01-01T00:00:00.000Z,1998-11-14T00:00:00.000Z,5282,TRUE,FALSE,FALSE,TRUE,FALSE,FALSE,FALSE,FALSE
487,F,NDE,Denmark,NDE,english,1,NA,1973-02-18T00:00:00.000Z,4739,TRUE,FALSE,TRUE,TRUE,FALSE,FALSE,FALSE,FALSE
488,M,NDE,United States,NDE,english,3,NA,NA,24108,TRUE,TRUE,TRUE,TRUE,FALSE,FALSE,FALSE,FALSE
489,F,NDE,United States,NDE,english,2,NA,1973-08-18T00:00:00.000Z,8931,FALSE,FALSE,FALSE,TRUE,FALSE,FALSE,FALSE,FALSE
490,M,NDE,United States,NDE,english,3,NA,1978-12-18T00:00:00.000Z,5647,TRUE,FALSE,FALSE,TRUE,TRUE,FALSE,FALSE,FALSE
491,F,NDE,United States,NDE,english,19,2009-08-22T00:00:00.000Z,1997-02-18T00:00:00.000Z,15482,TRUE,FALSE,FALSE,TRUE,TRUE,FALSE,FALSE,FALSE
494,F,NDE,United States,NDE,english,3,NA,1985-01-18T00:00:00.000Z,7354,TRUE,TRUE,FALSE,TRUE,TRUE,FALSE,FALSE,FALSE
502,M,NDE,United States,NDE,english,1,NA,1980-04-18T00:00:00.000Z,2868,TRUE,FALSE,FALSE,TRUE,TRUE,FALSE,FALSE,FALSE
505,M,NDE,Germany,NDE,english,1,NA,2001-10-12T00:00:00.000Z,3539,FALSE,FALSE,FALSE,TRUE,FALSE,FALSE,FALSE,FALSE
506,M,NDE,United States,NDE,english,2,NA,1987-12-22T00:00:00.000Z,6770,FALSE,TRUE,FALSE,TRUE,FALSE,FALSE,FALSE,FALSE
507,F,NDE,United States,NDE,english,4,NA,1982-01-02T00:00:00.000Z,6780,TRUE,FALSE,FALSE,TRUE,FALSE,TRUE,FALSE,FALSE
514,F,NDE,United States,NDE,english,1,NA,1981-05-18T00:00:00.000Z,3679,TRUE,FALSE,FALSE,TRUE,FALSE,FALSE,FALSE,FALSE
518,F,NDE,Italy,NDE,english,2,NA,1987-07-15T00:00:00.000Z,2367,FALSE,FALSE,FALSE,TRUE,FALSE,FALSE,FALSE,FALSE
520,M,Possible NDE,Canada,Possible NDE,english,4,NA,1991-10-18T00:00:00.000Z,8954,TRUE,TRUE,FALSE,TRUE,FALSE,FALSE,FALSE,FALSE
521,F,NDE,Mexico,NDE,english,2,NA,1973-01-18T00:00:00.000Z,13677,TRUE,FALSE,FALSE,TRUE,FALSE,FALSE,FALSE,FALSE
525,F,NDE,United States,NDE,english,1,NA,1962-01-18T00:00:00.000Z,2513,FALSE,TRUE,FALSE,TRUE,FALSE,FALSE,FALSE,FALSE
526,F,NDE,England,NDE,english,3,NA,1969-01-18T00:00:00.000Z,9789,FALSE,FALSE,FALSE,TRUE,FALSE,FALSE,FALSE,FALSE
527,F,NDE,Australia,NDE,english,2,NA,1989-01-06T00:00:00.000Z,1714,TRUE,FALSE,FALSE,TRUE,FALSE,FALSE,FALSE,FALSE
531,M,NDE,United States,NDE,english,0,NA,NA,839,FALSE,FALSE,FALSE,TRUE,FALSE,FALSE,FALSE,FALSE
533,F,NDE,United States,NDE,english,4,NA,1998-01-01T00:00:00.000Z,15581,TRUE,FALSE,TRUE,TRUE,FALSE,FALSE,FALSE,FALSE
537,M,NDE,Oregon,NDE,english,2,NA,2001-02-05T00:00:00.000Z,1932,FALSE,FALSE,FALSE,TRUE,FALSE,FALSE,FALSE,FALSE
538,F,NDE,United States,NDE,english,4,NA,1978-01-01T00:00:00.000Z,2856,TRUE,FALSE,FALSE,TRUE,FALSE,TRUE,FALSE,FALSE
539,F,NDE,Australia,NDE,english,3,NA,1989-08-18T00:00:00.000Z,3759,FALSE,FALSE,FALSE,TRUE,FALSE,FALSE,FALSE,FALSE
543,F,NDE,Australia,NDE,english,4,NA,1988-01-18T00:00:00.000Z,7425,TRUE,FALSE,FALSE,TRUE,FALSE,TRUE,FALSE,FALSE
549,M,NDE,United States,NDE,english,4,NA,NA,1546,TRUE,FALSE,FALSE,TRUE,FALSE,FALSE,FALSE,FALSE
552,M,NDE,United States,NDE,english,4,NA,1984-01-18T00:00:00.000Z,9431,TRUE,FALSE,FALSE,TRUE,FALSE,FALSE,FALSE,FALSE
553,F,NDE,United States,NA,english,2,NA,1976-11-30T00:00:00.000Z,6636,TRUE,FALSE,FALSE,TRUE,FALSE,FALSE,FALSE,FALSE
554,F,NDE,United States,NDE,english,2,NA,1992-05-25T00:00:00.000Z,6726,TRUE,FALSE,FALSE,TRUE,FALSE,FALSE,FALSE,FALSE
555,F,NDE,United Kingdom,NDE,english,1,NA,1974-01-01T00:00:00.000Z,5425,FALSE,FALSE,FALSE,TRUE,FALSE,FALSE,FALSE,FALSE
557,F,NDE,England,NDE,english,3,NA,NA,4567,FALSE,FALSE,FALSE,FALSE,FALSE,FALSE,FALSE,FALSE
559,M,NDE,Cyprus,NDE,english,1,2002-05-25T00:00:00.000Z,1974-11-28T00:00:00.000Z,4160,TRUE,FALSE,FALSE,TRUE,FALSE,FALSE,FALSE,FALSE
561,M,NDE,Geneva,NDE,english,0,2002-06-04T00:00:00.000Z,2002-02-26T00:00:00.000Z,1964,TRUE,FALSE,FALSE,TRUE,FALSE,FALSE,FALSE,FALSE
563,F,NDE,United States,NDE,english,2,2002-06-04T00:00:00.000Z,NA,9407,TRUE,FALSE,FALSE,TRUE,TRUE,FALSE,TRUE,FALSE
564,F,NDE,hospital,NDE,english,3,2002-06-08T00:00:00.000Z,1973-05-09T00:00:00.000Z,1423,TRUE,FALSE,FALSE,TRUE,TRUE,FALSE,FALSE,FALSE
567,M,NDE,United States,NDE,english,3,2002-06-08T00:00:00.000Z,1984-01-18T00:00:00.000Z,6515,FALSE,FALSE,FALSE,TRUE,FALSE,FALSE,FALSE,FALSE
568,F,NDE-Like,United States,NDE-Like,english,1,NA,1990-06-19T00:00:00.000Z,5463,TRUE,FALSE,FALSE,TRUE,FALSE,FALSE,FALSE,FALSE
570,M,NDE,United States,NDE,english,3,2002-04-16T00:00:00.000Z,1977-01-01T00:00:00.000Z,7596,TRUE,FALSE,FALSE,FALSE,TRUE,FALSE,FALSE,FALSE
571,F,NDE,United States,NDE,english,2,NA,1992-01-18T00:00:00.000Z,3017,FALSE,FALSE,FALSE,TRUE,FALSE,FALSE,FALSE,FALSE
572,F,NDE,United States,NDE,english,4,NA,2000-01-01T00:00:00.000Z,11335,FALSE,FALSE,FALSE,TRUE,FALSE,FALSE,FALSE,FALSE
573,M,NDE,United Kingdom,NDE,english,2,NA,1979-01-18T00:00:00.000Z,3202,TRUE,FALSE,FALSE,TRUE,FALSE,FALSE,FALSE,FALSE
574,M,NDE,United States,NDE,english,1,NA,1995-11-12T00:00:00.000Z,2630,TRUE,FALSE,FALSE,TRUE,FALSE,FALSE,FALSE,FALSE
575,F,NDE,Australia,NDE,english,2,NA,1977-01-18T00:00:00.000Z,4072,FALSE,FALSE,FALSE,FALSE,FALSE,FALSE,FALSE,FALSE
576,M,NDE,Macau,NDE,english,1,NA,1997-01-18T00:00:00.000Z,1348,TRUE,FALSE,FALSE,FALSE,FALSE,FALSE,FALSE,FALSE
579,M,NDE,NA,NDE,english,0,NA,NA,1149,FALSE,FALSE,FALSE,TRUE,FALSE,FALSE,FALSE,FALSE
580,M,NDE,Costa Rica,NDE,english,1,NA,2001-01-01T00:00:00.000Z,4889,TRUE,FALSE,FALSE,TRUE,FALSE,FALSE,FALSE,FALSE
581,F,NDE,United States,NDE,english,2,NA,1986-02-04T00:00:00.000Z,5882,FALSE,TRUE,FALSE,TRUE,FALSE,FALSE,FALSE,FALSE
582,F,NDE,United Kingdom,NDE,english,1,NA,1990-08-02T00:00:00.000Z,2341,TRUE,FALSE,FALSE,FALSE,FALSE,FALSE,FALSE,FALSE
584,F,NDE,United States,NDE,english,3,NA,2001-05-18T00:00:00.000Z,1681,FALSE,FALSE,FALSE,TRUE,FALSE,FALSE,FALSE,FALSE
586,M,NDE,United States,NDE,english,4,NA,NA,11645,FALSE,TRUE,FALSE,TRUE,FALSE,FALSE,FALSE,FALSE
587,F,NDE,United States,NDE,english,2,2002-07-23T00:00:00.000Z,1997-02-13T00:00:00.000Z,29663,FALSE,TRUE,FALSE,TRUE,FALSE,FALSE,FALSE,FALSE
589,M,NDE,Germany,NDE,english,4,NA,1953-01-01T00:00:00.000Z,42270,TRUE,FALSE,FALSE,TRUE,FALSE,FALSE,FALSE,TRUE
592,F,NDE,Canada,NDE,english,1,2002-07-29T00:00:00.000Z,1989-01-18T00:00:00.000Z,7909,TRUE,FALSE,FALSE,TRUE,FALSE,FALSE,FALSE,FALSE
595,F,NDE,United States,NDE,english,2,2002-07-29T00:00:00.000Z,2001-01-01T00:00:00.000Z,11621,FALSE,TRUE,TRUE,TRUE,TRUE,FALSE,FALSE,FALSE
596,M,NDE,United States,NDE,english,3,2002-08-04T00:00:00.000Z,2002-06-23T00:00:00.000Z,4280,FALSE,FALSE,FALSE,TRUE,FALSE,FALSE,FALSE,FALSE
597,F,NDE,United States,NDE,english,2,NA,1986-11-21T00:00:00.000Z,19254,FALSE,FALSE,FALSE,TRUE,TRUE,FALSE,FALSE,FALSE
599,M,NDE,Australia,NDE,english,1,NA,1987-01-01T00:00:00.000Z,5361,TRUE,FALSE,TRUE,TRUE,FALSE,FALSE,FALSE,FALSE
601,F,NDE,New Zealand,NDE,english,2,NA,1981-01-18T00:00:00.000Z,4417,TRUE,FALSE,FALSE,TRUE,FALSE,FALSE,FALSE,FALSE
602,F,NDE,United States,NDE,english,2,2002-08-06T00:00:00.000Z,2000-12-07T00:00:00.000Z,1752,FALSE,FALSE,FALSE,TRUE,FALSE,FALSE,FALSE,FALSE
606,F,NDE,American Samoa,NDE,english,3,2002-08-24T00:00:00.000Z,1974-01-18T00:00:00.000Z,3929,TRUE,TRUE,FALSE,TRUE,FALSE,FALSE,FALSE,FALSE
608,M,NDE,United States,NDE,english,2,NA,2000-01-06T00:00:00.000Z,3220,FALSE,FALSE,FALSE,TRUE,FALSE,FALSE,FALSE,FALSE
610,F,NDE,United States,NDE,english,2,NA,1995-09-05T00:00:00.000Z,4531,FALSE,FALSE,FALSE,TRUE,FALSE,FALSE,FALSE,FALSE
611,F,NDE,United States,NDE,english,3,NA,2000-09-11T00:00:00.000Z,1637,FALSE,FALSE,FALSE,FALSE,FALSE,FALSE,TRUE,FALSE
613,F,NDE,United States,NDE,english,1,NA,1970-01-01T00:00:00.000Z,3049,FALSE,FALSE,FALSE,TRUE,FALSE,FALSE,FALSE,FALSE
615,M,NDE,United States,NDE,english,0,NA,1998-10-11T00:00:00.000Z,8320,FALSE,FALSE,TRUE,TRUE,FALSE,FALSE,FALSE,FALSE
616,F,NDE,Sweden,NDE,english,1,2002-10-03T00:00:00.000Z,1996-01-18T00:00:00.000Z,5921,TRUE,FALSE,FALSE,TRUE,FALSE,FALSE,FALSE,FALSE
619,M,NDE,United States,NDE,english,4,2002-10-13T00:00:00.000Z,NA,17507,TRUE,FALSE,FALSE,TRUE,FALSE,FALSE,FALSE,FALSE
620,F,NDE,United States,NDE,english,2,2002-10-13T00:00:00.000Z,2001-06-16T00:00:00.000Z,6052,TRUE,FALSE,FALSE,TRUE,FALSE,FALSE,FALSE,FALSE
622,F,NDE,United States,NDE,english,3,NA,1971-08-01T00:00:00.000Z,15194,TRUE,TRUE,FALSE,FALSE,TRUE,FALSE,FALSE,FALSE
625,F,NDE,United States,NDE,english,2,NA,1997-01-01T00:00:00.000Z,3167,TRUE,FALSE,FALSE,FALSE,FALSE,FALSE,FALSE,FALSE
626,M,NDE,United States,NDE,english,3,2002-10-21T00:00:00.000Z,1985-09-05T00:00:00.000Z,8205,FALSE,FALSE,FALSE,TRUE,FALSE,FALSE,FALSE,FALSE
628,M,NDE,United States,NDE,english,2,NA,2002-10-05T00:00:00.000Z,7164,TRUE,FALSE,FALSE,TRUE,FALSE,FALSE,FALSE,FALSE
629,F,NDE,Australia,NDE,english,2,2002-10-29T00:00:00.000Z,1956-11-18T00:00:00.000Z,2582,TRUE,FALSE,FALSE,TRUE,TRUE,FALSE,FALSE,FALSE
630,F,NDE,Australia,NDE,english,0,NA,1997-03-18T00:00:00.000Z,3962,TRUE,FALSE,FALSE,TRUE,FALSE,FALSE,FALSE,FALSE
632,M,NDE,United States,NDE,english,3,NA,1965-01-18T00:00:00.000Z,2677,FALSE,FALSE,FALSE,TRUE,FALSE,FALSE,FALSE,FALSE
635,F,NDE,United States,NDE,english,2,NA,1974-02-18T00:00:00.000Z,7248,TRUE,FALSE,FALSE,TRUE,TRUE,FALSE,FALSE,FALSE
638,F,NDE,United States,NDE,english,2,NA,1994-09-20T00:00:00.000Z,26156,FALSE,TRUE,FALSE,TRUE,FALSE,FALSE,TRUE,FALSE
639,F,NDE,United States,NDE,english,1,NA,1972-08-18T00:00:00.000Z,2647,FALSE,FALSE,FALSE,FALSE,FALSE,FALSE,FALSE,FALSE
643,F,NDE,Taiwan,NDE,english,1,NA,NA,1996,FALSE,FALSE,FALSE,TRUE,FALSE,FALSE,FALSE,FALSE
645,M,NDE,Ghana,NDE,english,4,NA,1980-01-01T00:00:00.000Z,10949,TRUE,TRUE,FALSE,TRUE,TRUE,TRUE,TRUE,FALSE
648,F,NDE,United States,NDE,english,2,2002-12-07T00:00:00.000Z,2002-11-08T00:00:00.000Z,2273,TRUE,FALSE,FALSE,TRUE,TRUE,FALSE,FALSE,FALSE
653,M,NDE,United States,NDE,english,0,NA,1977-12-27T00:00:00.000Z,1680,TRUE,FALSE,FALSE,TRUE,FALSE,FALSE,FALSE,FALSE
656,M,NDE,Canada,NDE,english,3,NA,2002-02-03T00:00:00.000Z,6026,TRUE,TRUE,FALSE,TRUE,FALSE,FALSE,FALSE,FALSE
661,M,NDE,Sweden,NDE,english,3,NA,2002-07-14T00:00:00.000Z,10128,TRUE,FALSE,TRUE,TRUE,FALSE,FALSE,FALSE,FALSE
663,F,NDE,Australia,NDE,english,2,NA,1997-03-18T00:00:00.000Z,4127,TRUE,FALSE,FALSE,TRUE,TRUE,FALSE,FALSE,FALSE
664,M,NDE,France,NDE,english,1,NA,1975-01-01T00:00:00.000Z,3290,FALSE,TRUE,FALSE,TRUE,FALSE,FALSE,FALSE,FALSE
665,M,NDE,United States,NDE,english,2,NA,1967-01-01T00:00:00.000Z,3812,TRUE,FALSE,FALSE,TRUE,FALSE,FALSE,FALSE,FALSE
666,M,NDE,United States,NDE,english,0,NA,1968-01-18T00:00:00.000Z,4226,FALSE,FALSE,TRUE,TRUE,FALSE,FALSE,FALSE,FALSE
676,F,NDE,France,NDE,fr,2,NA,1989-01-18T00:00:00.000Z,4528,FALSE,FALSE,FALSE,TRUE,FALSE,FALSE,FALSE,FALSE
677,M,NDE,England,NDE,english,2,NA,1987-09-12T00:00:00.000Z,9545,TRUE,TRUE,FALSE,TRUE,FALSE,FALSE,FALSE,FALSE
678,F,NDE,United States,NDE,english,3,NA,1981-01-18T00:00:00.000Z,32288,TRUE,TRUE,FALSE,TRUE,FALSE,TRUE,FALSE,FALSE
679,F,NDE,United States,NDE,english,2,NA,1967-04-18T00:00:00.000Z,6882,TRUE,FALSE,FALSE,TRUE,FALSE,FALSE,FALSE,FALSE
680,F,NDE,Israel,NDE,english,4,NA,1988-01-18T00:00:00.000Z,6633,FALSE,FALSE,FALSE,TRUE,FALSE,FALSE,FALSE,FALSE
681,M,NDE,United States,NDE,english,3,NA,NA,3481,TRUE,FALSE,FALSE,TRUE,FALSE,FALSE,FALSE,FALSE
685,M,NDE,United States,NDE,english,2,NA,1983-01-01T00:00:00.000Z,3062,FALSE,TRUE,FALSE,FALSE,FALSE,FALSE,FALSE,FALSE
686,F,NDE,United States,NDE,english,2,NA,2002-01-01T00:00:00.000Z,2894,FALSE,FALSE,FALSE,TRUE,FALSE,FALSE,FALSE,FALSE
687,F,NDE,United States,NDE,english,1,NA,1988-01-01T00:00:00.000Z,4443,FALSE,FALSE,FALSE,TRUE,FALSE,FALSE,FALSE,FALSE
688,M,NDE,Canada,NDE,english,1,NA,1974-01-18T00:00:00.000Z,2661,FALSE,FALSE,FALSE,TRUE,FALSE,FALSE,FALSE,FALSE
689,F,NDE,United States,NDE,english,3,NA,1986-01-01T00:00:00.000Z,6281,TRUE,FALSE,FALSE,TRUE,FALSE,FALSE,FALSE,FALSE
690,F,NDE,United States,NDE,english,4,NA,1989-11-27T00:00:00.000Z,10434,TRUE,FALSE,FALSE,TRUE,FALSE,FALSE,FALSE,FALSE
691,M,NDE,United Kingdom,NDE,english,3,NA,1977-08-16T00:00:00.000Z,5082,FALSE,TRUE,FALSE,TRUE,FALSE,FALSE,FALSE,FALSE
693,M,NDE,United States,NDE,english,2,NA,1955-01-01T00:00:00.000Z,5343,TRUE,FALSE,FALSE,TRUE,FALSE,TRUE,TRUE,FALSE
696,M,NDE,Britain,NDE,english,3,NA,NA,0,FALSE,FALSE,TRUE,TRUE,FALSE,FALSE,FALSE,FALSE
697,F,NDE,United States,NDE,english,0,NA,1967-10-18T00:00:00.000Z,2333,TRUE,FALSE,FALSE,TRUE,FALSE,FALSE,FALSE,FALSE
698,M,NDE,United States,NDE,english,2,NA,1977-04-18T00:00:00.000Z,4916,TRUE,FALSE,FALSE,TRUE,FALSE,FALSE,FALSE,FALSE
702,M,NDE,United States,NDE,english,3,NA,1966-10-18T00:00:00.000Z,9671,TRUE,FALSE,FALSE,TRUE,FALSE,FALSE,FALSE,FALSE
703,F,NDE,United States,NDE,english,1,NA,1995-01-01T00:00:00.000Z,5362,TRUE,FALSE,FALSE,TRUE,FALSE,FALSE,FALSE,FALSE
705,F,FDE,United States,FDE,english,1,NA,NA,1921,FALSE,FALSE,FALSE,FALSE,FALSE,FALSE,FALSE,FALSE
706,F,NDE,United States,NDE,english,1,2003-04-10T00:00:00.000Z,1968-01-01T00:00:00.000Z,2555,TRUE,FALSE,FALSE,TRUE,FALSE,FALSE,FALSE,FALSE
707,M,NDE,United States,NDE,english,1,NA,1998-03-27T00:00:00.000Z,2346,TRUE,FALSE,FALSE,TRUE,FALSE,FALSE,FALSE,FALSE
708,F,NDE,Canada,NDE,english,2,NA,NA,2702,FALSE,FALSE,FALSE,TRUE,FALSE,FALSE,FALSE,FALSE
710,F,NDE,United States,NDE,english,16,NA,NA,8773,FALSE,FALSE,FALSE,TRUE,FALSE,FALSE,FALSE,FALSE
711,F,NDE,Canada,NDE,english,2,2003-03-25T00:00:00.000Z,1975-01-18T00:00:00.000Z,4165,FALSE,FALSE,FALSE,TRUE,FALSE,FALSE,FALSE,FALSE
712,M,NDE,England,NDE,english,2,2014-08-15T00:00:00.000Z,1982-09-18T00:00:00.000Z,9733,FALSE,FALSE,FALSE,TRUE,FALSE,FALSE,FALSE,FALSE
714,M,NDE,United States,NDE,english,1,NA,1997-01-07T00:00:00.000Z,9930,TRUE,FALSE,FALSE,TRUE,FALSE,FALSE,FALSE,FALSE
715,M,NDE,United States,NDE,english,3,NA,1952-01-18T00:00:00.000Z,9164,TRUE,FALSE,FALSE,TRUE,TRUE,FALSE,FALSE,FALSE
716,F,NDE,NA,NDE,english,2,NA,2001-03-05T00:00:00.000Z,2683,FALSE,FALSE,FALSE,TRUE,FALSE,FALSE,FALSE,FALSE
718,F,NDE,United States,NDE,english,2,NA,1992-09-12T00:00:00.000Z,1749,FALSE,FALSE,FALSE,TRUE,FALSE,FALSE,FALSE,FALSE
719,M,NDE,United States,NDE,english,1,NA,1975-07-18T00:00:00.000Z,3238,TRUE,FALSE,FALSE,TRUE,FALSE,FALSE,FALSE,FALSE
720,F,NDE,United States,NDE,english,3,NA,1972-01-18T00:00:00.000Z,3672,TRUE,FALSE,FALSE,TRUE,FALSE,FALSE,FALSE,FALSE
721,M,NDE,United States,NDE,english,2,NA,1991-09-08T00:00:00.000Z,3088,FALSE,TRUE,FALSE,TRUE,TRUE,FALSE,FALSE,FALSE
722,M,NDE,United States,NDE,english,4,NA,1989-04-18T00:00:00.000Z,19827,TRUE,TRUE,FALSE,TRUE,TRUE,FALSE,FALSE,FALSE
723,M,NDE,United States,NDE,english,1,NA,1969-09-12T00:00:00.000Z,4240,FALSE,FALSE,FALSE,TRUE,FALSE,FALSE,FALSE,FALSE
726,F,NDE,Canada,NDE,english,1,NA,1980-01-01T00:00:00.000Z,4292,FALSE,FALSE,FALSE,TRUE,FALSE,FALSE,FALSE,FALSE
727,F,NDE,United States,NDE,english,4,2003-04-10T00:00:00.000Z,2002-11-06T00:00:00.000Z,11271,TRUE,TRUE,FALSE,TRUE,FALSE,FALSE,FALSE,FALSE
728,M,NDE,Nova Scotia,NDE,english,2,NA,1957-01-18T00:00:00.000Z,2330,TRUE,FALSE,FALSE,TRUE,FALSE,FALSE,FALSE,FALSE
729,M,NDE,United States,NDE,english,2,NA,1994-07-07T00:00:00.000Z,2593,TRUE,FALSE,FALSE,TRUE,TRUE,FALSE,FALSE,FALSE
730,F,NDE,United States,NDE,english,3,NA,1967-12-18T00:00:00.000Z,5987,TRUE,FALSE,FALSE,TRUE,FALSE,FALSE,FALSE,FALSE
731,M,NDE,United States,NDE,english,3,NA,1997-01-22T00:00:00.000Z,4435,TRUE,FALSE,FALSE,FALSE,FALSE,FALSE,FALSE,FALSE
734,F,NDE,United States,NDE,english,2,2003-04-10T00:00:00.000Z,1981-01-18T00:00:00.000Z,4576,TRUE,FALSE,FALSE,TRUE,FALSE,FALSE,FALSE,FALSE
736,F,NDE,United States,NDE,english,1,NA,1972-01-01T00:00:00.000Z,1824,TRUE,TRUE,FALSE,FALSE,TRUE,FALSE,FALSE,FALSE
737,M,NDE,United States,NDE,english,3,NA,1987-06-18T00:00:00.000Z,3212,FALSE,FALSE,FALSE,TRUE,TRUE,FALSE,FALSE,FALSE
740,M,NDE,United States,NDE,english,2,NA,1974-01-18T00:00:00.000Z,5575,TRUE,FALSE,FALSE,TRUE,FALSE,FALSE,FALSE,FALSE
741,M,NDE,United States,NDE,english,3,NA,1999-08-18T00:00:00.000Z,4515,FALSE,FALSE,TRUE,TRUE,FALSE,FALSE,FALSE,FALSE
743,M,NDE,United States,NDE,english,1,NA,NA,1447,TRUE,TRUE,FALSE,FALSE,FALSE,FALSE,FALSE,FALSE
744,M,NDE,Canada,NDE,english,4,NA,1990-09-03T00:00:00.000Z,17887,TRUE,FALSE,FALSE,TRUE,TRUE,FALSE,TRUE,TRUE
748,M,NDE,United States,NDE,english,2,NA,1969-05-12T00:00:00.000Z,12245,TRUE,FALSE,FALSE,TRUE,FALSE,FALSE,TRUE,FALSE
749,F,NDE,United States,NDE,english,2,NA,2003-02-15T00:00:00.000Z,2506,FALSE,FALSE,FALSE,TRUE,FALSE,FALSE,FALSE,FALSE
751,F,NDE,United States,NDE,english,3,NA,NA,10394,TRUE,TRUE,FALSE,TRUE,TRUE,FALSE,FALSE,FALSE
752,F,NDE,Poland,NDE,english,2,2003-04-19T00:00:00.000Z,1995-01-01T00:00:00.000Z,2780,FALSE,FALSE,FALSE,TRUE,FALSE,FALSE,FALSE,FALSE
753,F,NDE,United States,NDE,english,3,NA,1980-04-18T00:00:00.000Z,5043,FALSE,FALSE,FALSE,TRUE,FALSE,FALSE,FALSE,FALSE
758,M,NDE,United States,NDE,english,0,2003-04-16T00:00:00.000Z,2001-03-18T00:00:00.000Z,2903,FALSE,FALSE,FALSE,TRUE,FALSE,FALSE,FALSE,FALSE
759,M,SMR,Ireland,SMR,english,2,NA,1997-01-24T00:00:00.000Z,6041,TRUE,TRUE,FALSE,FALSE,FALSE,FALSE,FALSE,FALSE
761,F,NDE,United States,NDE,english,1,NA,2003-02-18T00:00:00.000Z,5302,TRUE,FALSE,FALSE,TRUE,FALSE,FALSE,FALSE,FALSE
762,F,NDE,United States,NDE,english,1,NA,1985-01-01T00:00:00.000Z,3051,TRUE,FALSE,FALSE,TRUE,TRUE,FALSE,FALSE,FALSE
768,M,NDE,United States,NDE,english,3,NA,1984-04-18T00:00:00.000Z,17996,TRUE,TRUE,FALSE,TRUE,FALSE,FALSE,FALSE,FALSE
769,M,NDE,Argentina,NDE,english,0,2003-05-11T00:00:00.000Z,2002-01-01T00:00:00.000Z,2883,TRUE,FALSE,FALSE,TRUE,TRUE,FALSE,FALSE,FALSE
772,F,NDE,United States,NDE,english,3,NA,NA,3714,TRUE,FALSE,FALSE,TRUE,FALSE,FALSE,FALSE,FALSE
773,F,NDE,United States,NDE,english,3,2003-05-11T00:00:00.000Z,1990-12-03T00:00:00.000Z,3194,FALSE,FALSE,FALSE,TRUE,FALSE,FALSE,FALSE,FALSE
774,M,NDE,India,NDE,english,1,NA,1972-12-17T00:00:00.000Z,6689,FALSE,TRUE,FALSE,TRUE,FALSE,FALSE,FALSE,FALSE
775,F,NDE,Australia,NDE,english,1,NA,2001-08-03T00:00:00.000Z,2796,FALSE,FALSE,FALSE,TRUE,FALSE,FALSE,FALSE,FALSE
776,M,NDE,United States,NDE,english,14,2004-01-01T00:00:00.000Z,NA,11505,TRUE,TRUE,FALSE,TRUE,FALSE,FALSE,FALSE,FALSE
779,M,NDE,United States,NDE,english,3,NA,1975-04-25T00:00:00.000Z,6395,TRUE,FALSE,FALSE,TRUE,FALSE,FALSE,FALSE,FALSE
781,F,NDE,United States,NDE,english,3,NA,2003-01-01T00:00:00.000Z,3732,TRUE,FALSE,FALSE,TRUE,FALSE,FALSE,FALSE,FALSE
785,M,NDE,Malta,NDE,english,1,NA,1969-01-18T00:00:00.000Z,6370,TRUE,FALSE,FALSE,TRUE,FALSE,FALSE,FALSE,FALSE
788,M,NDE,United States,NDE,english,0,2002-12-23T00:00:00.000Z,2001-07-25T00:00:00.000Z,2477,TRUE,FALSE,FALSE,TRUE,FALSE,FALSE,FALSE,FALSE
789,F,NDE,United States,NDE,english,0,2003-06-14T00:00:00.000Z,2001-12-11T00:00:00.000Z,2470,TRUE,FALSE,FALSE,TRUE,FALSE,FALSE,FALSE,FALSE
790,F,NDE,United States,NDE,english,3,NA,2001-09-08T00:00:00.000Z,3217,TRUE,FALSE,FALSE,TRUE,TRUE,FALSE,FALSE,FALSE
793,M,NDE,United States,NDE,english,1,NA,NA,2702,TRUE,FALSE,FALSE,TRUE,TRUE,FALSE,FALSE,FALSE
794,M,NDE,United States,NDE,english,2,NA,2000-04-12T00:00:00.000Z,13875,TRUE,FALSE,FALSE,TRUE,FALSE,TRUE,FALSE,TRUE
796,M,NDE,Not Specified,NDE,english,2,NA,2003-05-24T00:00:00.000Z,1074,FALSE,FALSE,FALSE,TRUE,FALSE,FALSE,FALSE,FALSE
797,M,NDE,United States,NDE,fr,1,NA,1987-07-18T00:00:00.000Z,5072,FALSE,FALSE,FALSE,TRUE,FALSE,FALSE,FALSE,FALSE
798,F,NDE,United States,NDE,english,0,NA,1990-07-18T00:00:00.000Z,2790,FALSE,FALSE,FALSE,TRUE,FALSE,FALSE,FALSE,FALSE
799,M,NDE,United States,NDE,english,2,NA,1967-01-01T00:00:00.000Z,2801,TRUE,TRUE,FALSE,TRUE,FALSE,FALSE,FALSE,FALSE
804,F,NDE,United States,NDE,english,6,NA,1964-01-01T00:00:00.000Z,5736,FALSE,FALSE,FALSE,FALSE,FALSE,FALSE,FALSE,FALSE
808,F,NDE,United States,NDE,english,2,NA,NA,5701,FALSE,FALSE,FALSE,TRUE,FALSE,FALSE,FALSE,FALSE
810,M,NDE,United States,NDE,english,1,NA,2002-12-23T00:00:00.000Z,11670,FALSE,FALSE,FALSE,TRUE,FALSE,FALSE,FALSE,FALSE
811,F,NDE,United States,NDE,english,1,2003-08-10T00:00:00.000Z,2001-12-31T00:00:00.000Z,2322,TRUE,FALSE,FALSE,TRUE,FALSE,FALSE,FALSE,FALSE
812,M,Possible NDE,United States,Possible NDE,english,0,NA,2003-08-11T00:00:00.000Z,826,FALSE,FALSE,FALSE,TRUE,FALSE,FALSE,FALSE,FALSE
813,F,NDE,Ireland,NDE,english,2,NA,1992-01-01T00:00:00.000Z,22027,TRUE,TRUE,FALSE,TRUE,FALSE,FALSE,FALSE,FALSE
814,F,NDE,Australia,NDE,english,2,NA,1998-01-18T00:00:00.000Z,9609,TRUE,TRUE,FALSE,TRUE,TRUE,FALSE,FALSE,FALSE
816,M,NDE,United Kingdom,NDE,english,1,NA,2002-08-10T00:00:00.000Z,3248,FALSE,TRUE,FALSE,TRUE,FALSE,FALSE,FALSE,FALSE
818,F,NDE,Canada,NDE,english,0,NA,2000-12-18T00:00:00.000Z,4538,FALSE,FALSE,FALSE,FALSE,FALSE,FALSE,FALSE,FALSE
819,F,NDE,United States,NDE,english,2,NA,1972-07-18T00:00:00.000Z,1947,TRUE,FALSE,FALSE,FALSE,FALSE,FALSE,FALSE,FALSE
820,M,NDE,United States,NDE,english,3,NA,1992-11-14T00:00:00.000Z,17304,TRUE,TRUE,TRUE,TRUE,FALSE,FALSE,FALSE,FALSE
822,F,NDE,Australia,NDE,english,19,NA,NA,13004,FALSE,TRUE,FALSE,TRUE,FALSE,FALSE,FALSE,FALSE
824,M,NDE,Australia,NDE,english,2,2010-05-30T00:00:00.000Z,1998-07-10T00:00:00.000Z,2544,FALSE,FALSE,FALSE,TRUE,FALSE,FALSE,FALSE,FALSE
825,M,NDE,Iran,NDE,english,0,NA,1974-09-01T00:00:00.000Z,475,TRUE,FALSE,FALSE,TRUE,FALSE,FALSE,FALSE,FALSE
826,F,NDE,United States,NDE,english,0,NA,NA,8245,TRUE,FALSE,FALSE,TRUE,FALSE,FALSE,FALSE,FALSE
828,F,NDE,United States,NDE,english,2,NA,1958-12-23T00:00:00.000Z,3560,TRUE,FALSE,FALSE,TRUE,TRUE,FALSE,FALSE,FALSE
829,F,NDE,United States,NDE,english,1,NA,1987-05-12T00:00:00.000Z,1421,FALSE,FALSE,FALSE,TRUE,FALSE,FALSE,FALSE,FALSE
831,F,NDE,New Zealand,NDE,english,3,NA,2002-07-10T00:00:00.000Z,4666,FALSE,TRUE,FALSE,TRUE,FALSE,FALSE,TRUE,FALSE
838,F,Probable NDE,United States,Probable NDE,english,0,NA,1998-09-28T00:00:00.000Z,732,FALSE,FALSE,FALSE,FALSE,FALSE,FALSE,FALSE,FALSE
839,F,NDE,United States,NDE,english,3,NA,1990-12-18T00:00:00.000Z,4120,TRUE,FALSE,FALSE,TRUE,TRUE,FALSE,FALSE,FALSE
843,F,NDE,United States,NDE,english,0,NA,NA,8245,TRUE,FALSE,FALSE,TRUE,FALSE,FALSE,FALSE,FALSE
847,F,NDE,Canada,NDE,english,2,NA,2002-01-01T00:00:00.000Z,2362,TRUE,FALSE,FALSE,TRUE,TRUE,FALSE,FALSE,FALSE
848,F,NDE,United States,NDE,english,2,NA,1997-05-18T00:00:00.000Z,13031,TRUE,FALSE,FALSE,TRUE,FALSE,FALSE,FALSE,FALSE
850,M,NDE,India,NDE,english,0,NA,1978-07-18T00:00:00.000Z,3980,TRUE,FALSE,FALSE,TRUE,TRUE,FALSE,FALSE,FALSE
852,F,NDE,Switzerland,NDE,english,2,NA,1980-01-01T00:00:00.000Z,3352,TRUE,FALSE,FALSE,TRUE,FALSE,FALSE,FALSE,FALSE
854,F,NDE,Philippines,NDE,english,2,NA,1976-09-12T00:00:00.000Z,4135,TRUE,FALSE,FALSE,TRUE,FALSE,FALSE,FALSE,FALSE
855,F,NDE,Trinidad,NDE,english,2,NA,1998-09-15T00:00:00.000Z,7555,TRUE,FALSE,FALSE,FALSE,FALSE,TRUE,FALSE,FALSE
856,F,NDE,Canada,NDE,english,3,NA,NA,3330,TRUE,FALSE,FALSE,TRUE,FALSE,FALSE,FALSE,FALSE
859,F,NDE,United States,NDE,english,1,NA,1990-01-18T00:00:00.000Z,4410,TRUE,FALSE,FALSE,TRUE,FALSE,FALSE,FALSE,FALSE
860,M,NDE,United States,NDE,english,2,2003-12-18T00:00:00.000Z,1978-01-18T00:00:00.000Z,3620,FALSE,FALSE,FALSE,TRUE,FALSE,FALSE,FALSE,FALSE
862,M,NDE,France,NDE,français,17,2013-09-15T00:00:00.000Z,1986-01-01T00:00:00.000Z,11240,TRUE,TRUE,TRUE,TRUE,FALSE,FALSE,FALSE,FALSE
863,M,NDE,NA,NDE,english,1,NA,2003-02-15T00:00:00.000Z,2708,TRUE,FALSE,FALSE,TRUE,FALSE,FALSE,FALSE,FALSE
864,F,NDE-Like,India,NDE-Like,english,1,NA,1987-03-18T00:00:00.000Z,3674,FALSE,FALSE,FALSE,TRUE,FALSE,FALSE,FALSE,FALSE
865,M,NDE,Nederland,NDE,english,0,NA,2002-09-23T00:00:00.000Z,3030,FALSE,FALSE,FALSE,FALSE,FALSE,FALSE,FALSE,FALSE
867,M,NDE,United States,NDE,english,2,NA,1970-01-01T00:00:00.000Z,3141,TRUE,FALSE,FALSE,TRUE,FALSE,FALSE,FALSE,FALSE
868,F,NDE,United States,NDE,english,1,NA,1999-01-01T00:00:00.000Z,8552,TRUE,FALSE,FALSE,TRUE,FALSE,FALSE,FALSE,FALSE
869,F,NDE,United States,NDE,english,1,NA,1979-12-05T00:00:00.000Z,3470,TRUE,TRUE,FALSE,TRUE,FALSE,FALSE,FALSE,FALSE
871,M,NDE,Belgium,NDE,english,0,NA,2002-01-01T00:00:00.000Z,1446,FALSE,FALSE,FALSE,TRUE,FALSE,FALSE,FALSE,FALSE
872,F,NDE,United States,NDE,english,2,NA,1983-10-20T00:00:00.000Z,2335,FALSE,FALSE,FALSE,TRUE,FALSE,FALSE,FALSE,FALSE
877,M,NDE,Sweden,NDE,english,0,NA,NA,3546,TRUE,FALSE,FALSE,TRUE,FALSE,FALSE,FALSE,FALSE
880,M,NDE,New Zealand,NDE,english,1,NA,2003-12-17T00:00:00.000Z,4396,FALSE,TRUE,TRUE,TRUE,FALSE,FALSE,FALSE,FALSE
883,F,NDE,United States,NDE,english,2,NA,1974-01-01T00:00:00.000Z,9104,TRUE,FALSE,FALSE,TRUE,TRUE,FALSE,FALSE,FALSE
884,M,NDE,unknown,NDE,english,2,NA,1994-03-09T00:00:00.000Z,5257,FALSE,FALSE,FALSE,TRUE,FALSE,FALSE,FALSE,FALSE
885,F,NDE,Canada,NDE,english,2,NA,1971-01-01T00:00:00.000Z,1551,TRUE,FALSE,FALSE,TRUE,FALSE,FALSE,FALSE,FALSE
888,F,NDE,New Zealand,NDE,english,2,NA,1993-01-18T00:00:00.000Z,3442,TRUE,FALSE,FALSE,TRUE,FALSE,FALSE,FALSE,FALSE
889,F,NDE,United States,NDE,english,3,NA,1976-01-18T00:00:00.000Z,3028,FALSE,TRUE,FALSE,TRUE,FALSE,FALSE,FALSE,FALSE
892,F,NDE,New Zealand,NDE,english,1,NA,1995-10-18T00:00:00.000Z,2969,TRUE,FALSE,FALSE,FALSE,FALSE,FALSE,FALSE,FALSE
893,M,NDE,South Korea,NDE,english,0,NA,2003-01-01T00:00:00.000Z,6690,TRUE,FALSE,TRUE,TRUE,FALSE,FALSE,FALSE,FALSE
894,M,NDE,United States,NDE,english,1,NA,1963-01-18T00:00:00.000Z,4963,TRUE,FALSE,FALSE,TRUE,FALSE,FALSE,FALSE,FALSE
896,F,NDE,United States,NDE,english,1,NA,1978-05-18T00:00:00.000Z,3849,FALSE,FALSE,FALSE,TRUE,FALSE,FALSE,FALSE,FALSE
897,F,NDE,United States,NDE,english,1,NA,1980-06-18T00:00:00.000Z,9385,TRUE,FALSE,FALSE,TRUE,TRUE,FALSE,FALSE,FALSE
898,F,NDE,France,NDE,english,0,NA,1991-01-01T00:00:00.000Z,8010,FALSE,TRUE,FALSE,TRUE,TRUE,FALSE,FALSE,FALSE
899,F,NDE,United States,NDE,english,20,2013-10-04T00:00:00.000Z,1968-04-25T00:00:00.000Z,13039,TRUE,TRUE,FALSE,TRUE,TRUE,TRUE,FALSE,FALSE
900,F,NDE,Wales,NDE,english,3,NA,1980-01-01T00:00:00.000Z,7816,TRUE,FALSE,FALSE,TRUE,TRUE,FALSE,FALSE,FALSE
902,M,NDE,United States,NDE,english,1,NA,1976-07-18T00:00:00.000Z,6241,TRUE,FALSE,FALSE,TRUE,FALSE,FALSE,FALSE,FALSE
903,F,NDE,United Kingdom,NDE,english,1,NA,2002-01-18T00:00:00.000Z,14048,TRUE,FALSE,TRUE,TRUE,FALSE,FALSE,FALSE,FALSE
904,F,NDE,United States,NDE,english,2,NA,2001-01-01T00:00:00.000Z,3727,FALSE,TRUE,TRUE,TRUE,FALSE,FALSE,FALSE,FALSE
906,F,NDE,Switzerland,NDE,english,3,NA,1981-01-01T00:00:00.000Z,4349,FALSE,FALSE,FALSE,TRUE,FALSE,FALSE,FALSE,FALSE
909,F,NDE,United States,NDE,english,1,2004-01-26T00:00:00.000Z,2004-01-20T00:00:00.000Z,2322,FALSE,FALSE,FALSE,TRUE,FALSE,FALSE,FALSE,FALSE
910,F,NDE,Netherlands,NDE,english,0,NA,2002-07-07T00:00:00.000Z,2786,FALSE,FALSE,FALSE,FALSE,FALSE,FALSE,FALSE,FALSE
912,F,NDE,United States,NDE,english,NA,NA,NA,17960,FALSE,FALSE,FALSE,FALSE,FALSE,FALSE,FALSE,FALSE
913,F,NDE,United States,NDE,english,1,2004-02-26T00:00:00.000Z,1994-01-18T00:00:00.000Z,3115,FALSE,FALSE,FALSE,TRUE,FALSE,FALSE,FALSE,FALSE
916,M,NDE,United States,NDE,english,3,NA,1965-01-18T00:00:00.000Z,10541,TRUE,FALSE,FALSE,TRUE,TRUE,FALSE,TRUE,FALSE
917,M,NDE,United States,NDE,english,3,1901-06-26T00:00:00.000Z,2003-11-03T00:00:00.000Z,5636,TRUE,FALSE,TRUE,TRUE,FALSE,FALSE,FALSE,FALSE
919,M,NDE,France,NDE,english,0,NA,1965-01-18T00:00:00.000Z,2691,TRUE,FALSE,FALSE,TRUE,FALSE,FALSE,FALSE,FALSE
920,F,NDE,United States,NDE,english,1,NA,1998-09-06T00:00:00.000Z,3201,FALSE,TRUE,FALSE,TRUE,FALSE,FALSE,FALSE,FALSE
921,M,NDE,United States,NDE,english,1,NA,1972-06-18T00:00:00.000Z,3825,TRUE,FALSE,FALSE,TRUE,FALSE,FALSE,FALSE,FALSE
922,M,NDE,United States,NDE,english,0,NA,2000-07-18T00:00:00.000Z,4225,FALSE,FALSE,FALSE,TRUE,FALSE,FALSE,FALSE,FALSE
923,F,NDE,United States,NDE,english,3,NA,1996-09-18T00:00:00.000Z,10537,FALSE,FALSE,FALSE,TRUE,FALSE,TRUE,FALSE,FALSE
924,M,NDE,United States,NDE,english,3,NA,2004-02-14T00:00:00.000Z,1629,FALSE,FALSE,FALSE,TRUE,FALSE,FALSE,FALSE,FALSE
928,M,NDE,France,NDE,fr,3,2004-03-22T00:00:00.000Z,1998-11-26T00:00:00.000Z,2390,TRUE,FALSE,FALSE,TRUE,FALSE,FALSE,FALSE,FALSE
929,F,NDE,United States,NDE,english,2,NA,2003-08-19T00:00:00.000Z,4425,FALSE,FALSE,FALSE,TRUE,FALSE,FALSE,FALSE,FALSE
931,F,NDE,Argentina,NDE,english,0,NA,2004-01-01T00:00:00.000Z,7702,FALSE,FALSE,FALSE,TRUE,FALSE,FALSE,FALSE,FALSE
934,F,NDE,Belgium,NDE,fr,1,NA,1979-01-01T00:00:00.000Z,2624,FALSE,FALSE,FALSE,TRUE,FALSE,FALSE,FALSE,FALSE
935,F,NDE,France,NDE,english,0,NA,1990-01-01T00:00:00.000Z,5554,FALSE,FALSE,FALSE,TRUE,TRUE,FALSE,FALSE,FALSE
936,M,NDE,United States,NDE,english,0,NA,1999-01-18T00:00:00.000Z,2131,TRUE,FALSE,FALSE,TRUE,TRUE,FALSE,FALSE,FALSE
937,F,NDE,United States,NDE,english,4,NA,1990-01-18T00:00:00.000Z,3594,FALSE,FALSE,FALSE,FALSE,FALSE,FALSE,FALSE,FALSE
938,F,NDE,France,NDE,english,0,NA,1980-01-18T00:00:00.000Z,5735,FALSE,TRUE,FALSE,TRUE,FALSE,FALSE,FALSE,FALSE
939,M,NDE,France,NDE,english,0,NA,1983-07-18T00:00:00.000Z,1445,FALSE,FALSE,FALSE,TRUE,FALSE,FALSE,FALSE,FALSE
940,F,NDE,Belgium,NDE,english,0,NA,2004-03-03T00:00:00.000Z,1331,TRUE,FALSE,FALSE,TRUE,FALSE,FALSE,FALSE,FALSE
944,M,NDE,France,NDE,french,6,2010-03-20T00:00:00.000Z,2000-01-01T00:00:00.000Z,10692,FALSE,FALSE,FALSE,TRUE,TRUE,FALSE,FALSE,FALSE
945,F,NDE,United States,NDE,english,1,NA,1977-06-18T00:00:00.000Z,4878,TRUE,FALSE,FALSE,TRUE,TRUE,FALSE,FALSE,FALSE
947,M,NDE,Australia,NDE,english,1,NA,1983-01-01T00:00:00.000Z,3120,FALSE,FALSE,TRUE,FALSE,FALSE,FALSE,FALSE,FALSE
949,M,NDE,United States,NDE,english,2,NA,1979-09-16T00:00:00.000Z,23240,FALSE,FALSE,FALSE,FALSE,FALSE,FALSE,FALSE,FALSE
951,M,NDE,United States,NDE,english,1,NA,1997-01-01T00:00:00.000Z,2588,FALSE,FALSE,FALSE,TRUE,FALSE,FALSE,FALSE,FALSE
952,M,NDE,Tennessee,NDE,english,3,NA,1976-07-14T00:00:00.000Z,13274,TRUE,TRUE,FALSE,TRUE,FALSE,FALSE,FALSE,FALSE
954,F,NDE-Like,Canada,NDE-Like,english,0,NA,1989-01-01T00:00:00.000Z,2444,TRUE,FALSE,FALSE,TRUE,FALSE,FALSE,FALSE,FALSE
957,F,NDE,Canada,NDE,english,2,NA,1977-10-29T00:00:00.000Z,5466,TRUE,FALSE,FALSE,TRUE,FALSE,FALSE,FALSE,FALSE
958,M,NDE,United States,NDE,english,1,NA,1993-11-18T00:00:00.000Z,1206,TRUE,FALSE,FALSE,TRUE,FALSE,FALSE,FALSE,FALSE
959,F,NDE,France,NDE,english,0,NA,2003-06-13T00:00:00.000Z,1713,FALSE,FALSE,FALSE,TRUE,FALSE,FALSE,FALSE,FALSE
960,F,NDE,United States,NDE,english,2,NA,1999-11-21T00:00:00.000Z,6298,TRUE,FALSE,TRUE,TRUE,FALSE,FALSE,FALSE,FALSE
961,M,NDE,United States,NDE,english,4,NA,2004-01-02T00:00:00.000Z,8342,TRUE,TRUE,FALSE,TRUE,FALSE,FALSE,TRUE,FALSE
962,F,NDE,Unknown,NDE,english,2,NA,2001-04-05T00:00:00.000Z,3478,FALSE,FALSE,FALSE,TRUE,FALSE,FALSE,FALSE,FALSE
964,M,NDE,Saudi Arabia,NDE,ar,1,NA,NA,4476,TRUE,FALSE,FALSE,TRUE,FALSE,FALSE,FALSE,FALSE
967,F,NDE-Like,Canada,NDE-Like,english,3,NA,2000-01-09T00:00:00.000Z,5047,FALSE,FALSE,FALSE,FALSE,FALSE,FALSE,FALSE,FALSE
968,M,NDE,France,NDE,english,0,NA,1991-06-21T00:00:00.000Z,3469,TRUE,FALSE,FALSE,FALSE,FALSE,FALSE,FALSE,FALSE
971,F,NDE,United States,NDE,english,2,NA,1999-12-17T00:00:00.000Z,5953,TRUE,FALSE,FALSE,TRUE,FALSE,FALSE,FALSE,FALSE
973,M,NDE,Australia,NDE,english,0,NA,1972-10-18T00:00:00.000Z,2415,TRUE,FALSE,FALSE,FALSE,FALSE,FALSE,FALSE,FALSE
975,F,NDE,United States,NDE,english,1,NA,1983-07-20T00:00:00.000Z,5691,FALSE,FALSE,FALSE,FALSE,FALSE,FALSE,FALSE,FALSE
976,F,NDE,Britain,NDE,fr,1,NA,1976-01-01T00:00:00.000Z,3056,TRUE,TRUE,FALSE,TRUE,FALSE,FALSE,FALSE,FALSE
978,M,NDE,Germany,Secondhand NDE,english,1,NA,2004-05-23T00:00:00.000Z,1033,TRUE,FALSE,TRUE,TRUE,FALSE,FALSE,FALSE,FALSE
979,F,NDE,United States,NDE,english,1,NA,2000-01-01T00:00:00.000Z,9181,TRUE,FALSE,FALSE,TRUE,FALSE,FALSE,FALSE,FALSE
980,F,NDE,United States,NDE,english,1,NA,1962-01-01T00:00:00.000Z,6215,TRUE,FALSE,FALSE,TRUE,FALSE,FALSE,FALSE,FALSE
981,F,NDE,United States,NDE,english,2,NA,1975-01-18T00:00:00.000Z,3421,FALSE,FALSE,FALSE,TRUE,FALSE,TRUE,FALSE,FALSE
983,F,NDE,United States,NDE,english,0,NA,1957-07-18T00:00:00.000Z,2664,FALSE,FALSE,FALSE,TRUE,FALSE,FALSE,FALSE,FALSE
984,F,NDE,United States,NDE,english,1,NA,1981-01-18T00:00:00.000Z,7222,TRUE,FALSE,FALSE,TRUE,FALSE,FALSE,FALSE,FALSE
985,M,NDE,United States,NDE,english,1,NA,2002-03-18T00:00:00.000Z,4755,TRUE,FALSE,FALSE,TRUE,FALSE,FALSE,FALSE,FALSE
987,M,NDE,United States,NDE,english,2,NA,1991-08-18T00:00:00.000Z,3823,TRUE,FALSE,FALSE,TRUE,FALSE,FALSE,FALSE,FALSE
990,M,NDE,United States,NDE,english,1,2004-06-13T00:00:00.000Z,1994-11-04T00:00:00.000Z,1733,TRUE,FALSE,FALSE,TRUE,FALSE,FALSE,FALSE,FALSE
992,M,NDE,England,NDE,english,2,NA,2003-04-16T00:00:00.000Z,8210,TRUE,FALSE,FALSE,TRUE,TRUE,FALSE,FALSE,FALSE
996,F,NDE,Bulgaria,NDE,sv,1,NA,1989-01-18T00:00:00.000Z,16678,FALSE,FALSE,FALSE,TRUE,FALSE,FALSE,FALSE,FALSE
998,M,NDE,United States,NDE,english,4,NA,1998-05-12T00:00:00.000Z,39490,TRUE,TRUE,TRUE,TRUE,FALSE,FALSE,TRUE,FALSE
999,F,NDE,United States,NDE,english,3,2004-09-18T00:00:00.000Z,2002-10-07T00:00:00.000Z,4274,TRUE,FALSE,FALSE,TRUE,FALSE,FALSE,FALSE,FALSE
1000,F,NDE,France,NDE,english,4,NA,1970-01-18T00:00:00.000Z,3614,TRUE,FALSE,FALSE,TRUE,TRUE,FALSE,FALSE,FALSE
1001,F,NDE-Like,United States,NDE-Like,english,2,NA,1990-01-18T00:00:00.000Z,4940,TRUE,FALSE,FALSE,TRUE,FALSE,FALSE,FALSE,FALSE
1002,F,NDE,Poland,NDE,english,0,NA,1978-01-01T00:00:00.000Z,3813,TRUE,FALSE,FALSE,TRUE,FALSE,FALSE,FALSE,FALSE
1005,F,NDE,France,NDE,fr,3,NA,2003-01-01T00:00:00.000Z,3312,TRUE,FALSE,FALSE,TRUE,FALSE,FALSE,FALSE,FALSE
1006,F,NDE,New Zealand,NDE,english,2,NA,2004-02-02T00:00:00.000Z,3366,FALSE,FALSE,FALSE,TRUE,FALSE,FALSE,FALSE,FALSE
1008,F,NDE,United States,NDE,english,4,NA,2004-01-01T00:00:00.000Z,5242,TRUE,FALSE,FALSE,TRUE,TRUE,FALSE,FALSE,FALSE
1012,F,NDE,United States,NDE,english,2,NA,1970-10-03T00:00:00.000Z,5103,TRUE,FALSE,FALSE,TRUE,TRUE,FALSE,FALSE,FALSE
1019,F,NDE,United States,NDE,english,1,NA,1947-01-01T00:00:00.000Z,1773,FALSE,FALSE,FALSE,TRUE,FALSE,FALSE,FALSE,FALSE
1023,F,NDE,United States,NDE,english,3,NA,1994-01-01T00:00:00.000Z,4074,TRUE,FALSE,FALSE,TRUE,TRUE,FALSE,FALSE,FALSE
1026,M,NDE,United States,NDEs,english,4,NA,2004-01-01T00:00:00.000Z,12861,TRUE,FALSE,FALSE,TRUE,FALSE,FALSE,FALSE,FALSE
1027,F,NDE,Belgium,NDE,nl,1,2004-08-12T00:00:00.000Z,1996-01-01T00:00:00.000Z,11338,FALSE,FALSE,FALSE,TRUE,FALSE,FALSE,FALSE,FALSE
1029,M,NDE,United States,NDE,english,2,NA,1981-11-01T00:00:00.000Z,25974,TRUE,FALSE,FALSE,TRUE,FALSE,FALSE,FALSE,FALSE
1030,F,NDE,United States,NDE,id,3,NA,1969-01-01T00:00:00.000Z,128082,FALSE,FALSE,FALSE,TRUE,FALSE,TRUE,FALSE,FALSE
1034,M,NDE,Mexico,NDE,english,2,NA,2003-05-03T00:00:00.000Z,4773,FALSE,FALSE,FALSE,FALSE,FALSE,FALSE,FALSE,FALSE
1035,F,NDE,United States,NDE,english,1,NA,2004-07-29T00:00:00.000Z,2524,FALSE,FALSE,FALSE,TRUE,FALSE,FALSE,FALSE,FALSE
1036,F,NDE,United States,NDE,english,1,NA,1953-01-18T00:00:00.000Z,3392,TRUE,FALSE,FALSE,TRUE,FALSE,FALSE,FALSE,FALSE
1037,M,NDE,polska,NDE,english,0,NA,1981-02-02T00:00:00.000Z,2340,FALSE,TRUE,FALSE,FALSE,FALSE,FALSE,FALSE,FALSE
1038,M,NDE,United States,NDE,english,2,NA,2003-09-10T00:00:00.000Z,1885,TRUE,FALSE,FALSE,TRUE,FALSE,FALSE,FALSE,FALSE
1039,F,NDE,United States,NDE,english,0,NA,2003-04-25T00:00:00.000Z,2147,TRUE,FALSE,FALSE,TRUE,FALSE,FALSE,FALSE,FALSE
1041,F,NDE,France,NDE,fr,2,NA,2002-01-01T00:00:00.000Z,4612,TRUE,FALSE,FALSE,TRUE,TRUE,FALSE,FALSE,FALSE
1049,F,NDE,France,NDE,fr,2,NA,2004-07-21T00:00:00.000Z,4667,TRUE,FALSE,FALSE,TRUE,FALSE,FALSE,FALSE,FALSE
1054,M,NDE,France,NDE,fr,2,NA,1992-01-18T00:00:00.000Z,3003,FALSE,FALSE,FALSE,TRUE,FALSE,FALSE,FALSE,FALSE
1060,M,NDE,Venezuela,NDE,es,0,NA,1985-01-01T00:00:00.000Z,7608,FALSE,FALSE,FALSE,TRUE,FALSE,FALSE,FALSE,FALSE
1061,F,NDE,United States,NDE,english,3,NA,2002-12-27T00:00:00.000Z,8735,TRUE,FALSE,FALSE,TRUE,FALSE,FALSE,FALSE,FALSE
1062,F,NDE,United States,Secondhand NDE,english,0,NA,2001-07-18T00:00:00.000Z,2665,FALSE,FALSE,FALSE,TRUE,TRUE,FALSE,FALSE,FALSE
1063,F,NDE,France,NDE,fr,1,NA,1985-01-18T00:00:00.000Z,2967,TRUE,TRUE,FALSE,TRUE,TRUE,FALSE,FALSE,FALSE
1065,F,NDE,United States,NDE,english,2,NA,1999-01-01T00:00:00.000Z,1994,FALSE,FALSE,FALSE,TRUE,FALSE,FALSE,FALSE,FALSE
1066,F,NDE,United States,NDE,english,2,NA,2004-05-06T00:00:00.000Z,2756,FALSE,FALSE,FALSE,TRUE,FALSE,FALSE,FALSE,FALSE
1067,F,NDE,United States,NDE,english,2,NA,1967-05-29T00:00:00.000Z,7359,FALSE,FALSE,FALSE,TRUE,FALSE,FALSE,FALSE,FALSE
1070,M,NDE,NA,NDE,english,0,2005-02-18T00:00:00.000Z,NA,1248,FALSE,FALSE,FALSE,TRUE,FALSE,FALSE,FALSE,FALSE
1071,F,NDE,United States,NDE,english,1,NA,2000-02-05T00:00:00.000Z,5239,TRUE,FALSE,FALSE,TRUE,FALSE,FALSE,FALSE,FALSE
1072,F,NDE,United States,NDE,english,1,NA,1972-01-01T00:00:00.000Z,3924,TRUE,FALSE,FALSE,TRUE,TRUE,FALSE,FALSE,FALSE
1074,M,NDE,United States,NDE,english,1,NA,1957-01-01T00:00:00.000Z,3756,TRUE,FALSE,FALSE,TRUE,FALSE,TRUE,FALSE,FALSE
1076,M,NDE,United States,NDE,english,3,NA,1949-01-18T00:00:00.000Z,1175,FALSE,FALSE,FALSE,TRUE,FALSE,FALSE,FALSE,FALSE
1077,M,NDE,United States,NDE,english,1,NA,1962-06-18T00:00:00.000Z,2402,FALSE,FALSE,FALSE,TRUE,FALSE,FALSE,FALSE,FALSE
1078,F,NDE,United States,NDE,english,2,NA,1998-05-18T00:00:00.000Z,3240,FALSE,TRUE,FALSE,TRUE,FALSE,FALSE,FALSE,FALSE
1079,F,NDE,unknown,NDE,fr,2,NA,NA,6629,FALSE,FALSE,FALSE,FALSE,FALSE,FALSE,TRUE,FALSE
1083,F,NDE-Like,Belgium,NDE-Like,nl,0,NA,2002-11-07T00:00:00.000Z,4431,FALSE,TRUE,FALSE,TRUE,FALSE,FALSE,FALSE,FALSE
1084,F,NDE,United States,NDE,english,2,NA,2001-01-01T00:00:00.000Z,4288,TRUE,FALSE,TRUE,TRUE,TRUE,FALSE,FALSE,FALSE
1085,M,NDE,Jerusalem,NDE,ar,0,NA,1979-01-18T00:00:00.000Z,1952,TRUE,FALSE,FALSE,TRUE,TRUE,TRUE,FALSE,FALSE
1086,F,NDE,France,NDE,fr,3,NA,1993-01-18T00:00:00.000Z,3123,TRUE,FALSE,FALSE,FALSE,FALSE,FALSE,FALSE,FALSE
1087,M,NDE,France,NDE,fr,0,NA,2004-01-01T00:00:00.000Z,1155,FALSE,FALSE,FALSE,TRUE,FALSE,FALSE,FALSE,FALSE
1088,M,NDE,France,NDE,fr,1,NA,1988-05-09T00:00:00.000Z,5374,TRUE,FALSE,FALSE,TRUE,FALSE,FALSE,FALSE,FALSE
1089,M,NDE,Poland,NDE,english,0,NA,1998-09-18T00:00:00.000Z,3400,FALSE,FALSE,FALSE,FALSE,FALSE,FALSE,FALSE,FALSE
1094,F,NDE,Switzerland,NDE,fr,1,NA,1981-01-18T00:00:00.000Z,2209,TRUE,FALSE,FALSE,TRUE,FALSE,FALSE,FALSE,FALSE
1096,M,NDE,Argentina,NDE,es,3,NA,2000-01-06T00:00:00.000Z,5200,TRUE,FALSE,TRUE,TRUE,FALSE,FALSE,FALSE,FALSE
1097,F,NDE,Norway,NDE,es,1,NA,2002-01-01T00:00:00.000Z,6621,FALSE,FALSE,FALSE,TRUE,FALSE,FALSE,FALSE,FALSE
1098,F,NDE,South Korea,NDE,english,0,NA,2001-09-20T00:00:00.000Z,2301,FALSE,FALSE,FALSE,TRUE,FALSE,FALSE,FALSE,FALSE
1099,F,NDE,Argentina,NDE,es,2,NA,1964-01-18T00:00:00.000Z,3987,FALSE,FALSE,FALSE,TRUE,FALSE,FALSE,FALSE,FALSE
1100,M,NDE,France,NDE,fr,3,NA,1997-04-30T00:00:00.000Z,1663,FALSE,FALSE,FALSE,TRUE,FALSE,FALSE,FALSE,FALSE
1109,M,NDE,Egypt,NDE,ar,1,NA,1994-01-18T00:00:00.000Z,1378,FALSE,FALSE,FALSE,FALSE,FALSE,FALSE,FALSE,FALSE
1113,M,NDE,Cuba,NDE,es,1,NA,1970-01-18T00:00:00.000Z,2146,TRUE,FALSE,FALSE,TRUE,FALSE,FALSE,FALSE,FALSE
1114,F,NDE,Canada,NDE,fr,0,2005-04-03T00:00:00.000Z,NA,2294,FALSE,FALSE,FALSE,TRUE,FALSE,FALSE,FALSE,FALSE
1115,F,NDE,Sweden,NDE,sv,1,NA,NA,2179,TRUE,FALSE,FALSE,TRUE,FALSE,FALSE,FALSE,FALSE
1117,M,NDE,France,NDE,fr,2,NA,1998-10-07T00:00:00.000Z,21002,FALSE,TRUE,FALSE,TRUE,TRUE,FALSE,FALSE,FALSE
1118,F,NDE,France,NDE,english,0,NA,1991-01-01T00:00:00.000Z,8010,FALSE,TRUE,FALSE,TRUE,TRUE,FALSE,FALSE,FALSE
1242,F,NDE,United States,NDE,english,NA,NA,NA,10744,TRUE,FALSE,FALSE,FALSE,FALSE,FALSE,FALSE,FALSE
2002,F,NDE,United States,NDE,english,10,NA,1952-01-18T00:00:00.000Z,2138,FALSE,FALSE,FALSE,FALSE,FALSE,FALSE,FALSE,FALSE
2003,F,NDE,United States,NDE,english,11,NA,1976-07-17T00:00:00.000Z,6257,FALSE,FALSE,TRUE,TRUE,FALSE,FALSE,FALSE,FALSE
2004,F,NDE,United States,NDE,english,17,NA,2024-01-14T00:00:00.000Z,4279,TRUE,FALSE,FALSE,TRUE,FALSE,FALSE,FALSE,FALSE
2006,F,NDE-Like,Taiwan,NDE-Like,english,7,NA,1988-02-18T00:00:00.000Z,8815,TRUE,FALSE,FALSE,TRUE,TRUE,FALSE,FALSE,FALSE
2007,F,NDE,United States,NDE,english,14,NA,1999-03-18T00:00:00.000Z,3089,FALSE,FALSE,TRUE,TRUE,FALSE,FALSE,FALSE,FALSE
2008,M,NDE,United States,NDE,english,11,NA,1966-02-18T00:00:00.000Z,7698,TRUE,FALSE,FALSE,TRUE,TRUE,FALSE,FALSE,FALSE
2013,M,NDE,United States,NDE,english,8,NA,NA,5560,TRUE,FALSE,FALSE,TRUE,TRUE,FALSE,FALSE,FALSE
2014,F,NDE,United States,NDE,english,8,NA,1954-01-01T00:00:00.000Z,4818,TRUE,FALSE,FALSE,TRUE,FALSE,FALSE,FALSE,FALSE
2018,F,NDE,United States,NDE,english,19,NA,1991-10-13T00:00:00.000Z,9832,FALSE,TRUE,FALSE,TRUE,FALSE,FALSE,FALSE,FALSE
2021,M,NDE,United States,NDE,english,5,NA,1983-01-18T00:00:00.000Z,2246,FALSE,FALSE,TRUE,TRUE,FALSE,FALSE,FALSE,FALSE
2025,M,NDE,unknown,NDE,english,7,NA,1984-01-18T00:00:00.000Z,7246,FALSE,FALSE,FALSE,TRUE,FALSE,FALSE,FALSE,FALSE
2027,F,NDE,Iraq,NDE,english,15,NA,2003-10-28T00:00:00.000Z,10224,TRUE,FALSE,FALSE,TRUE,FALSE,FALSE,FALSE,FALSE
2028,M,NDE,United States,NDE,english,11,NA,1971-01-18T00:00:00.000Z,6184,TRUE,FALSE,FALSE,TRUE,FALSE,FALSE,FALSE,FALSE
2030,F,NDE,United States,NDE,english,5,2004-01-01T00:00:00.000Z,1950-01-18T00:00:00.000Z,9588,TRUE,FALSE,FALSE,FALSE,FALSE,FALSE,FALSE,FALSE
2031,M,NDE,United States,NDE,english,18,NA,2001-05-17T00:00:00.000Z,5079,TRUE,FALSE,FALSE,TRUE,FALSE,FALSE,FALSE,FALSE
2034,F,NDE,United States,NDE,english,1,2004-01-01T00:00:00.000Z,2004-09-09T00:00:00.000Z,2956,TRUE,FALSE,FALSE,TRUE,FALSE,FALSE,FALSE,FALSE
2038,F,NDE,United States,NDE,english,23,NA,1965-01-01T00:00:00.000Z,5288,TRUE,TRUE,TRUE,TRUE,FALSE,FALSE,FALSE,TRUE
2040,F,NDE,Australia,NDE,english,13,2004-01-01T00:00:00.000Z,1990-06-24T00:00:00.000Z,5479,FALSE,FALSE,FALSE,TRUE,FALSE,FALSE,FALSE,FALSE
2042,F,NDE,United States,NDE,english,2,2004-01-01T00:00:00.000Z,1998-11-14T00:00:00.000Z,5282,TRUE,FALSE,FALSE,TRUE,FALSE,FALSE,FALSE,FALSE
2043,M,NDE,United States,NDE,english,21,NA,1973-01-01T00:00:00.000Z,11841,TRUE,TRUE,FALSE,TRUE,FALSE,FALSE,FALSE,FALSE
2045,M,NDE,United States,NDE,english,14,2004-01-01T00:00:00.000Z,NA,11505,TRUE,TRUE,FALSE,TRUE,FALSE,FALSE,FALSE,FALSE
2046,F,NDE,United States,NDE,english,10,2004-01-01T00:00:00.000Z,1959-01-01T00:00:00.000Z,3066,TRUE,FALSE,FALSE,TRUE,FALSE,FALSE,FALSE,FALSE
2047,F,NDE,United States,NDE,english,14,2004-01-01T00:00:00.000Z,1968-06-18T00:00:00.000Z,4039,FALSE,TRUE,FALSE,TRUE,FALSE,FALSE,FALSE,FALSE
2050,F,NDE,United States,NDE,english,17,NA,1975-09-17T00:00:00.000Z,12889,TRUE,FALSE,FALSE,TRUE,FALSE,FALSE,FALSE,FALSE
2051,F,NDE,United States,NDE,english,15,NA,1999-01-01T00:00:00.000Z,12653,TRUE,TRUE,TRUE,TRUE,FALSE,FALSE,FALSE,FALSE
2054,M,NDE,England,NDE,english,6,2004-01-01T00:00:00.000Z,2002-01-01T00:00:00.000Z,1231,FALSE,FALSE,FALSE,TRUE,FALSE,FALSE,TRUE,FALSE
2055,M,NDE,Canada,NDE,english,6,2004-01-01T00:00:00.000Z,1958-01-18T00:00:00.000Z,5847,FALSE,FALSE,FALSE,TRUE,FALSE,FALSE,FALSE,FALSE
2056,M,NDE,Puerto Rico,NDE,english,11,2004-01-01T00:00:00.000Z,2000-12-03T00:00:00.000Z,5608,FALSE,TRUE,TRUE,TRUE,FALSE,FALSE,TRUE,FALSE
2057,M,NDE,United States,NDE,english,11,NA,1961-01-01T00:00:00.000Z,9599,TRUE,FALSE,FALSE,TRUE,TRUE,FALSE,FALSE,FALSE
2060,F,NDE,Greece,NDE,english,11,NA,1975-01-01T00:00:00.000Z,9678,TRUE,FALSE,FALSE,TRUE,TRUE,FALSE,FALSE,FALSE
2061,M,NDE,United States,NDE,english,7,2004-01-01T00:00:00.000Z,1998-01-22T00:00:00.000Z,8147,FALSE,FALSE,FALSE,TRUE,FALSE,FALSE,FALSE,FALSE
2065,M,NDE,United States,NDE,english,15,NA,NA,1750,FALSE,FALSE,FALSE,TRUE,FALSE,FALSE,FALSE,FALSE
2067,M,NDE,Australia,NDE,english,10,2004-01-01T00:00:00.000Z,1998-11-21T00:00:00.000Z,6842,FALSE,FALSE,FALSE,FALSE,FALSE,FALSE,TRUE,FALSE
2068,F,NDE,United States,NDE,english,6,NA,1964-01-01T00:00:00.000Z,5736,FALSE,FALSE,FALSE,FALSE,FALSE,FALSE,FALSE,FALSE
2073,F,NDE,United States,NDE,english,10,NA,2000-07-04T00:00:00.000Z,4101,FALSE,FALSE,FALSE,FALSE,FALSE,FALSE,FALSE,FALSE
2075,M,NDE,United States,NDE,english,9,2004-11-14T00:00:00.000Z,1976-05-06T00:00:00.000Z,11246,TRUE,FALSE,TRUE,TRUE,FALSE,FALSE,FALSE,FALSE
2076,F,NDE,England,NDE,english,8,NA,1962-01-18T00:00:00.000Z,2573,TRUE,FALSE,FALSE,FALSE,TRUE,FALSE,FALSE,FALSE
2079,M,NDE,United States,NDE,english,8,NA,2003-08-15T00:00:00.000Z,2765,TRUE,FALSE,FALSE,TRUE,TRUE,FALSE,FALSE,FALSE
2080,M,NDE,United States,NDE,english,16,2004-11-21T00:00:00.000Z,2003-06-16T00:00:00.000Z,4697,FALSE,TRUE,FALSE,TRUE,FALSE,FALSE,FALSE,TRUE
2081,M,NDE,United States,NDE,english,7,2004-11-21T00:00:00.000Z,1994-10-13T00:00:00.000Z,6019,TRUE,FALSE,FALSE,TRUE,TRUE,FALSE,FALSE,FALSE
2082,F,NDE,Canada,NDE,english,16,2004-11-21T00:00:00.000Z,1994-01-01T00:00:00.000Z,14390,TRUE,FALSE,TRUE,TRUE,FALSE,FALSE,FALSE,FALSE
2084,F,NDE,United States,NDE,english,11,2004-11-27T00:00:00.000Z,2000-05-18T00:00:00.000Z,13991,TRUE,TRUE,FALSE,TRUE,FALSE,FALSE,FALSE,FALSE
2091,F,NDE,Canada,NDE,english,15,2004-12-12T00:00:00.000Z,1982-07-18T00:00:00.000Z,1759,TRUE,FALSE,FALSE,TRUE,TRUE,FALSE,FALSE,FALSE
2094,F,NDE,United States,NDE,english,10,2004-12-25T00:00:00.000Z,2002-01-01T00:00:00.000Z,2676,FALSE,FALSE,FALSE,TRUE,FALSE,FALSE,FALSE,FALSE
2095,M,NDE,United States,NDE,english,4,NA,1969-01-01T00:00:00.000Z,2590,TRUE,FALSE,FALSE,FALSE,FALSE,FALSE,FALSE,FALSE
2102,F,NDE,United States,NDE,english,18,2014-09-05T00:00:00.000Z,1962-01-01T00:00:00.000Z,28773,TRUE,TRUE,FALSE,TRUE,FALSE,FALSE,FALSE,FALSE
2103,M,NDE,United States,NDE,english,20,NA,1981-01-01T00:00:00.000Z,4698,TRUE,FALSE,FALSE,TRUE,FALSE,FALSE,FALSE,FALSE
2104,M,NDE,United States,NDE,english,10,2005-01-16T00:00:00.000Z,2000-07-25T00:00:00.000Z,6016,FALSE,TRUE,FALSE,TRUE,FALSE,FALSE,FALSE,FALSE
2107,F,NDE,United States,NDE,english,14,NA,1987-11-18T00:00:00.000Z,3067,FALSE,FALSE,FALSE,TRUE,FALSE,FALSE,FALSE,FALSE
2110,F,NDE,New Zealand,NDE,english,23,NA,NA,1833,FALSE,FALSE,FALSE,TRUE,TRUE,FALSE,TRUE,FALSE
2114,F,NDE,United States,NDE,english,19,2023-01-01T00:00:00.000Z,1976-01-01T00:00:00.000Z,9177,TRUE,TRUE,FALSE,FALSE,FALSE,FALSE,FALSE,FALSE
2117,M,NDE,United States,NDE,english,16,NA,1998-09-18T00:00:00.000Z,5944,TRUE,TRUE,FALSE,TRUE,FALSE,FALSE,FALSE,FALSE
2120,F,NDE,Spain,NDE,spanish,10,NA,1965-01-01T00:00:00.000Z,8225,TRUE,FALSE,FALSE,TRUE,TRUE,FALSE,FALSE,FALSE
2123,F,NDE,United States,NDE,english,19,2005-02-18T00:00:00.000Z,2001-08-21T00:00:00.000Z,4380,TRUE,FALSE,FALSE,TRUE,FALSE,FALSE,FALSE,FALSE
2124,M,NDE-Like,U,NDE-Like,english,11,NA,1991-11-23T00:00:00.000Z,2765,TRUE,FALSE,TRUE,TRUE,FALSE,FALSE,FALSE,FALSE
2126,M,NDE,United States,NDE,english,20,2005-02-16T00:00:00.000Z,1979-12-17T00:00:00.000Z,40263,TRUE,TRUE,FALSE,TRUE,FALSE,FALSE,FALSE,FALSE
2128,M,NDE,United States,NDE,english,11,2006-02-12T00:00:00.000Z,2004-12-28T00:00:00.000Z,4910,FALSE,TRUE,FALSE,TRUE,FALSE,FALSE,FALSE,FALSE
2129,F,NDE,United States,NDE,english,5,NA,1977-01-18T00:00:00.000Z,6141,TRUE,FALSE,FALSE,TRUE,FALSE,FALSE,FALSE,FALSE
2130,M,FDE,France,FDE,english,8,2005-02-15T00:00:00.000Z,2005-02-18T00:00:00.000Z,3537,TRUE,FALSE,FALSE,TRUE,FALSE,FALSE,FALSE,FALSE
2132,M,NDE,United States,NDE,english,2,2005-03-05T00:00:00.000Z,1982-04-23T00:00:00.000Z,4068,TRUE,FALSE,FALSE,TRUE,TRUE,FALSE,FALSE,FALSE
2134,F,NDE,United States,NDE,english,8,2005-03-05T00:00:00.000Z,2003-06-20T00:00:00.000Z,3056,TRUE,FALSE,TRUE,TRUE,TRUE,FALSE,FALSE,FALSE
2135,F,NDE,Canada,NDE,english,12,NA,1971-09-18T00:00:00.000Z,12987,TRUE,FALSE,FALSE,TRUE,TRUE,FALSE,FALSE,FALSE
2137,F,NDE,Egypt,NDE,english,17,2005-03-05T00:00:00.000Z,1992-01-18T00:00:00.000Z,6142,TRUE,FALSE,FALSE,TRUE,FALSE,FALSE,FALSE,FALSE
2138,F,NDE,United Kingdom,NDE,english,5,NA,1991-12-14T00:00:00.000Z,3818,TRUE,FALSE,FALSE,FALSE,FALSE,FALSE,FALSE,FALSE
2139,M,NDE,United States,NDE,english,15,2005-03-05T00:00:00.000Z,1983-01-18T00:00:00.000Z,1619,FALSE,FALSE,FALSE,TRUE,FALSE,TRUE,FALSE,FALSE
2140,M,NDE,United States,NDE,english,19,2005-03-05T00:00:00.000Z,1965-01-18T00:00:00.000Z,12443,TRUE,TRUE,FALSE,TRUE,FALSE,TRUE,FALSE,FALSE
2141,F,NDE,United States,NDE,english,8,2005-03-05T00:00:00.000Z,NA,3636,TRUE,FALSE,FALSE,TRUE,TRUE,FALSE,FALSE,FALSE
2142,F,NDE,United States,NDE,english,13,2005-03-05T00:00:00.000Z,2000-02-18T00:00:00.000Z,3608,FALSE,FALSE,FALSE,TRUE,FALSE,FALSE,FALSE,FALSE
2143,F,NDE,Spain,NDE,spanish,17,2005-03-05T00:00:00.000Z,1975-01-01T00:00:00.000Z,3952,TRUE,TRUE,TRUE,TRUE,TRUE,FALSE,FALSE,FALSE
2146,M,NDE,Romania,NDE,english,3,NA,1984-01-18T00:00:00.000Z,3066,TRUE,FALSE,FALSE,TRUE,TRUE,FALSE,FALSE,FALSE
2147,F,NDE,United States,NDE,english,17,2005-03-12T00:00:00.000Z,2001-10-16T00:00:00.000Z,6562,TRUE,FALSE,FALSE,TRUE,FALSE,FALSE,FALSE,FALSE
2151,M,NDE,United States,NDE,english,15,NA,2002-05-29T00:00:00.000Z,18201,FALSE,FALSE,FALSE,TRUE,FALSE,FALSE,FALSE,FALSE
2152,M,NDE,United States,NDE,english,13,NA,1988-09-14T00:00:00.000Z,4753,TRUE,TRUE,FALSE,TRUE,FALSE,FALSE,FALSE,FALSE
2156,M,NDE,United States,NDE,english,13,NA,1969-01-01T00:00:00.000Z,7853,TRUE,FALSE,FALSE,TRUE,TRUE,FALSE,FALSE,FALSE
2157,F,NDE,Australia,NDE,english,7,NA,1991-01-01T00:00:00.000Z,2181,FALSE,FALSE,FALSE,TRUE,FALSE,FALSE,FALSE,FALSE
2158,M,NDE,Scotland,NDE,english,20,2005-03-26T00:00:00.000Z,2004-10-21T00:00:00.000Z,5438,FALSE,FALSE,FALSE,TRUE,FALSE,FALSE,FALSE,FALSE
2160,M,NDE,United States,NDE,english,11,2005-03-26T00:00:00.000Z,1996-03-09T00:00:00.000Z,1820,TRUE,FALSE,FALSE,TRUE,TRUE,FALSE,FALSE,FALSE
2161,M,NDE,United States,NDE,english,10,2005-03-26T00:00:00.000Z,1987-08-18T00:00:00.000Z,2303,FALSE,FALSE,FALSE,TRUE,FALSE,FALSE,FALSE,FALSE
2164,M,NDE,Trinidad and Tobago,NDE,english,11,NA,2004-08-04T00:00:00.000Z,2410,TRUE,FALSE,FALSE,TRUE,FALSE,FALSE,FALSE,FALSE
2167,F,NDE,United States,NDE,spanish,13,NA,2001-01-01T00:00:00.000Z,5271,TRUE,FALSE,FALSE,TRUE,FALSE,FALSE,FALSE,FALSE
2168,M,NDE,United States,NDE,english,10,NA,NA,3877,FALSE,FALSE,FALSE,TRUE,FALSE,FALSE,FALSE,FALSE
2170,F,NDE,United States,NDE,english,14,2005-04-01T00:00:00.000Z,1972-01-18T00:00:00.000Z,9228,TRUE,FALSE,FALSE,TRUE,FALSE,FALSE,FALSE,FALSE
2171,F,NDE,United States,NDE,english,5,NA,1983-11-13T00:00:00.000Z,10478,FALSE,FALSE,FALSE,TRUE,FALSE,FALSE,FALSE,FALSE
2172,M,Possible NDE,United States,Possible NDE,english,7,2005-04-01T00:00:00.000Z,2005-03-27T00:00:00.000Z,1876,TRUE,FALSE,FALSE,FALSE,FALSE,FALSE,FALSE,FALSE
2173,M,Possible NDE,United States,Possible NDE,english,10,2005-04-01T00:00:00.000Z,1955-01-18T00:00:00.000Z,3411,FALSE,FALSE,FALSE,FALSE,FALSE,FALSE,FALSE,FALSE
2175,M,NDE,United States,NDE,english,21,NA,2004-06-07T00:00:00.000Z,44202,FALSE,TRUE,FALSE,TRUE,FALSE,FALSE,FALSE,FALSE
2176,M,NDE,United States,NDE,english,NA,NA,NA,8251,TRUE,FALSE,FALSE,TRUE,TRUE,FALSE,FALSE,FALSE
2181,M,NDE,United States,NDE,english,22,NA,1973-09-18T00:00:00.000Z,7152,TRUE,FALSE,FALSE,TRUE,FALSE,FALSE,FALSE,FALSE
2182,F,NDE,United States,NDE,english,14,NA,1953-01-01T00:00:00.000Z,4023,TRUE,FALSE,FALSE,TRUE,FALSE,FALSE,FALSE,FALSE
2186,F,Possible NDE,United States,Possible NDE,english,20,NA,1961-01-18T00:00:00.000Z,12803,TRUE,FALSE,FALSE,TRUE,TRUE,FALSE,FALSE,FALSE
2187,F,Probable NDE,Colombia,Probable NDE,spanish,7,NA,1997-01-01T00:00:00.000Z,8032,TRUE,FALSE,FALSE,TRUE,TRUE,FALSE,FALSE,FALSE
2190,F,NDE,United States,NDE,english,14,NA,1984-01-18T00:00:00.000Z,8486,FALSE,FALSE,FALSE,TRUE,FALSE,FALSE,FALSE,FALSE
2192,F,NDE,United States,NDE,english,20,2005-04-17T00:00:00.000Z,1993-04-12T00:00:00.000Z,1969,TRUE,FALSE,FALSE,TRUE,FALSE,FALSE,FALSE,FALSE
2193,F,NDE,United States,NDE,english,13,NA,2004-08-28T00:00:00.000Z,2377,FALSE,FALSE,FALSE,TRUE,FALSE,FALSE,FALSE,FALSE
2195,F,NDE,Canada,NDE,english,15,2005-04-17T00:00:00.000Z,1983-01-18T00:00:00.000Z,21059,FALSE,TRUE,FALSE,TRUE,FALSE,FALSE,FALSE,FALSE
2198,M,NDE,United States,NDE,english,7,NA,2000-06-08T00:00:00.000Z,9246,FALSE,FALSE,FALSE,TRUE,FALSE,FALSE,FALSE,FALSE
2199,M,NDE,Nederland,NDE,dutch,9,2005-04-30T00:00:00.000Z,2005-04-17T00:00:00.000Z,3035,TRUE,FALSE,FALSE,FALSE,FALSE,FALSE,FALSE,FALSE
2201,F,NDE,Scotland,NDE,english,13,2005-04-30T00:00:00.000Z,1974-01-01T00:00:00.000Z,6819,TRUE,FALSE,FALSE,TRUE,FALSE,FALSE,FALSE,FALSE
2202,M,NDE,United States,NDE,english,9,NA,1973-01-01T00:00:00.000Z,5571,TRUE,FALSE,FALSE,TRUE,TRUE,FALSE,FALSE,FALSE
2204,M,Probable NDE,Unknown,Probable NDE,english,4,NA,NA,1146,FALSE,FALSE,FALSE,TRUE,FALSE,FALSE,FALSE,FALSE
2211,F,NDE,United States,NDE,english,8,NA,2004-12-26T00:00:00.000Z,2309,FALSE,FALSE,FALSE,TRUE,FALSE,FALSE,FALSE,FALSE
2213,F,NDE,United Kingdom,NDE,english,22,2005-04-30T00:00:00.000Z,1996-06-18T00:00:00.000Z,11781,TRUE,TRUE,FALSE,TRUE,TRUE,FALSE,FALSE,FALSE
2219,M,OBE,UAE,OBE,arabic,15,NA,1986-01-01T00:00:00.000Z,6831,FALSE,FALSE,FALSE,FALSE,FALSE,FALSE,FALSE,FALSE
2223,F,NDE,United States,NDE,english,22,NA,1969-10-18T00:00:00.000Z,5402,TRUE,FALSE,FALSE,TRUE,FALSE,FALSE,FALSE,FALSE
2224,M,NDE-Like,U,NDE-Like,spanish,5,NA,2005-04-21T00:00:00.000Z,3147,TRUE,FALSE,TRUE,FALSE,FALSE,FALSE,FALSE,FALSE
2226,F,NDE,United Kingdom,Shared NDE,english,14,2006-02-04T00:00:00.000Z,2001-12-18T00:00:00.000Z,4616,FALSE,FALSE,FALSE,FALSE,FALSE,FALSE,FALSE,FALSE
2230,M,NDE,Canada,NDE,english,17,NA,NA,17596,FALSE,FALSE,FALSE,TRUE,FALSE,FALSE,FALSE,FALSE
2231,M,NDE,Argentina,NDE,spanish,17,2005-05-29T00:00:00.000Z,1976-01-01T00:00:00.000Z,15805,TRUE,FALSE,FALSE,TRUE,TRUE,FALSE,TRUE,TRUE
2232,F,Probable NDE,Spain,Probable NDE,spanish,10,2005-05-29T00:00:00.000Z,NA,7347,TRUE,FALSE,FALSE,TRUE,FALSE,FALSE,FALSE,FALSE
2233,M,NDE,United States,NDE,english,9,2006-04-02T00:00:00.000Z,NA,8417,TRUE,FALSE,FALSE,TRUE,FALSE,FALSE,FALSE,FALSE
2235,F,NDE,United States,NDE,english,5,NA,2000-12-03T00:00:00.000Z,1587,TRUE,FALSE,FALSE,TRUE,FALSE,FALSE,FALSE,FALSE
2236,M,NDE,United States,NDE,english,13,NA,2005-05-21T00:00:00.000Z,2718,FALSE,FALSE,FALSE,TRUE,FALSE,FALSE,FALSE,FALSE
2237,F,NDE,United States,NDE,english,15,2005-05-29T00:00:00.000Z,2003-02-02T00:00:00.000Z,7502,TRUE,TRUE,FALSE,TRUE,FALSE,FALSE,TRUE,FALSE
2238,F,NDE,United States,NDE,english,21,2005-05-29T00:00:00.000Z,1978-07-02T00:00:00.000Z,6144,FALSE,FALSE,FALSE,TRUE,FALSE,FALSE,FALSE,FALSE
2239,F,NDE,Chile,NDE,spanish,9,2005-05-30T00:00:00.000Z,2005-01-01T00:00:00.000Z,4866,TRUE,FALSE,FALSE,TRUE,FALSE,FALSE,FALSE,FALSE
2241,M,NDE,United States,NDE,english,19,2012-11-02T00:00:00.000Z,1971-01-01T00:00:00.000Z,25744,FALSE,FALSE,FALSE,TRUE,FALSE,TRUE,FALSE,FALSE
2242,F,NDE,United States,Secondhand NDE,english,17,NA,1991-11-18T00:00:00.000Z,3332,FALSE,FALSE,FALSE,TRUE,TRUE,FALSE,FALSE,FALSE
2243,M,NDE,Belgium,NDE,dutch,10,2005-06-17T00:00:00.000Z,2001-12-31T00:00:00.000Z,1552,FALSE,FALSE,FALSE,TRUE,FALSE,FALSE,FALSE,FALSE
2244,M,Probable NDE,Scotland,Probable NDE,english,16,2005-06-17T00:00:00.000Z,1998-01-01T00:00:00.000Z,9369,TRUE,FALSE,FALSE,FALSE,FALSE,FALSE,FALSE,FALSE
2245,F,NDE,Canada,NDE,english,21,2005-06-26T00:00:00.000Z,1989-06-18T00:00:00.000Z,4467,TRUE,FALSE,FALSE,TRUE,FALSE,FALSE,FALSE,FALSE
2246,M,NDE,United States,NDE,english,2,2005-06-17T00:00:00.000Z,1958-05-18T00:00:00.000Z,3594,TRUE,FALSE,FALSE,FALSE,FALSE,FALSE,FALSE,FALSE
2247,F,NDE-Like,Netherlands,NDE-Like,dutch,13,2005-07-10T00:00:00.000Z,2003-11-13T00:00:00.000Z,9369,FALSE,TRUE,FALSE,TRUE,FALSE,FALSE,FALSE,FALSE
2248,F,NDE,United States,NDE,english,12,2005-07-10T00:00:00.000Z,2003-05-01T00:00:00.000Z,5982,TRUE,FALSE,FALSE,TRUE,FALSE,FALSE,FALSE,FALSE
2253,F,NDE,Brazil,NDE,portuguese,9,2005-07-10T00:00:00.000Z,1990-01-01T00:00:00.000Z,2710,FALSE,FALSE,FALSE,TRUE,FALSE,FALSE,FALSE,FALSE
2255,M,NDE,Australia,NDE,english,7,2005-10-09T00:00:00.000Z,1986-01-01T00:00:00.000Z,4920,TRUE,FALSE,FALSE,TRUE,TRUE,FALSE,FALSE,FALSE
2256,M,NDE,United States,NDE,english,12,NA,1998-01-05T00:00:00.000Z,5011,FALSE,FALSE,FALSE,TRUE,FALSE,FALSE,FALSE,FALSE
2257,M,NDE,Afghanistan,NDE,spanish,13,2005-07-10T00:00:00.000Z,2002-01-01T00:00:00.000Z,10612,TRUE,FALSE,FALSE,TRUE,TRUE,FALSE,FALSE,FALSE
2259,F,NDE,Canada,NDE,english,4,2006-02-14T00:00:00.000Z,1961-01-01T00:00:00.000Z,1990,TRUE,FALSE,FALSE,FALSE,FALSE,FALSE,FALSE,FALSE
2260,M,NDE,Luxembourg,NDE,french,5,NA,NA,5153,TRUE,FALSE,FALSE,TRUE,TRUE,FALSE,FALSE,FALSE
2261,M,NDE,United States,NDE,english,18,2005-07-10T00:00:00.000Z,1994-12-20T00:00:00.000Z,4426,FALSE,TRUE,FALSE,TRUE,FALSE,FALSE,FALSE,FALSE
2265,M,NDE,South Africa,NDE,english,14,NA,2003-03-22T00:00:00.000Z,3014,TRUE,FALSE,FALSE,TRUE,FALSE,FALSE,FALSE,FALSE
2266,F,Possible NDE,Turkey,Possible NDE,turkish,2,NA,2002-10-10T00:00:00.000Z,1636,FALSE,FALSE,FALSE,FALSE,FALSE,FALSE,FALSE,FALSE
2267,M,NDE,MI,NDE,english,13,2005-07-10T00:00:00.000Z,1989-01-18T00:00:00.000Z,1038,TRUE,FALSE,FALSE,TRUE,FALSE,FALSE,FALSE,FALSE
2272,M,NDE,United States,NDE,english,17,NA,1997-02-13T00:00:00.000Z,4399,FALSE,FALSE,FALSE,TRUE,FALSE,FALSE,FALSE,FALSE
2273,M,NDE,United States,NDE,english,5,NA,1955-01-18T00:00:00.000Z,2630,FALSE,FALSE,FALSE,TRUE,FALSE,FALSE,TRUE,FALSE
2274,F,NDE,Costa Rica,NDE,spanish,18,2005-07-10T00:00:00.000Z,1989-02-24T00:00:00.000Z,15473,TRUE,FALSE,FALSE,TRUE,FALSE,FALSE,FALSE,FALSE
2276,F,NDE,United States,NDE,english,9,2005-07-10T00:00:00.000Z,2001-08-02T00:00:00.000Z,4980,TRUE,FALSE,FALSE,TRUE,FALSE,FALSE,FALSE,FALSE
2277,M,NDE,Australia,NDE,english,15,NA,NA,3766,FALSE,FALSE,FALSE,TRUE,FALSE,FALSE,FALSE,FALSE
2282,F,NDE,United States,NDE,english,16,NA,1987-01-01T00:00:00.000Z,4388,FALSE,FALSE,FALSE,TRUE,FALSE,FALSE,FALSE,FALSE
2283,F,NDE,United States,NDE,english,14,NA,1973-08-15T00:00:00.000Z,11544,TRUE,FALSE,FALSE,TRUE,FALSE,FALSE,FALSE,FALSE
2285,M,NDE,United States,NDE,english,7,2005-07-23T00:00:00.000Z,1987-07-18T00:00:00.000Z,5908,TRUE,TRUE,FALSE,TRUE,FALSE,FALSE,FALSE,FALSE
2286,M,NDE,United States,NDE,english,10,NA,2001-12-03T00:00:00.000Z,12840,TRUE,FALSE,FALSE,TRUE,FALSE,FALSE,FALSE,FALSE
2287,M,NDE,United States,NDE,english,16,2005-07-23T00:00:00.000Z,1962-06-18T00:00:00.000Z,7226,TRUE,FALSE,FALSE,TRUE,TRUE,FALSE,FALSE,FALSE
2290,F,NDE,United States,NDE,english,22,NA,1959-01-01T00:00:00.000Z,8219,TRUE,FALSE,TRUE,TRUE,FALSE,FALSE,FALSE,FALSE
2291,F,NDE-Like,United States,NDE-Like,english,14,NA,1978-01-18T00:00:00.000Z,5680,TRUE,TRUE,FALSE,TRUE,FALSE,FALSE,FALSE,FALSE
2292,M,NDE,United States,NDE,english,8,2005-08-13T00:00:00.000Z,2004-09-07T00:00:00.000Z,2159,TRUE,FALSE,FALSE,TRUE,TRUE,FALSE,FALSE,FALSE
2296,F,NDE,Peru,NDE,spanish,16,NA,1973-01-01T00:00:00.000Z,4109,TRUE,FALSE,FALSE,TRUE,FALSE,FALSE,FALSE,FALSE
2299,F,Probable NDE,United States,Probable NDE,english,15,NA,1984-09-23T00:00:00.000Z,7742,FALSE,TRUE,FALSE,TRUE,FALSE,FALSE,FALSE,FALSE
2300,M,NDE,United States,NDE,english,10,2005-08-13T00:00:00.000Z,2002-05-09T00:00:00.000Z,3863,FALSE,FALSE,FALSE,TRUE,FALSE,FALSE,FALSE,FALSE
2306,F,NDE,Portugal,NDE,pt,10,NA,1995-05-30T00:00:00.000Z,3294,FALSE,FALSE,FALSE,TRUE,FALSE,FALSE,FALSE,FALSE
2307,M,Probable NDE,Korea,Probable NDE,korean,1,NA,2002-10-18T00:00:00.000Z,6304,FALSE,FALSE,FALSE,TRUE,TRUE,FALSE,FALSE,FALSE
2308,F,NDE,United States,NDE,english,16,2005-09-06T00:00:00.000Z,2005-01-18T00:00:00.000Z,7586,FALSE,FALSE,FALSE,TRUE,FALSE,FALSE,FALSE,FALSE
2309,M,NDE,United States,NDE,english,10,2005-09-17T00:00:00.000Z,2001-02-08T00:00:00.000Z,6504,FALSE,FALSE,FALSE,TRUE,FALSE,FALSE,FALSE,FALSE
2313,F,NDE,India,Secondhand NDE,english,5,NA,NA,3181,FALSE,FALSE,FALSE,TRUE,FALSE,FALSE,FALSE,FALSE
2316,F,NDE,United States,NDE,english,7,NA,1969-01-01T00:00:00.000Z,5090,FALSE,FALSE,FALSE,TRUE,FALSE,FALSE,FALSE,FALSE
2317,M,NDE,Australia,NDE,english,8,NA,NA,2441,FALSE,FALSE,FALSE,FALSE,FALSE,FALSE,FALSE,FALSE
2318,F,NDE,India,NDE,english,6,2005-09-03T00:00:00.000Z,1980-06-01T00:00:00.000Z,2198,TRUE,FALSE,FALSE,FALSE,TRUE,FALSE,FALSE,FALSE
2319,M,NDE,United States,NDE,english,13,2005-09-04T00:00:00.000Z,1969-06-18T00:00:00.000Z,3853,TRUE,TRUE,FALSE,TRUE,FALSE,FALSE,FALSE,FALSE
2320,F,NDE,Florida,NDE,english,11,2005-09-03T00:00:00.000Z,2005-03-10T00:00:00.000Z,2344,FALSE,FALSE,FALSE,TRUE,FALSE,FALSE,FALSE,FALSE
2323,M,NDE,United Kingdom,NDE,english,13,2005-09-03T00:00:00.000Z,1990-01-01T00:00:00.000Z,3408,TRUE,FALSE,FALSE,TRUE,FALSE,FALSE,FALSE,FALSE
2324,M,NDE,Netherlands,NDE,dutch,19,NA,1984-01-01T00:00:00.000Z,12074,TRUE,TRUE,FALSE,TRUE,FALSE,FALSE,TRUE,FALSE
2325,F,NDE,United States,NDE,english,7,2005-09-03T00:00:00.000Z,1990-01-01T00:00:00.000Z,4210,TRUE,FALSE,FALSE,TRUE,FALSE,FALSE,FALSE,FALSE
2327,F,NDE,United States,NDE,english,14,2005-09-17T00:00:00.000Z,1976-01-01T00:00:00.000Z,4628,FALSE,FALSE,FALSE,TRUE,FALSE,FALSE,FALSE,FALSE
2328,F,NDE,United States,NDE,english,18,2005-09-17T00:00:00.000Z,1978-01-18T00:00:00.000Z,2438,TRUE,FALSE,FALSE,TRUE,FALSE,FALSE,FALSE,FALSE
2329,F,NDE,Canada,NDE,english,14,2005-09-17T00:00:00.000Z,2002-12-29T00:00:00.000Z,7621,FALSE,FALSE,FALSE,TRUE,FALSE,FALSE,FALSE,FALSE
2331,M,Possible NDE,Australia,Possible NDE,english,13,2005-09-17T00:00:00.000Z,1985-06-25T00:00:00.000Z,5301,FALSE,FALSE,FALSE,TRUE,FALSE,FALSE,FALSE,FALSE
2333,M,NDE,France,NDE,french,13,2005-09-17T00:00:00.000Z,2004-01-01T00:00:00.000Z,2346,FALSE,FALSE,FALSE,TRUE,FALSE,FALSE,FALSE,FALSE
2335,M,NDE,United States,NDE,english,0,2013-11-27T00:00:00.000Z,1955-06-15T00:00:00.000Z,37308,TRUE,TRUE,FALSE,TRUE,FALSE,TRUE,FALSE,FALSE
2338,F,NDE,Chile,NDE,spanish,14,NA,1991-01-01T00:00:00.000Z,13241,TRUE,FALSE,FALSE,TRUE,FALSE,FALSE,FALSE,FALSE
2339,M,Possible NDE,Netherlands,Anesthesia,dutch,7,NA,1981-01-01T00:00:00.000Z,3284,TRUE,FALSE,FALSE,TRUE,FALSE,FALSE,FALSE,FALSE
2341,F,NDE,Russia,NDE,english,7,2005-10-08T00:00:00.000Z,NA,2168,TRUE,FALSE,FALSE,TRUE,TRUE,FALSE,FALSE,FALSE
2346,M,NDE,France,Secondhand NDE,french,16,NA,1990-01-18T00:00:00.000Z,11424,TRUE,TRUE,TRUE,TRUE,TRUE,FALSE,FALSE,FALSE
2347,F,NDE,United Kingdom,NDE,english,11,NA,1969-09-09T00:00:00.000Z,2910,TRUE,FALSE,FALSE,TRUE,FALSE,FALSE,FALSE,FALSE
2348,F,NDE,United States,NDE,english,3,2006-02-05T00:00:00.000Z,2001-10-27T00:00:00.000Z,7354,FALSE,FALSE,FALSE,TRUE,FALSE,FALSE,FALSE,FALSE
2349,F,FDE,NA,FDE,english,17,2005-10-08T00:00:00.000Z,1994-07-18T00:00:00.000Z,22793,TRUE,TRUE,FALSE,TRUE,FALSE,FALSE,FALSE,FALSE
2355,F,NDE,United States,NDE,english,11,NA,1990-09-18T00:00:00.000Z,2853,FALSE,FALSE,FALSE,TRUE,FALSE,FALSE,FALSE,FALSE
2358,M,NDE,Australia,NDE,english,13,NA,1974-09-18T00:00:00.000Z,4702,TRUE,FALSE,FALSE,TRUE,FALSE,FALSE,FALSE,FALSE
2363,F,NDE,United States,NDE,english,11,NA,1977-01-01T00:00:00.000Z,3177,TRUE,FALSE,FALSE,TRUE,TRUE,FALSE,FALSE,FALSE
2364,M,NDE,Peru,NDE,spanish,20,NA,1973-01-01T00:00:00.000Z,12560,FALSE,TRUE,FALSE,TRUE,TRUE,FALSE,FALSE,FALSE
2366,F,NDE,Canada,NDE,english,20,2005-11-08T00:00:00.000Z,1963-07-18T00:00:00.000Z,9187,TRUE,FALSE,TRUE,TRUE,FALSE,FALSE,FALSE,FALSE
2367,M,NDE,Australia,NDE,english,15,NA,1954-02-21T00:00:00.000Z,5082,FALSE,FALSE,FALSE,TRUE,FALSE,FALSE,FALSE,FALSE
2371,F,NDE,United States,NDE,english,9,NA,1970-01-18T00:00:00.000Z,3595,FALSE,FALSE,FALSE,FALSE,TRUE,FALSE,FALSE,FALSE
2372,M,Probable NDE,Italy,Probable NDE,italian,9,NA,NA,3776,FALSE,FALSE,FALSE,TRUE,FALSE,FALSE,FALSE,FALSE
2373,F,NDE,United States,NDE,english,18,NA,NA,12690,TRUE,FALSE,FALSE,TRUE,FALSE,FALSE,FALSE,FALSE
2374,F,NDE,United States,NDE,english,19,2005-11-08T00:00:00.000Z,2005-10-03T00:00:00.000Z,9345,FALSE,FALSE,FALSE,TRUE,FALSE,FALSE,FALSE,FALSE
2375,F,NDE,Brazil,NDE,portuguese,12,2013-06-28T00:00:00.000Z,1955-01-01T00:00:00.000Z,6193,TRUE,FALSE,FALSE,TRUE,FALSE,FALSE,FALSE,FALSE
2376,M,NDE,United States,NDE,english,7,2005-11-08T00:00:00.000Z,2005-06-01T00:00:00.000Z,3104,FALSE,FALSE,FALSE,TRUE,FALSE,FALSE,FALSE,FALSE
2377,F,NDE,Dominican Republic,NDE,spanish,16,2005-11-12T00:00:00.000Z,2004-06-16T00:00:00.000Z,8640,FALSE,TRUE,TRUE,TRUE,FALSE,FALSE,FALSE,FALSE
2379,M,NDE,United States,NDE,english,23,2005-12-04T00:00:00.000Z,1957-03-31T00:00:00.000Z,11581,TRUE,TRUE,FALSE,TRUE,TRUE,FALSE,FALSE,FALSE
2381,F,NDE,United States,NDE,english,17,2005-11-08T00:00:00.000Z,1974-08-18T00:00:00.000Z,5639,TRUE,FALSE,FALSE,TRUE,FALSE,FALSE,FALSE,FALSE
2385,M,NDE,United States,NDE,english,6,NA,2004-12-27T00:15:00.000Z,6093,FALSE,TRUE,FALSE,TRUE,FALSE,FALSE,FALSE,FALSE
2386,F,NDE,United States,NDE,english,17,NA,1987-10-18T00:00:00.000Z,7180,TRUE,FALSE,FALSE,TRUE,TRUE,FALSE,FALSE,FALSE
2388,F,NDE,South Africa,NDE,afrikaans,17,2005-11-12T00:00:00.000Z,2001-08-14T00:00:00.000Z,6771,FALSE,FALSE,FALSE,TRUE,FALSE,FALSE,FALSE,FALSE
2389,M,NDE,United Kingdom,NDE,english,6,NA,2024-01-05T00:00:00.000Z,1372,FALSE,FALSE,FALSE,FALSE,FALSE,FALSE,FALSE,FALSE
2390,M,NDE,United States,NDE,english,7,2005-11-12T00:00:00.000Z,1997-01-01T00:00:00.000Z,3510,TRUE,FALSE,FALSE,TRUE,FALSE,FALSE,FALSE,FALSE
2392,F,NDE,United States,NDE,english,13,2005-11-12T00:00:00.000Z,2001-05-18T00:00:00.000Z,5193,FALSE,FALSE,FALSE,TRUE,FALSE,FALSE,FALSE,FALSE
2393,M,Probable NDE,China,Probable NDE,chinese,21,NA,1994-01-01T00:00:00.000Z,5837,TRUE,FALSE,FALSE,TRUE,FALSE,FALSE,FALSE,FALSE
2396,F,NDE,United States,NDE,english,16,NA,1989-01-14T00:00:00.000Z,7531,TRUE,FALSE,FALSE,TRUE,FALSE,FALSE,FALSE,FALSE
2398,F,NDE,United States,NDE,english,7,2005-11-19T00:00:00.000Z,2002-09-29T00:00:00.000Z,3223,FALSE,FALSE,FALSE,TRUE,FALSE,FALSE,FALSE,FALSE
2403,M,NDE,United States,NDE,english,7,2005-11-26T00:00:00.000Z,2004-08-18T00:00:00.000Z,2641,FALSE,FALSE,TRUE,TRUE,FALSE,FALSE,FALSE,FALSE
2405,M,NDE,United States,NDE,english,12,2005-11-26T00:00:00.000Z,1985-01-18T00:00:00.000Z,5233,TRUE,FALSE,FALSE,TRUE,FALSE,FALSE,FALSE,FALSE
2406,F,Possible NDE,Brasil,Possible NDE,portuguese,6,NA,1999-08-12T00:00:00.000Z,4291,FALSE,FALSE,FALSE,TRUE,FALSE,FALSE,FALSE,FALSE
2407,F,NDE,United States,NDE,english,12,2005-11-26T00:00:00.000Z,1950-01-01T00:00:00.000Z,6750,TRUE,TRUE,FALSE,TRUE,TRUE,FALSE,FALSE,FALSE
2408,M,NDE,United States,NDE,english,19,2006-01-10T00:00:00.000Z,1962-01-18T00:00:00.000Z,29900,TRUE,TRUE,FALSE,TRUE,FALSE,TRUE,TRUE,FALSE
2410,F,NDE,United States,NDE,english,16,2005-12-04T00:00:00.000Z,1974-01-01T00:00:00.000Z,8252,TRUE,FALSE,FALSE,TRUE,TRUE,FALSE,FALSE,FALSE
2414,F,NDE,Germany,NDE,german,15,NA,2003-09-25T00:00:00.000Z,4344,TRUE,FALSE,FALSE,TRUE,FALSE,FALSE,FALSE,FALSE
2415,M,Probable NDE,Egypt,Probable NDE,arabic,15,2006-05-12T00:00:00.000Z,1999-09-17T00:00:00.000Z,3354,TRUE,FALSE,FALSE,TRUE,FALSE,FALSE,FALSE,FALSE
2417,F,NDE-Like,Chile,NDE-Like,spanish,3,2006-05-27T00:00:00.000Z,1999-01-01T00:00:00.000Z,4830,TRUE,FALSE,FALSE,TRUE,FALSE,TRUE,FALSE,FALSE
2420,M,NDE,France,NDE,french,12,NA,1989-01-01T00:00:00.000Z,7898,FALSE,FALSE,FALSE,FALSE,FALSE,FALSE,TRUE,FALSE
2422,M,NDE,United States,NDE,english,20,2006-01-08T00:00:00.000Z,1963-01-18T00:00:00.000Z,78070,TRUE,TRUE,FALSE,TRUE,TRUE,FALSE,TRUE,FALSE
2424,F,NDE,United States,NDE,english,14,2005-12-25T00:00:00.000Z,2005-01-01T00:00:00.000Z,3013,FALSE,FALSE,FALSE,TRUE,FALSE,FALSE,FALSE,FALSE
2427,M,NDE,United States,NDE,english,12,NA,2005-07-04T00:00:00.000Z,2436,FALSE,FALSE,FALSE,TRUE,FALSE,FALSE,FALSE,FALSE
2428,M,NDE,United States,NDE,english,12,NA,1972-01-01T00:00:00.000Z,29631,TRUE,TRUE,FALSE,TRUE,TRUE,FALSE,FALSE,FALSE
2429,F,NDE,Italy,NDE,italian,2,2005-12-25T00:00:00.000Z,2003-01-01T00:00:00.000Z,3506,TRUE,FALSE,FALSE,TRUE,TRUE,FALSE,FALSE,FALSE
2432,F,NDE,United States,NDE,english,13,NA,1999-07-18T00:00:00.000Z,7319,TRUE,FALSE,FALSE,TRUE,FALSE,FALSE,FALSE,FALSE
2434,M,NDE,United States,NDE,english,20,2005-12-25T00:00:00.000Z,1980-09-18T00:00:00.000Z,5399,TRUE,FALSE,FALSE,TRUE,FALSE,FALSE,FALSE,FALSE
2435,M,NDE,United States,NDE,english,5,2005-12-25T00:00:00.000Z,2000-10-04T00:00:00.000Z,4495,TRUE,FALSE,FALSE,TRUE,FALSE,FALSE,FALSE,FALSE
2436,F,NDE,Springfield,NDE,english,3,2005-12-25T00:00:00.000Z,2005-06-23T00:00:00.000Z,1858,FALSE,FALSE,TRUE,FALSE,FALSE,FALSE,FALSE,FALSE
2439,M,NDE,Viet Nam,NDE,english,16,NA,1968-08-18T00:00:00.000Z,6030,TRUE,FALSE,FALSE,TRUE,FALSE,FALSE,FALSE,FALSE
2441,F,NDE,Austria,NDEs,english,2,NA,NA,34687,FALSE,FALSE,FALSE,TRUE,FALSE,FALSE,FALSE,FALSE
2444,M,NDE,United States,NDE,english,16,NA,1994-01-18T00:00:00.000Z,5124,FALSE,TRUE,FALSE,TRUE,FALSE,FALSE,FALSE,FALSE
2445,F,NDE,Italy,NDE,english,12,NA,1994-01-18T00:00:00.000Z,3807,TRUE,FALSE,FALSE,TRUE,FALSE,FALSE,FALSE,FALSE
2448,F,NDE,United States,NDE,english,10,NA,1986-06-20T00:00:00.000Z,2907,FALSE,FALSE,FALSE,TRUE,FALSE,FALSE,FALSE,FALSE
2449,M,NDE,Ecuador,NDE,spanish,7,NA,2005-01-01T00:00:00.000Z,2808,TRUE,FALSE,FALSE,TRUE,FALSE,FALSE,FALSE,FALSE
2450,F,ADC,United States,NDE-Like,english,10,2006-01-01T00:00:00.000Z,2005-11-06T00:00:00.000Z,5134,TRUE,FALSE,FALSE,FALSE,FALSE,FALSE,FALSE,FALSE
2451,F,NDE,United States,NDE,english,12,2006-03-04T00:00:00.000Z,1973-01-18T00:00:00.000Z,4637,TRUE,FALSE,FALSE,TRUE,FALSE,FALSE,FALSE,FALSE
2452,F,NDE,Australia,NDE,english,7,2006-01-01T00:00:00.000Z,2005-11-28T00:00:00.000Z,14350,TRUE,FALSE,FALSE,TRUE,FALSE,FALSE,FALSE,FALSE
2454,F,FDE,France,FDE,english,8,2006-01-07T00:00:00.000Z,1980-06-01T00:00:00.000Z,3742,TRUE,FALSE,FALSE,TRUE,FALSE,FALSE,FALSE,FALSE
2455,F,NDE,United States,NDE,english,8,NA,1981-05-18T00:00:00.000Z,3444,TRUE,FALSE,FALSE,TRUE,TRUE,FALSE,FALSE,FALSE
2456,M,NDE,Netherlands,NDE,dutch,21,2006-01-07T00:00:00.000Z,1954-01-01T00:00:00.000Z,1723,FALSE,FALSE,FALSE,TRUE,FALSE,FALSE,FALSE,FALSE
2457,M,NDE,Puerto Rico,NDE,spanish,15,2006-01-07T00:00:00.000Z,1991-01-18T00:00:00.000Z,6954,FALSE,FALSE,FALSE,TRUE,FALSE,FALSE,FALSE,FALSE
2460,M,NDE,Mexico,NDE,spanish,10,NA,2005-01-01T00:00:00.000Z,1956,TRUE,FALSE,FALSE,TRUE,FALSE,FALSE,FALSE,FALSE
2461,F,NDE,Australia,NDE,english,10,NA,1980-04-25T00:00:00.000Z,4587,TRUE,FALSE,FALSE,TRUE,FALSE,FALSE,FALSE,FALSE
2463,M,NDE,United States,NDE,english,21,2006-01-15T00:00:00.000Z,1971-01-18T00:00:00.000Z,3666,FALSE,TRUE,FALSE,TRUE,FALSE,FALSE,FALSE,FALSE
2464,F,NDE,United States,NDE,english,2,2006-03-04T00:00:00.000Z,2004-04-18T00:00:00.000Z,13899,TRUE,FALSE,FALSE,TRUE,FALSE,FALSE,FALSE,FALSE
2466,M,NDE,United States,NDE,english,14,2006-02-05T00:00:00.000Z,1995-10-18T00:00:00.000Z,2972,FALSE,FALSE,FALSE,TRUE,FALSE,TRUE,FALSE,FALSE
2467,M,Possible NDE,Morocco,Possible NDE,arabic,7,NA,1988-09-15T00:00:00.000Z,2184,FALSE,FALSE,FALSE,TRUE,FALSE,FALSE,FALSE,FALSE
2470,M,NDE,United States,NDE,english,11,NA,1964-01-18T00:00:00.000Z,10056,FALSE,FALSE,TRUE,TRUE,FALSE,FALSE,FALSE,FALSE
2471,F,NDE,Australia,NDE,english,21,2006-01-28T00:00:00.000Z,1998-03-10T00:00:00.000Z,4205,FALSE,TRUE,FALSE,TRUE,FALSE,FALSE,FALSE,FALSE
2474,M,NDE,United States,NDE,english,14,2006-01-28T00:00:00.000Z,1966-11-21T00:00:00.000Z,1864,FALSE,FALSE,FALSE,TRUE,FALSE,FALSE,FALSE,FALSE
2476,F,NDE,United States,NDE,english,15,2006-01-28T00:00:00.000Z,1955-01-01T00:00:00.000Z,8188,TRUE,FALSE,FALSE,TRUE,FALSE,FALSE,FALSE,FALSE
2477,F,Probable NDE,United States,Probable NDE,english,9,2006-01-28T00:00:00.000Z,2004-10-18T00:00:00.000Z,7500,FALSE,FALSE,FALSE,TRUE,FALSE,TRUE,FALSE,FALSE
2479,M,NDE,Saudi Arabia,NDE,arabic,9,2006-01-28T00:00:00.000Z,2005-05-11T00:00:00.000Z,2016,FALSE,FALSE,FALSE,TRUE,FALSE,FALSE,FALSE,FALSE
2483,F,NDE,United States,NDE,english,9,2006-02-03T00:00:00.000Z,2006-01-31T00:00:00.000Z,3913,FALSE,FALSE,FALSE,TRUE,FALSE,FALSE,FALSE,FALSE
2484,F,Possible NDE,Chile,Possible NDE,spanish,3,2006-02-03T00:00:00.000Z,1988-01-01T00:00:00.000Z,2365,TRUE,FALSE,FALSE,TRUE,FALSE,FALSE,FALSE,FALSE
2485,F,NDE,Missouri,NDE,english,13,2006-02-03T00:00:00.000Z,2000-12-18T00:00:00.000Z,9041,FALSE,FALSE,FALSE,TRUE,FALSE,FALSE,FALSE,FALSE
2491,M,NDE,Peru,NDE,spanish,6,2006-02-11T00:00:00.000Z,1981-01-01T00:00:00.000Z,4965,FALSE,FALSE,FALSE,TRUE,FALSE,FALSE,FALSE,FALSE
2492,F,Probable NDE,Canada,Probable NDE,english,19,2006-02-11T00:00:00.000Z,2000-07-18T00:00:00.000Z,5354,TRUE,FALSE,FALSE,TRUE,TRUE,FALSE,FALSE,FALSE
2493,F,NDE,Georgia,NDE,english,7,2006-02-11T00:00:00.000Z,NA,2124,FALSE,FALSE,FALSE,TRUE,FALSE,FALSE,FALSE,FALSE
2494,M,NDE,United States,NDE,english,3,2006-02-11T00:00:00.000Z,2000-05-28T00:00:00.000Z,8307,TRUE,FALSE,FALSE,TRUE,FALSE,FALSE,FALSE,FALSE
2495,M,NDE,Palestine,NDE,arabic,11,2006-02-17T00:00:00.000Z,2004-01-30T00:00:00.000Z,1495,FALSE,FALSE,FALSE,TRUE,FALSE,FALSE,FALSE,FALSE
2498,M,NDE,Denmark,NDE,danish,10,2006-02-17T00:00:00.000Z,1986-01-01T00:00:00.000Z,6742,FALSE,TRUE,FALSE,TRUE,FALSE,FALSE,FALSE,FALSE
2499,F,NDE,Bolivia,NDE,spanish,18,2006-02-17T00:00:00.000Z,1996-09-21T00:00:00.000Z,3711,FALSE,TRUE,FALSE,TRUE,FALSE,FALSE,FALSE,FALSE
2501,M,NDE,United States,NDE,english,9,2006-02-17T00:00:00.000Z,1985-01-18T00:00:00.000Z,2110,TRUE,FALSE,FALSE,TRUE,FALSE,FALSE,FALSE,FALSE
2502,M,NDE,South Africa,NDE,english,10,2006-02-17T00:00:00.000Z,2005-01-01T00:00:00.000Z,8820,TRUE,FALSE,FALSE,TRUE,TRUE,FALSE,FALSE,FALSE
2503,M,NDE,United States,NDE,english,6,2006-02-22T00:00:00.000Z,2002-07-03T00:00:00.000Z,5404,FALSE,FALSE,TRUE,TRUE,FALSE,FALSE,FALSE,FALSE
2504,F,NDE,Philippines,NDE,english,19,2006-02-22T00:00:00.000Z,NA,10812,TRUE,FALSE,FALSE,TRUE,TRUE,FALSE,FALSE,FALSE
2506,M,NDE,United States,NDE,english,10,2006-03-02T00:00:00.000Z,1975-01-18T00:00:00.000Z,3462,TRUE,FALSE,FALSE,TRUE,FALSE,FALSE,FALSE,FALSE
2507,F,NDE,United States,NDE,english,10,2006-03-02T00:00:00.000Z,1986-06-10T00:00:00.000Z,4742,FALSE,FALSE,FALSE,TRUE,FALSE,FALSE,FALSE,FALSE
2509,M,NDE,United States,NDE,english,11,2006-03-02T00:00:00.000Z,2006-02-17T00:00:00.000Z,9958,TRUE,FALSE,FALSE,TRUE,FALSE,FALSE,FALSE,FALSE
2510,M,NDE,United States,NDE,english,16,2006-03-02T00:00:00.000Z,1980-01-18T00:00:00.000Z,3402,TRUE,FALSE,FALSE,TRUE,FALSE,FALSE,FALSE,FALSE
2511,F,Probable NDE,United States,Probable NDE,english,9,2006-03-02T00:00:00.000Z,2004-08-03T00:00:00.000Z,3732,FALSE,FALSE,FALSE,TRUE,FALSE,FALSE,FALSE,FALSE
2513,M,Probable NDE,United States,Probable NDE,english,10,2006-03-02T00:00:00.000Z,2002-01-18T00:00:00.000Z,8433,FALSE,FALSE,TRUE,TRUE,FALSE,FALSE,FALSE,FALSE
2515,F,NDE,United States,NDE,english,5,2006-03-09T00:00:00.000Z,2005-01-18T00:00:00.000Z,2011,FALSE,FALSE,FALSE,FALSE,FALSE,FALSE,FALSE,FALSE
2518,M,NDE,England,NDE,english,14,2006-03-09T00:00:00.000Z,2004-08-09T00:00:00.000Z,3128,FALSE,FALSE,FALSE,TRUE,FALSE,FALSE,FALSE,FALSE
2521,F,FDE,U,FDE,english,14,2006-03-09T00:00:00.000Z,NA,9563,TRUE,FALSE,FALSE,TRUE,FALSE,FALSE,FALSE,FALSE
2522,M,NDE,Italy,NDE,italian,18,2006-03-09T00:00:00.000Z,1986-06-21T00:00:00.000Z,4165,TRUE,FALSE,FALSE,TRUE,FALSE,FALSE,FALSE,FALSE
2524,F,Probable NDE,United States,Probable NDE,english,16,2006-03-09T00:00:00.000Z,1987-08-02T00:00:00.000Z,5762,TRUE,FALSE,FALSE,FALSE,FALSE,FALSE,FALSE,FALSE
2525,M,NDE,United States,NDE,english,7,2006-03-09T00:00:00.000Z,1994-01-18T00:00:00.000Z,2567,FALSE,FALSE,FALSE,TRUE,FALSE,FALSE,FALSE,FALSE
2526,F,NDE,United States,NDE,english,7,2006-03-09T00:00:00.000Z,2006-03-09T00:00:00.000Z,3667,TRUE,FALSE,FALSE,TRUE,TRUE,FALSE,FALSE,FALSE
2527,F,NDE,United States,NDE,english,20,2006-03-09T00:00:00.000Z,1981-01-18T00:00:00.000Z,10787,TRUE,FALSE,FALSE,TRUE,FALSE,FALSE,FALSE,FALSE
2528,M,NDE,various,NDE,english,19,2006-03-16T00:00:00.000Z,NA,9126,FALSE,TRUE,FALSE,TRUE,FALSE,FALSE,FALSE,FALSE
2529,F,NDE,United States,NDE,english,6,2006-03-16T00:00:00.000Z,1975-01-01T00:00:00.000Z,5314,FALSE,FALSE,FALSE,FALSE,FALSE,FALSE,FALSE,FALSE
2530,F,NDE,Chile,NDE,spanish,9,2006-03-16T00:00:00.000Z,NA,4102,TRUE,FALSE,FALSE,TRUE,FALSE,FALSE,FALSE,FALSE
2532,F,Possible NDE,United States,Possible NDE,english,14,2006-03-16T00:00:00.000Z,1986-12-12T00:00:00.000Z,3485,FALSE,FALSE,TRUE,TRUE,FALSE,FALSE,FALSE,FALSE
2533,F,NDE,United States,NDE,english,1,2006-03-16T00:00:00.000Z,NA,1901,FALSE,FALSE,FALSE,TRUE,FALSE,FALSE,FALSE,FALSE
2535,M,NDE,England,NDE,english,14,2006-03-25T00:00:00.000Z,1994-07-14T00:00:00.000Z,9263,TRUE,TRUE,FALSE,TRUE,TRUE,FALSE,FALSE,FALSE
2538,M,NDE,United States,NDE,english,24,2006-03-25T00:00:00.000Z,1977-01-01T00:00:00.000Z,15826,FALSE,TRUE,FALSE,TRUE,FALSE,FALSE,FALSE,FALSE
2543,M,NDE,United States,NDE,english,12,2006-03-25T00:00:00.000Z,1996-08-24T00:00:00.000Z,14378,TRUE,TRUE,FALSE,TRUE,FALSE,TRUE,FALSE,FALSE
2545,M,NDE,Mexico,NDE,spanish,12,2006-04-01T00:00:00.000Z,1984-01-01T00:00:00.000Z,14112,FALSE,FALSE,FALSE,FALSE,FALSE,FALSE,FALSE,FALSE
2548,M,NDE,United States,NDE,english,22,2006-04-13T00:00:00.000Z,1996-04-18T00:00:00.000Z,5159,TRUE,TRUE,FALSE,TRUE,FALSE,FALSE,FALSE,FALSE
2551,M,NDE,United States,NDE,english,13,2006-04-13T00:00:00.000Z,1963-01-01T00:00:00.000Z,5557,FALSE,TRUE,FALSE,TRUE,FALSE,FALSE,FALSE,FALSE
2553,M,NDE,United States,NDE,english,10,2006-04-13T00:00:00.000Z,1984-01-01T00:00:00.000Z,3856,FALSE,FALSE,FALSE,TRUE,FALSE,FALSE,FALSE,FALSE
2556,F,NDE,United States,NDE,english,1,2006-04-13T00:00:00.000Z,1949-01-01T00:00:00.000Z,7361,TRUE,FALSE,FALSE,TRUE,TRUE,FALSE,FALSE,FALSE
2559,M,NDE,United States,NDE,english,10,2006-04-13T00:00:00.000Z,1983-01-18T00:00:00.000Z,6400,FALSE,FALSE,FALSE,TRUE,FALSE,FALSE,FALSE,FALSE
2563,F,ADC;SDE,Ukraine,Shared NDE,english,18,2006-04-13T00:00:00.000Z,1962-01-01T00:00:00.000Z,4261,FALSE,FALSE,FALSE,FALSE,FALSE,FALSE,FALSE,FALSE
2568,M,NDE,United States,NDE,english,18,2006-04-13T00:00:00.000Z,1963-08-18T00:00:00.000Z,6249,TRUE,TRUE,FALSE,TRUE,TRUE,FALSE,FALSE,FALSE
2569,F,NDE,United Kingdom,NDE,english,4,2006-04-13T00:00:00.000Z,1959-11-01T00:00:00.000Z,4259,TRUE,FALSE,FALSE,TRUE,FALSE,FALSE,FALSE,FALSE
2571,M,NDE,Europe,NDE,english,21,2006-04-13T00:00:00.000Z,NA,4658,TRUE,TRUE,FALSE,TRUE,FALSE,FALSE,FALSE,FALSE
2572,F,NDE,Australia,NDE,english,8,2006-04-29T00:00:00.000Z,1979-01-18T00:00:00.000Z,9077,TRUE,FALSE,FALSE,TRUE,TRUE,FALSE,FALSE,FALSE
2573,M,NDE,Mecca,NDE,arabic,9,2006-04-13T00:00:00.000Z,2001-01-18T00:00:00.000Z,2527,FALSE,FALSE,FALSE,TRUE,FALSE,FALSE,FALSE,FALSE
2574,F,NDE,Canada,NDE,english,10,2006-04-13T00:00:00.000Z,2006-01-01T00:00:00.000Z,2642,TRUE,FALSE,TRUE,FALSE,FALSE,FALSE,FALSE,FALSE
2575,M,NDE,United States,NDE,english,4,2006-04-13T00:00:00.000Z,1979-06-18T00:00:00.000Z,2198,TRUE,FALSE,FALSE,FALSE,TRUE,FALSE,FALSE,FALSE
2576,M,NDE,United States,NDE,english,3,2006-04-13T00:00:00.000Z,1980-03-18T00:00:00.000Z,8130,TRUE,FALSE,FALSE,TRUE,FALSE,FALSE,FALSE,FALSE
2578,F,NDE,United States,NDE,english,17,2006-04-20T00:00:00.000Z,1961-01-09T00:00:00.000Z,8913,FALSE,TRUE,FALSE,TRUE,FALSE,FALSE,FALSE,FALSE
2586,F,NDE,United States,NDE,english,6,2006-04-29T00:00:00.000Z,1969-01-18T00:00:00.000Z,2926,TRUE,FALSE,FALSE,TRUE,TRUE,FALSE,FALSE,FALSE
2587,F,NDE,United States,NDE,english,15,2006-04-29T00:00:00.000Z,2000-01-01T00:00:00.000Z,6055,FALSE,TRUE,FALSE,TRUE,FALSE,FALSE,FALSE,FALSE
2588,F,NDE,United States,NDE,english,6,2006-04-29T00:00:00.000Z,2004-07-17T00:00:00.000Z,2460,FALSE,FALSE,FALSE,TRUE,FALSE,FALSE,FALSE,FALSE
2589,F,NDE,United States,NDE,english,4,2006-04-29T00:00:00.000Z,1981-01-18T00:00:00.000Z,6382,TRUE,FALSE,FALSE,TRUE,FALSE,FALSE,FALSE,FALSE
2591,F,NDE,Mexico,NDE,spanish,9,2006-04-29T00:00:00.000Z,1980-01-01T00:00:00.000Z,3125,FALSE,FALSE,FALSE,TRUE,FALSE,FALSE,FALSE,FALSE
2592,F,FDE,United States,FDE,english,14,2006-04-29T00:00:00.000Z,1979-01-18T00:00:00.000Z,3476,TRUE,FALSE,FALSE,TRUE,FALSE,FALSE,FALSE,FALSE
2593,F,NDE,Turkey,NDE,turkish,11,2006-04-29T00:00:00.000Z,1995-01-01T00:00:00.000Z,3996,TRUE,FALSE,FALSE,TRUE,FALSE,FALSE,FALSE,FALSE
2597,M,NDE,Canada,NDE,english,21,2006-04-29T00:00:00.000Z,1972-05-18T00:00:00.000Z,2407,TRUE,FALSE,FALSE,TRUE,FALSE,FALSE,FALSE,FALSE
2598,F,NDE,Canada,NDE,english,12,2006-04-29T00:00:00.000Z,1960-06-18T00:00:00.000Z,3241,TRUE,FALSE,FALSE,TRUE,FALSE,FALSE,FALSE,FALSE
2601,M,NDE,United States,NDE,english,3,2006-04-29T00:00:00.000Z,1996-12-18T00:00:00.000Z,3766,TRUE,FALSE,FALSE,FALSE,FALSE,FALSE,FALSE,FALSE
2603,M,NDE,United States,NDE,english,8,2006-04-29T00:00:00.000Z,1982-07-18T00:00:00.000Z,4206,FALSE,FALSE,FALSE,TRUE,FALSE,FALSE,FALSE,FALSE
2604,F,NDE,United States,NDE,english,18,2006-04-29T00:00:00.000Z,2000-10-09T00:00:00.000Z,10469,TRUE,FALSE,FALSE,TRUE,FALSE,FALSE,FALSE,FALSE
2605,F,NDE,United States,NDE,english,1,2006-04-29T00:00:00.000Z,2003-02-27T00:00:00.000Z,3008,TRUE,FALSE,FALSE,TRUE,FALSE,FALSE,FALSE,FALSE
2607,M,NDE,United States,NDE,english,14,2006-04-29T00:00:00.000Z,1981-11-24T00:00:00.000Z,4845,TRUE,FALSE,FALSE,TRUE,FALSE,FALSE,FALSE,FALSE
2610,M,NDE,United States,NDE,english,10,2006-04-29T00:00:00.000Z,1968-01-18T00:00:00.000Z,1666,FALSE,FALSE,FALSE,TRUE,FALSE,FALSE,FALSE,FALSE
2613,M,NDE,United States,NDE,english,3,2006-04-29T00:00:00.000Z,1974-01-18T00:00:00.000Z,1581,FALSE,FALSE,FALSE,TRUE,FALSE,FALSE,FALSE,FALSE
2614,M,NDE,United States,NDE,english,16,2006-04-29T00:00:00.000Z,1994-01-18T00:00:00.000Z,5281,TRUE,FALSE,FALSE,TRUE,TRUE,FALSE,TRUE,FALSE
2615,F,NDE,Canada,NDE,english,17,2006-04-29T00:00:00.000Z,1968-06-30T00:00:00.000Z,4977,TRUE,FALSE,FALSE,TRUE,FALSE,FALSE,FALSE,FALSE
2616,F,NDE,United States,NDE,english,18,2006-04-29T00:00:00.000Z,1971-01-18T00:00:00.000Z,5292,TRUE,FALSE,FALSE,TRUE,FALSE,FALSE,FALSE,FALSE
2617,F,NDE,United States,NDE,english,12,2006-04-29T00:00:00.000Z,1966-01-18T00:00:00.000Z,5117,FALSE,FALSE,FALSE,TRUE,FALSE,FALSE,FALSE,FALSE
2618,F,NDE,United States,NDE,english,20,2006-04-29T00:00:00.000Z,1986-03-18T00:00:00.000Z,7174,TRUE,TRUE,FALSE,TRUE,FALSE,TRUE,FALSE,FALSE
2621,F,NDE,United States,NDE,english,15,2006-04-29T00:00:00.000Z,1991-03-18T00:00:00.000Z,3372,TRUE,FALSE,FALSE,FALSE,FALSE,FALSE,FALSE,FALSE
2624,M,Probable NDE,United States,Probable NDE,english,8,2006-04-29T00:00:00.000Z,NA,8193,TRUE,FALSE,FALSE,TRUE,FALSE,FALSE,FALSE,FALSE
2628,F,NDE,United States,NDE,english,16,2006-04-29T00:00:00.000Z,2004-05-10T00:00:00.000Z,6983,TRUE,FALSE,FALSE,TRUE,FALSE,FALSE,FALSE,FALSE
2629,M,FDE,United States,FDE,english,12,2006-04-29T00:00:00.000Z,1967-01-18T00:00:00.000Z,3805,FALSE,FALSE,FALSE,TRUE,FALSE,FALSE,FALSE,FALSE
2630,M,NDE,United States,NDE,english,10,2006-04-29T00:00:00.000Z,1966-01-18T00:00:00.000Z,3640,FALSE,TRUE,FALSE,FALSE,FALSE,FALSE,FALSE,FALSE
2631,F,NDE,United States,NDE,english,6,2006-04-29T00:00:00.000Z,NA,1868,FALSE,FALSE,FALSE,TRUE,FALSE,FALSE,FALSE,FALSE
2632,F,NDE,United States,NDE,english,10,2006-04-29T00:00:00.000Z,1987-06-29T00:00:00.000Z,4643,FALSE,FALSE,FALSE,TRUE,FALSE,FALSE,FALSE,FALSE
2635,M,NDE,United States,NDE,english,6,2006-04-29T00:00:00.000Z,1989-10-18T00:00:00.000Z,4617,FALSE,FALSE,FALSE,TRUE,FALSE,FALSE,FALSE,FALSE
2637,F,NDE,United States,NDE,english,11,2006-04-29T00:00:00.000Z,1990-02-05T00:00:00.000Z,4606,TRUE,TRUE,FALSE,TRUE,FALSE,FALSE,FALSE,FALSE
2638,F,NDE,United States,NDE,english,9,2006-04-29T00:00:00.000Z,1971-10-18T00:00:00.000Z,2769,TRUE,FALSE,FALSE,TRUE,FALSE,FALSE,FALSE,FALSE
2639,M,NDE,United States,NDE,english,10,2006-04-29T00:00:00.000Z,1992-12-24T00:00:00.000Z,8674,FALSE,FALSE,FALSE,TRUE,FALSE,FALSE,FALSE,FALSE
2642,M,NDE,United States,NDE,english,11,2006-04-29T00:00:00.000Z,2003-04-04T00:00:00.000Z,8795,FALSE,TRUE,FALSE,TRUE,FALSE,FALSE,FALSE,FALSE
2645,F,NDE,Australia,NDE,english,8,2006-04-29T00:00:00.000Z,1979-01-18T00:00:00.000Z,9077,TRUE,FALSE,FALSE,TRUE,TRUE,FALSE,FALSE,FALSE
2646,M,NDE,Canada,NDE,english,12,2006-04-29T00:00:00.000Z,2006-03-27T00:00:00.000Z,2852,FALSE,FALSE,FALSE,TRUE,FALSE,FALSE,FALSE,FALSE
2648,M,NDE,United States,NDE,english,7,2006-04-29T00:00:00.000Z,1989-11-28T00:00:00.000Z,2282,FALSE,FALSE,FALSE,TRUE,FALSE,FALSE,FALSE,FALSE
2649,M,NDE,Canada,NDE,english,9,2006-04-29T00:00:00.000Z,2002-08-18T00:00:00.000Z,7736,FALSE,TRUE,FALSE,TRUE,FALSE,FALSE,FALSE,FALSE
2650,F,Probable NDE,United States,Probable NDE,english,9,2006-04-29T00:00:00.000Z,1982-12-18T00:00:00.000Z,1496,TRUE,FALSE,FALSE,TRUE,FALSE,FALSE,FALSE,FALSE
2651,F,Possible NDE,Canada,Possible NDE,english,3,2006-04-29T00:00:00.000Z,1988-01-01T00:00:00.000Z,4042,FALSE,FALSE,FALSE,TRUE,FALSE,FALSE,FALSE,FALSE
2652,F,NDE-Like,United States,NDE-Like,english,8,2006-04-29T00:00:00.000Z,1993-03-18T00:00:00.000Z,5913,TRUE,FALSE,FALSE,TRUE,FALSE,FALSE,FALSE,FALSE
2653,F,NDE,South Africa,NDE,english,9,2006-05-06T00:00:00.000Z,NA,3859,TRUE,FALSE,FALSE,TRUE,TRUE,FALSE,FALSE,FALSE
2657,M,NDE,United States,NDE,english,4,2006-05-06T00:00:00.000Z,1971-12-24T00:00:00.000Z,5268,TRUE,FALSE,FALSE,TRUE,FALSE,FALSE,FALSE,FALSE
2659,M,NDE,Netherlands,NDE,english,7,2006-05-06T00:00:00.000Z,2002-01-18T00:00:00.000Z,2180,FALSE,FALSE,FALSE,TRUE,FALSE,FALSE,FALSE,FALSE
2661,M,NDE,Peru,NDE,italian,15,2006-05-11T00:00:00.000Z,2005-01-01T00:00:00.000Z,5520,FALSE,TRUE,FALSE,TRUE,FALSE,FALSE,FALSE,FALSE
2663,M,NDE,United States,Combined with,english,20,NA,NA,10753,FALSE,TRUE,FALSE,TRUE,FALSE,FALSE,FALSE,FALSE
2664,M,NDE,Sweden,NDE,swedish,11,2006-05-11T00:00:00.000Z,1992-01-01T00:00:00.000Z,5617,TRUE,FALSE,FALSE,TRUE,FALSE,FALSE,FALSE,FALSE
2667,M,NDE,Spain,NDE,spanish,7,2006-05-21T00:00:00.000Z,1988-01-01T00:00:00.000Z,5442,FALSE,FALSE,FALSE,FALSE,FALSE,FALSE,FALSE,FALSE
2668,F,Probable NDE,United States,Probable NDE,english,16,2006-05-21T00:00:00.000Z,1985-01-18T00:00:00.000Z,3895,TRUE,FALSE,FALSE,TRUE,FALSE,FALSE,FALSE,FALSE
2669,F,NDE,United States,NDE,english,19,2006-05-21T00:00:00.000Z,1980-04-18T00:00:00.000Z,10413,FALSE,FALSE,FALSE,TRUE,FALSE,FALSE,FALSE,FALSE
2670,M,NDE,Spain,NDE,spanish,5,2006-05-21T00:00:00.000Z,1905-01-01T00:00:00.000Z,9277,TRUE,TRUE,FALSE,TRUE,FALSE,FALSE,FALSE,FALSE
2671,F,NDE,Spain,NDE,es,14,2006-05-21T00:00:00.000Z,1958-01-18T00:00:00.000Z,8177,TRUE,FALSE,FALSE,TRUE,TRUE,FALSE,FALSE,FALSE
2676,F,NDE,United States,NDE,english,12,2006-05-21T00:00:00.000Z,1994-09-30T00:00:00.000Z,7649,TRUE,FALSE,FALSE,TRUE,TRUE,FALSE,FALSE,FALSE
2677,F,NDE,Canada,NDE,english,8,2006-05-21T00:00:00.000Z,2006-05-20T00:00:00.000Z,5041,FALSE,FALSE,FALSE,TRUE,FALSE,FALSE,FALSE,FALSE
2678,F,NDE,Canada,NDE,english,7,2006-05-21T00:00:00.000Z,2000-12-02T00:00:00.000Z,10909,TRUE,FALSE,FALSE,TRUE,TRUE,FALSE,FALSE,FALSE
2681,M,NDE,United States,NDE,english,9,2006-05-26T00:00:00.000Z,1960-06-01T00:00:00.000Z,1894,TRUE,TRUE,FALSE,TRUE,FALSE,FALSE,FALSE,FALSE
2684,F,NDE,Canada,NDE,french,15,2006-06-03T00:00:00.000Z,1987-01-01T00:00:00.000Z,4892,TRUE,FALSE,FALSE,TRUE,FALSE,FALSE,FALSE,FALSE
2685,F,Probable NDE,Nederland,Probable NDE,dutch,20,2006-06-03T00:00:00.000Z,2006-07-03T00:00:00.000Z,3553,FALSE,FALSE,FALSE,TRUE,FALSE,FALSE,FALSE,FALSE
2688,F,Possible NDE,U,Possible NDE,english,2,2006-06-03T00:00:00.000Z,NA,6860,FALSE,FALSE,FALSE,TRUE,FALSE,FALSE,FALSE,FALSE
2690,F,NDE,United States,NDE,english,16,2006-06-03T00:00:00.000Z,1954-01-18T00:00:00.000Z,2416,TRUE,FALSE,FALSE,TRUE,FALSE,FALSE,FALSE,FALSE
2694,M,NDE,Canada,NDE,english,5,2006-06-03T00:00:00.000Z,1943-01-18T00:00:00.000Z,3071,TRUE,FALSE,FALSE,TRUE,TRUE,FALSE,FALSE,FALSE
2698,M,NDE,England,NDE,english,17,2008-09-13T00:00:00.000Z,2002-01-01T00:00:00.000Z,7521,TRUE,TRUE,FALSE,TRUE,TRUE,FALSE,TRUE,FALSE
2699,M,NDE,Spain,NDE,spanish,13,2006-06-09T00:00:00.000Z,1990-01-01T00:00:00.000Z,5375,TRUE,FALSE,TRUE,TRUE,TRUE,FALSE,FALSE,FALSE
2701,M,NDE,United States,NDE,english,8,2006-06-09T00:00:00.000Z,2006-01-29T00:00:00.000Z,5648,TRUE,FALSE,FALSE,TRUE,FALSE,FALSE,FALSE,FALSE
2703,F,NDE,United States,NDE,english,12,2006-06-16T00:00:00.000Z,NA,3959,TRUE,FALSE,FALSE,TRUE,FALSE,FALSE,FALSE,FALSE
2705,F,NDE,United States,NDE,english,10,2006-06-23T00:00:00.000Z,1978-11-16T00:00:00.000Z,13025,FALSE,FALSE,FALSE,TRUE,FALSE,FALSE,FALSE,TRUE
2708,M,NDE,United States,NDE,english,16,2006-06-23T00:00:00.000Z,2005-03-14T00:00:00.000Z,5857,FALSE,FALSE,FALSE,TRUE,FALSE,FALSE,TRUE,FALSE
2710,F,NDE,Germany,NDE,german,14,2006-06-23T00:00:00.000Z,NA,2947,TRUE,FALSE,FALSE,FALSE,FALSE,FALSE,FALSE,FALSE
2711,M,NDE,United States,NDE,english,9,2006-06-23T00:00:00.000Z,2006-05-04T00:00:00.000Z,2947,TRUE,FALSE,FALSE,TRUE,FALSE,FALSE,FALSE,FALSE
2713,M,NDE,United States,NDE,english,13,2006-06-23T00:00:00.000Z,2000-08-18T00:00:00.000Z,3649,FALSE,TRUE,FALSE,TRUE,FALSE,FALSE,FALSE,FALSE
2714,F,NDE,United Kingdom,NDE,english,7,2006-06-23T00:00:00.000Z,1996-08-21T00:00:00.000Z,1274,FALSE,FALSE,FALSE,FALSE,FALSE,FALSE,FALSE,FALSE
2715,M,NDE,United States,NDE,english,7,2006-06-30T00:00:00.000Z,2004-04-04T00:00:00.000Z,4265,TRUE,FALSE,FALSE,TRUE,FALSE,FALSE,FALSE,FALSE
2718,M,NDE,Nazareth,NDE,arabic,7,2006-06-30T00:00:00.000Z,NA,1766,FALSE,FALSE,FALSE,TRUE,FALSE,FALSE,FALSE,FALSE
2720,F,NDE,United States,NDE,english,21,2006-07-07T00:00:00.000Z,2001-01-10T00:00:00.000Z,3784,TRUE,FALSE,FALSE,TRUE,TRUE,FALSE,TRUE,FALSE
2725,M,NDE,United States,NDE,english,19,2006-07-07T00:00:00.000Z,1998-02-14T00:00:00.000Z,15312,TRUE,TRUE,FALSE,TRUE,TRUE,TRUE,FALSE,FALSE
2728,M,NDE,Canada,NDE,english,1,2006-07-07T00:00:00.000Z,1961-07-18T00:00:00.000Z,3164,TRUE,FALSE,FALSE,TRUE,FALSE,FALSE,FALSE,FALSE
2729,M,Probable NDE,Tunisia,Probable NDE,arabic,2,2006-07-07T00:00:00.000Z,1993-01-18T00:00:00.000Z,1712,FALSE,FALSE,FALSE,TRUE,FALSE,FALSE,FALSE,FALSE
2730,M,NDE,United States,NDE,english,12,2006-07-13T00:00:00.000Z,1969-01-18T00:00:00.000Z,8948,FALSE,FALSE,FALSE,TRUE,FALSE,FALSE,FALSE,FALSE
2732,M,NDE,Chile,NDE,spanish,17,2006-07-13T00:00:00.000Z,2000-10-04T00:00:00.000Z,5809,FALSE,FALSE,FALSE,TRUE,FALSE,FALSE,FALSE,FALSE
2733,M,NDE,Canada,NDE,english,18,2006-07-13T00:00:00.000Z,2006-04-14T00:00:00.000Z,5993,TRUE,FALSE,TRUE,TRUE,FALSE,FALSE,FALSE,FALSE
2735,M,NDE,United States,NDE,english,8,2006-07-20T00:00:00.000Z,1991-08-10T00:00:00.000Z,4300,TRUE,FALSE,FALSE,TRUE,FALSE,FALSE,FALSE,FALSE
2736,F,NDE,Spain,NDE,spanish,13,2006-07-20T00:00:00.000Z,1994-08-14T00:00:00.000Z,4997,FALSE,FALSE,FALSE,TRUE,FALSE,FALSE,FALSE,FALSE
2738,F,NDE,Spain,NDE,spanish,14,2006-07-20T00:00:00.000Z,1998-01-01T00:00:00.000Z,12266,TRUE,TRUE,FALSE,TRUE,FALSE,FALSE,FALSE,FALSE
2742,F,NDE,United States,NDE,english,15,2006-07-20T00:00:00.000Z,NA,6355,TRUE,FALSE,FALSE,TRUE,FALSE,FALSE,FALSE,FALSE
2743,M,NDE,United States,NDE,english,12,2006-07-20T00:00:00.000Z,1974-01-18T00:00:00.000Z,2543,TRUE,FALSE,FALSE,TRUE,TRUE,FALSE,FALSE,FALSE
2745,F,NDE,Switzerland,NDE,english,6,2006-07-27T00:00:00.000Z,1993-11-11T00:00:00.000Z,15171,TRUE,FALSE,FALSE,TRUE,TRUE,FALSE,FALSE,FALSE
2749,F,NDE,United States,NDE,english,13,2006-07-27T00:00:00.000Z,2006-06-19T00:00:00.000Z,3754,TRUE,FALSE,FALSE,TRUE,FALSE,FALSE,FALSE,FALSE
2750,M,NDE,United States,NDE,english,21,2006-07-27T00:00:00.000Z,2007-01-15T00:00:00.000Z,11231,TRUE,FALSE,TRUE,TRUE,FALSE,FALSE,FALSE,FALSE
2752,F,NDE,Australia,NDE,english,10,2006-08-03T00:00:00.000Z,1970-01-18T00:00:00.000Z,3942,TRUE,FALSE,FALSE,TRUE,FALSE,TRUE,FALSE,FALSE
2756,F,NDE,United States,NDE,english,10,2006-08-03T00:00:00.000Z,NA,5072,TRUE,FALSE,FALSE,TRUE,FALSE,FALSE,FALSE,FALSE
2757,M,NDE,Brazil,NDE,portuguese,11,2006-08-03T00:00:00.000Z,NA,1070,TRUE,FALSE,FALSE,FALSE,FALSE,FALSE,FALSE,FALSE
2759,F,NDE,Canada,NDE,english,22,2006-08-11T00:00:00.000Z,2002-09-03T00:00:00.000Z,25830,TRUE,FALSE,FALSE,TRUE,FALSE,FALSE,TRUE,FALSE
2761,M,NDE,Peru,NDE,spanish,14,2006-08-11T00:00:00.000Z,1988-01-18T00:00:00.000Z,2036,TRUE,FALSE,FALSE,TRUE,FALSE,FALSE,FALSE,FALSE
2764,M,NDE,United States,NDE,english,17,2006-08-11T00:00:00.000Z,2004-11-23T00:00:00.000Z,4923,FALSE,FALSE,FALSE,TRUE,FALSE,FALSE,FALSE,FALSE
2765,F,NDE,United States,NDE,english,13,2006-08-13T00:00:00.000Z,2001-01-18T00:00:00.000Z,3413,TRUE,FALSE,FALSE,TRUE,FALSE,FALSE,FALSE,FALSE
2766,F,NDE,Hong Kong,NDE,english,19,2006-08-17T00:00:00.000Z,2006-02-02T00:00:00.000Z,80646,TRUE,TRUE,FALSE,TRUE,TRUE,TRUE,FALSE,FALSE
2771,F,NDE,United States,NDE,english,2,2006-08-17T00:00:00.000Z,1981-01-01T00:00:00.000Z,2761,TRUE,FALSE,FALSE,TRUE,FALSE,FALSE,FALSE,FALSE
2772,F,NDE-Like,U,NDE-Like,english,16,2006-08-24T00:00:00.000Z,1981-03-08T00:00:00.000Z,11071,FALSE,TRUE,FALSE,TRUE,FALSE,FALSE,FALSE,FALSE
2773,M,Possible NDE,United States,Possible NDE,english,11,2006-08-24T00:00:00.000Z,2000-01-18T00:00:00.000Z,14928,FALSE,FALSE,FALSE,TRUE,FALSE,FALSE,FALSE,FALSE
2780,F,NDE,Austria,NDEs,english,2,NA,NA,34687,FALSE,FALSE,FALSE,TRUE,FALSE,FALSE,FALSE,FALSE
2781,F,NDE,Austria,NDEs,english,2,NA,NA,34687,FALSE,FALSE,FALSE,TRUE,FALSE,FALSE,FALSE,FALSE
2785,F,Possible NDE,United States,Possible NDE,english,8,2006-09-14T00:00:00.000Z,1960-01-18T00:00:00.000Z,5400,TRUE,FALSE,FALSE,FALSE,FALSE,FALSE,FALSE,FALSE
2787,M,NDE,France,NDE,french,9,2016-04-07T00:00:00.000Z,1979-01-01T00:00:00.000Z,7738,FALSE,TRUE,FALSE,TRUE,FALSE,FALSE,FALSE,FALSE
2788,M,NDE,Canada,NDE,english,16,2016-04-07T00:00:00.000Z,1979-09-09T00:00:00.000Z,4982,TRUE,FALSE,FALSE,TRUE,FALSE,FALSE,TRUE,FALSE
2790,M,NDE,Malaysia,NDE,english,20,2006-09-14T00:00:00.000Z,1995-01-18T00:00:00.000Z,21019,TRUE,FALSE,FALSE,TRUE,TRUE,FALSE,FALSE,FALSE
2791,M,NDE-Like,India,NDE-Like,english,12,2006-09-14T00:00:00.000Z,2006-07-28T00:00:00.000Z,6368,TRUE,FALSE,FALSE,TRUE,FALSE,TRUE,FALSE,FALSE
2792,F,Possible NDE,Canada,Possible NDE,english,6,2006-09-22T00:00:00.000Z,1972-03-18T00:00:00.000Z,5713,FALSE,FALSE,FALSE,TRUE,FALSE,FALSE,FALSE,FALSE
2795,F,NDE,Sweden,NDE,swedish,22,2006-09-29T00:00:00.000Z,1975-01-01T00:00:00.000Z,5417,FALSE,FALSE,FALSE,TRUE,FALSE,FALSE,FALSE,FALSE
2796,F,NDE,United States,NDE,english,16,2006-09-29T00:00:00.000Z,1995-01-01T00:00:00.000Z,4932,TRUE,FALSE,FALSE,TRUE,FALSE,FALSE,FALSE,FALSE
2797,F,NDE,United States,NDE,english,14,2006-09-29T00:00:00.000Z,1999-08-28T00:00:00.000Z,8596,FALSE,FALSE,FALSE,FALSE,FALSE,FALSE,FALSE,FALSE
2800,F,NDE,Turkey,NDE,english,20,2006-10-06T00:00:00.000Z,1995-01-18T00:00:00.000Z,5272,FALSE,TRUE,FALSE,TRUE,FALSE,FALSE,FALSE,FALSE
2801,M,NDE,Scotland,NDE,english,7,2006-10-15T00:00:00.000Z,2006-09-18T00:00:00.000Z,847,TRUE,FALSE,FALSE,TRUE,TRUE,FALSE,FALSE,FALSE
2804,F,NDE,Belgium,NDE,dutch,11,2006-10-15T00:00:00.000Z,2005-01-04T00:00:00.000Z,4347,TRUE,FALSE,FALSE,TRUE,FALSE,FALSE,FALSE,FALSE
2806,F,NDE,Austria,NDE,german,2,2006-10-15T00:00:00.000Z,2006-01-01T00:00:00.000Z,3407,TRUE,FALSE,FALSE,TRUE,FALSE,FALSE,FALSE,FALSE
2809,M,NDE,United Kingdom,NDE,english,19,2006-10-15T00:00:00.000Z,NA,9104,TRUE,FALSE,FALSE,TRUE,FALSE,FALSE,FALSE,FALSE
2812,M,NDE,United States,NDE,english,17,2006-10-21T00:00:00.000Z,1987-08-18T00:00:00.000Z,3400,TRUE,FALSE,FALSE,TRUE,FALSE,FALSE,FALSE,FALSE
2814,M,NDE,Egypt,NDE,arabic,14,2006-10-21T00:00:00.000Z,2003-01-01T00:00:00.000Z,16324,TRUE,TRUE,FALSE,TRUE,TRUE,FALSE,FALSE,FALSE
2816,M,ICU,United States,ICU Psychosis,english,8,2006-10-30T00:00:00.000Z,2005-01-01T00:00:00.000Z,6857,FALSE,FALSE,FALSE,TRUE,FALSE,FALSE,FALSE,FALSE
2819,M,NDE,Netherlands,NDE,dutch,9,2006-10-30T00:00:00.000Z,1975-09-10T00:00:00.000Z,6538,TRUE,FALSE,FALSE,TRUE,TRUE,TRUE,FALSE,FALSE
2820,M,NDE,United States,NDE,english,5,2006-10-30T00:00:00.000Z,1997-01-01T00:00:00.000Z,10088,FALSE,FALSE,FALSE,TRUE,FALSE,FALSE,FALSE,FALSE
2821,F,Probable NDE,United States,Probable NDE,english,14,2006-10-30T00:00:00.000Z,1984-03-14T00:00:00.000Z,13721,TRUE,TRUE,FALSE,TRUE,FALSE,FALSE,FALSE,FALSE
2822,F,NDE,United Kingdom,NDE,english,12,2006-10-30T00:00:00.000Z,1974-05-18T00:00:00.000Z,5875,FALSE,FALSE,FALSE,TRUE,FALSE,FALSE,FALSE,FALSE
2825,F,NDE,Australia,NDE,english,10,2006-11-09T00:00:00.000Z,2005-02-16T00:00:00.000Z,3865,FALSE,FALSE,FALSE,TRUE,FALSE,FALSE,FALSE,FALSE
2826,F,Probable NDE,United Kingdom,Probable NDE,english,4,2006-11-09T00:00:00.000Z,1972-06-09T00:00:00.000Z,3874,FALSE,FALSE,FALSE,TRUE,FALSE,FALSE,FALSE,FALSE
2827,M,NDE,Australia,NDE,english,14,2006-11-09T00:00:00.000Z,1990-09-18T00:00:00.000Z,4798,FALSE,TRUE,FALSE,TRUE,FALSE,TRUE,FALSE,FALSE
2828,F,NDE,Canada,NDE,english,8,2006-11-09T00:00:00.000Z,1949-08-18T00:00:00.000Z,5441,FALSE,FALSE,FALSE,TRUE,FALSE,FALSE,FALSE,FALSE
2829,M,NDE,United States,NDE,english,12,2006-11-09T00:00:00.000Z,1972-04-16T00:00:00.000Z,5015,TRUE,TRUE,FALSE,TRUE,FALSE,FALSE,FALSE,FALSE
2830,F,NDE,United States,NDE,english,19,2006-11-09T00:00:00.000Z,1949-01-18T00:00:00.000Z,2397,TRUE,TRUE,FALSE,FALSE,TRUE,FALSE,FALSE,FALSE
2833,F,NDE,United States,NDE,english,9,2006-11-09T00:00:00.000Z,1982-01-18T00:00:00.000Z,2403,FALSE,FALSE,FALSE,TRUE,FALSE,FALSE,FALSE,FALSE
2834,M,NDE,England,NDE,english,10,2006-11-09T00:00:00.000Z,1972-01-18T00:00:00.000Z,3964,FALSE,FALSE,FALSE,TRUE,FALSE,FALSE,FALSE,FALSE
2837,F,NDE,Türkiye,NDE,turkish,19,2006-11-09T00:00:00.000Z,2000-06-18T00:00:00.000Z,5957,TRUE,FALSE,FALSE,TRUE,FALSE,FALSE,FALSE,FALSE
2840,F,NDE,France,NDE,spanish,5,2006-11-17T00:00:00.000Z,1970-01-01T00:00:00.000Z,2524,TRUE,FALSE,FALSE,FALSE,TRUE,FALSE,FALSE,FALSE
2843,F,NDE,Canada,NDE,english,11,2006-11-17T00:00:00.000Z,1993-05-18T00:00:00.000Z,5926,FALSE,FALSE,FALSE,TRUE,FALSE,FALSE,FALSE,FALSE
2844,F,NDE,Canada,NDE,english,17,2006-11-17T00:00:00.000Z,1975-01-18T00:00:00.000Z,4155,TRUE,FALSE,FALSE,TRUE,FALSE,FALSE,FALSE,FALSE
2845,M,Probable NDE,United States,Probable NDE,english,12,2006-11-17T00:00:00.000Z,1962-01-18T00:00:00.000Z,5168,TRUE,FALSE,FALSE,TRUE,FALSE,FALSE,FALSE,FALSE
2846,F,NDE,United States,NDE,english,6,2006-11-17T00:00:00.000Z,1992-01-18T00:00:00.000Z,1989,TRUE,FALSE,FALSE,TRUE,FALSE,FALSE,FALSE,FALSE
2847,F,NDE,United States,NDE,english,13,2006-11-17T00:00:00.000Z,2004-09-10T00:00:00.000Z,6610,TRUE,FALSE,FALSE,TRUE,FALSE,FALSE,FALSE,FALSE
2850,F,NDE,United States,NDE,english,16,2006-11-22T00:00:00.000Z,1980-05-18T00:00:00.000Z,10134,TRUE,FALSE,FALSE,TRUE,FALSE,FALSE,FALSE,FALSE
2851,M,NDE,Thailand,NDE,english,10,2006-11-22T00:00:00.000Z,2005-01-18T00:00:00.000Z,4133,FALSE,TRUE,FALSE,TRUE,FALSE,FALSE,TRUE,FALSE
2854,M,NDE,Puerto Rico,NDE,english,15,2006-11-22T00:00:00.000Z,2003-11-30T00:00:00.000Z,3791,TRUE,FALSE,FALSE,TRUE,FALSE,FALSE,FALSE,FALSE
2856,M,NDE,NA,NDE,english,8,2006-11-24T00:00:00.000Z,NA,2715,FALSE,FALSE,FALSE,TRUE,FALSE,FALSE,FALSE,FALSE
2857,M,NDE,United States,NDE,english,13,2006-12-03T00:00:00.000Z,1963-05-18T00:00:00.000Z,3615,TRUE,TRUE,FALSE,TRUE,FALSE,FALSE,FALSE,FALSE
2858,F,NDE,Canada,NDE,english,12,2006-12-17T00:00:00.000Z,2003-11-21T00:00:00.000Z,5589,FALSE,FALSE,FALSE,TRUE,FALSE,FALSE,FALSE,FALSE
2860,F,NDE,Canada,NDE,english,10,2006-12-17T00:00:00.000Z,1996-11-15T00:00:00.000Z,2531,FALSE,FALSE,FALSE,TRUE,FALSE,FALSE,FALSE,FALSE
2864,M,NDE,Mexico,NDE,spanish,17,2006-12-17T00:00:00.000Z,1996-01-01T00:00:00.000Z,8336,FALSE,FALSE,FALSE,TRUE,FALSE,FALSE,FALSE,FALSE
2865,M,NDE,United States,NDE,english,13,2006-12-17T00:00:00.000Z,2013-01-06T20:06:00.000Z,3988,FALSE,FALSE,TRUE,TRUE,FALSE,FALSE,FALSE,FALSE
2866,M,NDE,United States,NDE,english,11,2006-12-17T00:00:00.000Z,2006-07-17T00:00:00.000Z,9757,FALSE,TRUE,FALSE,TRUE,FALSE,FALSE,FALSE,FALSE
2867,M,Probable NDE,United States,Probable NDE,english,17,2006-12-17T00:00:00.000Z,1972-02-18T00:00:00.000Z,10456,FALSE,TRUE,FALSE,FALSE,FALSE,FALSE,FALSE,TRUE
2869,F,NDE-Like,Australia,NDE-Like,english,16,2006-12-17T00:00:00.000Z,2003-01-01T00:00:00.000Z,5286,FALSE,TRUE,FALSE,FALSE,FALSE,FALSE,FALSE,FALSE
2870,F,NDE,Libya,NDE,arabic,10,2006-12-17T00:00:00.000Z,2005-05-18T00:00:00.000Z,1836,TRUE,FALSE,FALSE,TRUE,FALSE,FALSE,FALSE,FALSE
2872,M,NDE,Spain,NDE,spanish,21,2006-12-17T00:00:00.000Z,1980-01-01T00:00:00.000Z,6727,TRUE,TRUE,FALSE,TRUE,TRUE,FALSE,FALSE,FALSE
2873,M,NDE,United States,NDE,english,5,2006-12-22T00:00:00.000Z,2004-12-31T00:00:00.000Z,3022,TRUE,FALSE,FALSE,FALSE,FALSE,FALSE,FALSE,FALSE
2874,M,NDE,Germany,NDE,german,17,2006-12-22T00:00:00.000Z,1997-01-01T00:00:00.000Z,1652,FALSE,FALSE,FALSE,TRUE,FALSE,FALSE,FALSE,FALSE
2875,F,NDE,United States,NDE,english,21,2006-12-22T00:00:00.000Z,NA,9913,TRUE,FALSE,FALSE,TRUE,TRUE,FALSE,FALSE,FALSE
2876,M,NDE,Israel,NDE,english,12,2006-12-22T00:00:00.000Z,1999-08-18T00:00:00.000Z,3479,TRUE,FALSE,FALSE,FALSE,FALSE,FALSE,FALSE,FALSE
2877,M,NDE,Netherlands,NDE,english,16,2006-12-22T00:00:00.000Z,1966-06-18T00:00:00.000Z,6454,TRUE,TRUE,FALSE,TRUE,FALSE,FALSE,TRUE,FALSE
2879,M,NDE,United States,NDE,english,16,2007-01-04T00:00:00.000Z,1952-07-18T00:00:00.000Z,3923,FALSE,FALSE,FALSE,TRUE,FALSE,FALSE,FALSE,FALSE
2883,M,NDE,Netherlands,NDE,dutch,16,2007-01-04T00:00:00.000Z,1992-01-18T00:00:00.000Z,3780,FALSE,TRUE,FALSE,TRUE,FALSE,FALSE,FALSE,FALSE
2885,M,NDE,United Kingdom,NDE,english,8,2007-01-04T00:00:00.000Z,1999-01-18T00:00:00.000Z,2244,TRUE,FALSE,FALSE,TRUE,FALSE,FALSE,FALSE,FALSE
2886,F,NDE,United States,NDE,english,14,2007-01-04T00:00:00.000Z,1971-01-18T00:00:00.000Z,14200,TRUE,FALSE,FALSE,FALSE,FALSE,FALSE,FALSE,FALSE
2887,F,NDE,United States,NDE,english,8,2007-01-04T00:00:00.000Z,1992-01-18T00:00:00.000Z,4121,FALSE,TRUE,FALSE,TRUE,FALSE,FALSE,FALSE,FALSE
2891,F,NDE,United States,NDE,english,11,2007-01-04T00:00:00.000Z,1997-01-18T00:00:00.000Z,8855,TRUE,FALSE,FALSE,TRUE,TRUE,FALSE,FALSE,FALSE
2893,M,NDE,United States,NDE,english,10,2007-01-17T00:00:00.000Z,2006-11-02T00:00:00.000Z,5009,TRUE,FALSE,FALSE,TRUE,FALSE,FALSE,FALSE,FALSE
2897,F,NDE,United States,NDE,english,21,2007-01-17T00:00:00.000Z,1999-08-29T00:00:00.000Z,9120,TRUE,TRUE,FALSE,TRUE,FALSE,FALSE,FALSE,TRUE
2900,F,NDE,United States,NDE,english,16,2007-01-17T00:00:00.000Z,1970-07-18T00:00:00.000Z,8282,TRUE,TRUE,FALSE,TRUE,FALSE,FALSE,FALSE,FALSE
2902,M,NDE,United States,NDE,english,12,2007-01-17T00:00:00.000Z,NA,3221,TRUE,FALSE,TRUE,TRUE,FALSE,FALSE,FALSE,FALSE
2903,F,Probable NDE,United States,Probable NDE,english,18,2007-01-17T00:00:00.000Z,1990-01-01T00:00:00.000Z,21534,TRUE,TRUE,FALSE,TRUE,FALSE,FALSE,FALSE,FALSE
2906,F,NDE,Philippines,NDE,english,17,2007-01-17T00:00:00.000Z,1986-02-18T00:00:00.000Z,22957,TRUE,FALSE,FALSE,TRUE,FALSE,FALSE,FALSE,FALSE
2908,M,NDE,United States,NDE,english,11,2007-01-17T00:00:00.000Z,1985-06-18T00:00:00.000Z,2015,FALSE,FALSE,FALSE,TRUE,FALSE,FALSE,FALSE,FALSE
2910,M,NDE,Netherlands,NDE,dutch,21,2007-01-27T00:00:00.000Z,2002-01-01T00:00:00.000Z,4894,FALSE,FALSE,FALSE,TRUE,FALSE,FALSE,FALSE,FALSE
2912,F,NDE,Venezuela,NDE,spanish,10,2007-01-27T00:00:00.000Z,1978-01-01T00:00:00.000Z,11432,FALSE,FALSE,FALSE,TRUE,FALSE,FALSE,FALSE,FALSE
2914,M,NDE,New Zealand,NDE,english,17,2007-01-27T00:00:00.000Z,2002-06-09T00:00:00.000Z,3467,FALSE,TRUE,FALSE,TRUE,FALSE,FALSE,FALSE,FALSE
2915,M,NDE,United States,NDE,english,17,2007-01-27T00:00:00.000Z,1974-07-04T00:00:00.000Z,5822,TRUE,FALSE,TRUE,TRUE,TRUE,FALSE,FALSE,FALSE
2918,F,NDE,United States,NDE,english,10,2007-01-27T00:00:00.000Z,2006-03-21T00:00:00.000Z,4706,FALSE,FALSE,FALSE,TRUE,FALSE,FALSE,FALSE,FALSE
2919,M,NDE,United States,NDE,english,15,2007-01-27T00:00:00.000Z,2006-12-04T00:00:00.000Z,2238,FALSE,FALSE,FALSE,TRUE,FALSE,FALSE,FALSE,FALSE
2920,F,NDE,United Kingdom,NDE,english,16,2007-01-27T00:00:00.000Z,2003-08-01T00:00:00.000Z,4322,FALSE,FALSE,FALSE,TRUE,FALSE,FALSE,FALSE,FALSE
2926,M,NDE,United States,NDE,english,16,2007-02-02T00:00:00.000Z,1982-01-18T00:00:00.000Z,4120,TRUE,FALSE,FALSE,TRUE,FALSE,FALSE,TRUE,FALSE
2930,F,NDE,United States,NDE,english,7,2007-02-09T00:00:00.000Z,2003-04-18T00:00:00.000Z,9276,TRUE,FALSE,FALSE,TRUE,FALSE,FALSE,FALSE,FALSE
2933,F,Possible NDE,Spain,Possible NDE,spanish,9,2007-02-09T00:00:00.000Z,2005-02-08T00:00:00.000Z,1933,FALSE,FALSE,FALSE,TRUE,FALSE,FALSE,FALSE,FALSE
2934,F,NDE,United States,NDE,english,17,2007-02-09T00:00:00.000Z,1973-01-01T00:00:00.000Z,28419,FALSE,TRUE,FALSE,TRUE,FALSE,FALSE,TRUE,FALSE
2936,M,NDE,United States,NDE,english,12,2007-02-16T00:00:00.000Z,1959-08-18T00:00:00.000Z,5951,TRUE,FALSE,FALSE,TRUE,FALSE,FALSE,FALSE,FALSE
2940,F,NDE,England,NDE,english,4,2007-02-16T00:00:00.000Z,1978-01-18T00:00:00.000Z,2064,TRUE,FALSE,FALSE,TRUE,FALSE,FALSE,FALSE,FALSE
2943,M,NDE,United Kingdom,NDE,english,3,2007-02-16T00:00:00.000Z,2002-10-17T00:00:00.000Z,3789,TRUE,FALSE,FALSE,FALSE,FALSE,FALSE,FALSE,FALSE
2944,M,NDE,United States,NDE,english,16,2007-02-24T00:00:00.000Z,2005-01-31T00:00:00.000Z,8558,TRUE,FALSE,FALSE,TRUE,FALSE,FALSE,FALSE,FALSE
2945,F,Possible NDE,U,Possible NDE,english,16,2007-02-24T00:00:00.000Z,1970-07-17T00:00:00.000Z,18682,TRUE,FALSE,FALSE,TRUE,FALSE,FALSE,FALSE,FALSE
2946,F,NDE,United States,NDE,english,16,2007-02-24T00:00:00.000Z,1957-01-01T00:00:00.000Z,9069,TRUE,TRUE,FALSE,TRUE,TRUE,TRUE,FALSE,FALSE
2947,M,NDE,United States,NDE,english,7,2007-02-24T00:00:00.000Z,2000-04-27T00:00:00.000Z,6027,FALSE,FALSE,FALSE,TRUE,FALSE,FALSE,FALSE,FALSE
2948,F,NDE,United States,Shared NDE,english,21,2007-02-24T00:00:00.000Z,1978-01-18T00:00:00.000Z,8529,TRUE,FALSE,FALSE,TRUE,FALSE,FALSE,FALSE,FALSE
2949,F,Possible NDE,Mexico,Possible NDE,spanish,4,2007-02-24T00:00:00.000Z,2004-01-01T00:00:00.000Z,5221,FALSE,FALSE,FALSE,TRUE,FALSE,FALSE,FALSE,FALSE
2950,F,NDE,Argentina,NDEs,spanish,15,2007-03-02T00:00:00.000Z,2006-12-19T00:00:00.000Z,3121,FALSE,FALSE,FALSE,TRUE,FALSE,FALSE,FALSE,FALSE
2952,F,NDE,United States,NDE,english,13,2007-03-02T00:00:00.000Z,2001-09-11T00:00:00.000Z,6618,TRUE,FALSE,FALSE,TRUE,TRUE,FALSE,TRUE,FALSE
2954,M,NDE,United States,NDE,english,6,2007-03-02T00:00:00.000Z,2006-12-12T00:00:00.000Z,3218,TRUE,FALSE,TRUE,TRUE,FALSE,FALSE,FALSE,FALSE
2956,M,NDE,United States,NDE,english,12,2007-03-11T00:00:00.000Z,1997-06-10T00:00:00.000Z,3008,FALSE,FALSE,FALSE,TRUE,FALSE,FALSE,FALSE,FALSE
2957,M,NDE,United States,NDE,english,1,2007-03-11T00:00:00.000Z,NA,2111,TRUE,FALSE,FALSE,FALSE,FALSE,FALSE,FALSE,FALSE
2959,F,NDE,United States,NDE,english,14,2007-03-11T00:00:00.000Z,1999-11-05T00:00:00.000Z,3707,TRUE,FALSE,TRUE,TRUE,FALSE,FALSE,FALSE,FALSE
2961,M,NDE,Spain,NDE,spanish,8,2007-03-11T00:00:00.000Z,1995-01-18T00:00:00.000Z,3216,TRUE,FALSE,FALSE,FALSE,TRUE,FALSE,FALSE,FALSE
2962,M,NDE,United States,NDE,english,11,2007-03-11T00:00:00.000Z,1985-01-01T00:00:00.000Z,10780,FALSE,TRUE,FALSE,TRUE,FALSE,FALSE,TRUE,FALSE
2963,M,NDE,United States,NDE,english,9,2007-03-11T00:00:00.000Z,1962-01-18T00:00:00.000Z,2272,TRUE,FALSE,FALSE,TRUE,FALSE,FALSE,FALSE,FALSE
2965,M,Probable NDE,United States,Probable NDE,english,16,2007-03-11T00:00:00.000Z,1952-01-01T00:00:00.000Z,15553,TRUE,FALSE,FALSE,TRUE,TRUE,FALSE,FALSE,FALSE
2966,F,NDE,United States,NDE,english,11,2007-03-11T00:00:00.000Z,1964-01-18T00:00:00.000Z,4442,TRUE,FALSE,FALSE,TRUE,FALSE,FALSE,FALSE,FALSE
2967,M,NDE,United States,NDE,english,10,2007-03-11T00:00:00.000Z,NA,3865,TRUE,FALSE,FALSE,TRUE,FALSE,FALSE,FALSE,FALSE
2968,F,NDE,United States,NDE,english,11,2007-03-11T00:00:00.000Z,1977-11-18T00:00:00.000Z,4892,FALSE,FALSE,FALSE,TRUE,FALSE,FALSE,FALSE,FALSE
2969,F,NDE,United States,NDE,english,10,2007-03-11T00:00:00.000Z,1986-11-02T00:00:00.000Z,1984,TRUE,FALSE,FALSE,TRUE,TRUE,FALSE,FALSE,FALSE
2971,F,NDE,United States,NDE,english,16,2007-03-11T00:00:00.000Z,1970-02-11T00:00:00.000Z,5626,FALSE,FALSE,FALSE,TRUE,FALSE,FALSE,FALSE,FALSE
2975,M,NDE,United States,NDE,english,15,2007-03-11T00:00:00.000Z,2005-01-01T00:00:00.000Z,5868,TRUE,FALSE,FALSE,FALSE,FALSE,FALSE,FALSE,FALSE
2976,F,NDE,United States,NDE,english,22,2007-03-11T00:00:00.000Z,1990-01-18T00:00:00.000Z,7535,FALSE,FALSE,FALSE,TRUE,FALSE,FALSE,FALSE,FALSE
2978,M,NDE,United States,NDE,english,1,2007-03-11T00:00:00.000Z,1959-01-18T00:00:00.000Z,1468,TRUE,FALSE,FALSE,TRUE,FALSE,FALSE,FALSE,FALSE
2980,F,NDE,Austria,NDEs,english,2,NA,NA,34687,FALSE,FALSE,FALSE,TRUE,FALSE,FALSE,FALSE,FALSE
2982,F,NDE,Canada,NDE,english,8,2007-03-11T00:00:00.000Z,1972-01-01T00:00:00.000Z,3572,FALSE,FALSE,FALSE,TRUE,FALSE,FALSE,FALSE,FALSE
2985,M,NDE,United States,NDE,english,5,2007-03-11T00:00:00.000Z,1984-12-01T00:00:00.000Z,4238,TRUE,FALSE,FALSE,TRUE,FALSE,FALSE,FALSE,FALSE
2987,F,NDE,United States,NDE,english,8,2007-03-11T00:00:00.000Z,1962-08-19T00:00:00.000Z,5214,TRUE,FALSE,FALSE,TRUE,FALSE,FALSE,FALSE,FALSE
2995,F,NDE,United States,NDE,english,0,2007-03-11T00:00:00.000Z,1979-10-18T00:00:00.000Z,6031,TRUE,FALSE,FALSE,TRUE,FALSE,FALSE,FALSE,FALSE
2996,F,NDE,United States,NDE,english,13,2007-03-11T00:00:00.000Z,1962-01-01T00:00:00.000Z,2525,FALSE,FALSE,FALSE,TRUE,FALSE,FALSE,FALSE,FALSE
3000,F,NDE,United States,NDE,english,1,2007-03-11T00:00:00.000Z,1966-06-18T00:00:00.000Z,5532,TRUE,FALSE,FALSE,TRUE,FALSE,FALSE,FALSE,FALSE
3001,M,NDE,United States,NDE,english,6,2007-03-11T00:00:00.000Z,1952-01-01T00:00:00.000Z,9061,TRUE,FALSE,FALSE,TRUE,FALSE,FALSE,FALSE,FALSE
3003,M,NDE,Canada,NDE,english,20,2007-03-11T00:00:00.000Z,1987-01-18T00:00:00.000Z,28406,TRUE,TRUE,FALSE,TRUE,TRUE,FALSE,TRUE,FALSE
3014,F,NDE,United States,NDE,english,19,2007-03-11T00:00:00.000Z,1969-01-06T00:00:00.000Z,8813,TRUE,FALSE,FALSE,TRUE,TRUE,FALSE,FALSE,FALSE
3017,M,NDE,United States,NDE,english,2,2007-03-11T00:00:00.000Z,1966-01-01T00:00:00.000Z,3852,TRUE,FALSE,FALSE,TRUE,FALSE,FALSE,FALSE,FALSE
3019,F,NDE,United States,NDE,english,16,2007-03-11T00:00:00.000Z,1976-01-18T00:00:00.000Z,21676,FALSE,TRUE,FALSE,TRUE,FALSE,FALSE,FALSE,FALSE
3020,F,NDE,Philippines,NDE,english,17,2007-03-11T00:00:00.000Z,1978-01-18T00:00:00.000Z,2710,TRUE,FALSE,FALSE,TRUE,TRUE,FALSE,FALSE,FALSE
3022,M,NDE,United States,NDE,english,8,2007-03-11T00:00:00.000Z,1963-11-18T00:00:00.000Z,1675,FALSE,FALSE,FALSE,TRUE,FALSE,FALSE,FALSE,FALSE
3025,F,NDE,Mexico,NDE,spanish,13,2007-03-11T00:00:00.000Z,2007-01-01T00:00:00.000Z,6743,FALSE,FALSE,FALSE,TRUE,FALSE,FALSE,FALSE,FALSE
3026,F,NDE,United States,NDE,english,12,2007-03-22T00:00:00.000Z,1964-01-18T00:00:00.000Z,3287,TRUE,FALSE,FALSE,TRUE,TRUE,FALSE,FALSE,TRUE
3028,F,NDE,United States,NDE,english,16,2007-03-22T00:00:00.000Z,1988-11-24T00:00:00.000Z,4731,FALSE,FALSE,FALSE,TRUE,FALSE,FALSE,FALSE,FALSE
3029,F,NDE,United States,NDE,english,9,2007-03-22T00:00:00.000Z,1995-02-18T00:00:00.000Z,2917,FALSE,FALSE,FALSE,TRUE,FALSE,FALSE,FALSE,FALSE
3031,F,NDE,United States,NDE,english,10,2007-03-22T00:00:00.000Z,1985-05-11T00:00:00.000Z,5219,FALSE,FALSE,FALSE,TRUE,FALSE,FALSE,FALSE,FALSE
3036,M,NDE,United States,NDE,english,16,2007-03-22T00:00:00.000Z,2006-02-25T00:00:00.000Z,11285,FALSE,TRUE,TRUE,TRUE,FALSE,FALSE,FALSE,FALSE
3040,F,NDE,Italy,NDE,italian,13,2007-03-22T00:00:00.000Z,2000-01-01T00:00:00.000Z,3283,FALSE,FALSE,FALSE,FALSE,TRUE,FALSE,FALSE,FALSE
3041,M,NDE,England,NDE,english,16,2007-03-22T00:00:00.000Z,2003-12-19T00:00:00.000Z,4234,TRUE,FALSE,FALSE,TRUE,TRUE,FALSE,FALSE,FALSE
3044,F,NDE,United States,NDE,english,12,2007-03-30T00:00:00.000Z,2006-08-20T00:00:00.000Z,6250,FALSE,FALSE,FALSE,TRUE,FALSE,FALSE,FALSE,FALSE
3045,F,NDE,United States,NDE,english,18,2007-03-30T00:00:00.000Z,1964-01-01T00:00:00.000Z,10601,TRUE,FALSE,FALSE,TRUE,FALSE,FALSE,FALSE,FALSE
3049,M,NDE,United States,NDE,english,20,2007-03-30T00:00:00.000Z,1975-09-20T00:00:00.000Z,62371,FALSE,TRUE,FALSE,TRUE,FALSE,TRUE,FALSE,FALSE
3050,F,NDE,Mexico,NDE,spanish,16,2007-03-30T00:00:00.000Z,2002-01-01T00:00:00.000Z,1862,FALSE,FALSE,FALSE,TRUE,FALSE,FALSE,FALSE,FALSE
3051,F,NDE,United States,NDE,english,13,2007-03-30T00:00:00.000Z,1969-10-17T00:00:00.000Z,5857,TRUE,FALSE,FALSE,TRUE,FALSE,TRUE,FALSE,FALSE
3053,F,NDE,United States,NDE,english,15,2007-03-30T00:00:00.000Z,1977-10-18T00:00:00.000Z,6721,TRUE,FALSE,FALSE,TRUE,TRUE,FALSE,FALSE,FALSE
3054,F,Probable NDE,Italy,Probable NDE,italian,21,2007-04-06T00:00:00.000Z,NA,4707,TRUE,FALSE,FALSE,TRUE,FALSE,TRUE,FALSE,FALSE
3056,M,NDE,United States,NDE,english,15,2007-04-06T00:00:00.000Z,1966-01-01T00:00:00.000Z,3696,TRUE,FALSE,FALSE,FALSE,FALSE,FALSE,FALSE,FALSE
3059,F,NDE,United States,NDE,english,6,2007-04-06T00:00:00.000Z,2007-03-09T00:00:00.000Z,5046,TRUE,FALSE,FALSE,TRUE,TRUE,FALSE,FALSE,FALSE
3060,F,NDE,United States,NDE,spanish,7,2007-04-06T00:00:00.000Z,2004-01-01T00:00:00.000Z,5564,TRUE,FALSE,FALSE,TRUE,FALSE,FALSE,FALSE,FALSE
3062,M,NDE,United States,NDE,english,24,2007-04-13T00:00:00.000Z,1990-04-08T00:00:00.000Z,10960,TRUE,FALSE,TRUE,TRUE,FALSE,TRUE,FALSE,FALSE
3063,F,NDE,United States,NDE,english,7,2007-04-13T00:00:00.000Z,1971-01-18T00:00:00.000Z,3414,TRUE,FALSE,FALSE,TRUE,FALSE,FALSE,FALSE,FALSE
3065,F,NDE,United States,NDE,english,20,2007-04-20T00:00:00.000Z,1993-07-13T00:00:00.000Z,8797,TRUE,TRUE,FALSE,TRUE,FALSE,FALSE,FALSE,FALSE
3066,M,NDE,Australia,NDE,english,14,2007-04-20T00:00:00.000Z,1985-01-18T00:00:00.000Z,5065,TRUE,FALSE,FALSE,TRUE,TRUE,FALSE,FALSE,FALSE
3067,M,NDE,United States,NDE,english,12,2007-04-20T00:00:00.000Z,1967-01-01T00:00:00.000Z,5854,TRUE,FALSE,FALSE,TRUE,TRUE,FALSE,FALSE,FALSE
3069,F,NDE,Australia,NDE,english,11,2007-04-27T00:00:00.000Z,2005-07-28T00:00:00.000Z,11284,FALSE,FALSE,FALSE,TRUE,FALSE,FALSE,FALSE,FALSE
3077,F,NDE,United States,NDE,english,10,2007-05-04T00:00:00.000Z,1976-12-01T00:00:00.000Z,4234,TRUE,FALSE,FALSE,TRUE,FALSE,FALSE,FALSE,FALSE
3079,F,NDE,United States,NDE,english,6,2007-05-04T00:00:00.000Z,2007-05-02T00:00:00.000Z,2091,FALSE,FALSE,FALSE,FALSE,FALSE,FALSE,FALSE,FALSE
3082,M,NDE,Netherlands,NDE,dutch,8,2007-05-11T00:00:00.000Z,2007-01-01T00:00:00.000Z,2634,FALSE,FALSE,FALSE,TRUE,FALSE,FALSE,FALSE,FALSE
3086,F,NDE,Argentina,NDE,es,19,2007-05-11T00:00:00.000Z,2007-04-15T00:00:00.000Z,3673,FALSE,FALSE,FALSE,TRUE,FALSE,FALSE,FALSE,FALSE
3088,M,NDE,Belgium,NDE,dutch,5,2007-05-25T00:00:00.000Z,1980-01-01T00:00:00.000Z,3518,TRUE,FALSE,FALSE,TRUE,FALSE,FALSE,FALSE,FALSE
3095,F,NDE,United States,NDE,english,14,2007-05-25T00:00:00.000Z,1991-10-16T00:00:00.000Z,13536,TRUE,FALSE,FALSE,TRUE,FALSE,FALSE,FALSE,FALSE
3096,F,NDE,United States,NDE,english,10,2007-05-25T00:00:00.000Z,2007-05-14T00:00:00.000Z,4182,FALSE,FALSE,FALSE,TRUE,FALSE,FALSE,FALSE,FALSE
3097,F,NDE,United States,NDE,english,15,2007-05-25T00:00:00.000Z,1983-01-01T00:00:00.000Z,6529,FALSE,FALSE,FALSE,TRUE,FALSE,FALSE,FALSE,FALSE
3100,F,NDE,United States,NDE,english,4,2007-05-25T00:00:00.000Z,1968-04-18T00:00:00.000Z,2111,TRUE,FALSE,FALSE,FALSE,FALSE,FALSE,FALSE,FALSE
3104,F,Probable NDE,Spain,Probable NDE,spanish,11,2007-06-01T00:00:00.000Z,2003-07-15T00:00:00.000Z,1819,FALSE,FALSE,FALSE,TRUE,FALSE,FALSE,FALSE,FALSE
3107,M,NDE,United States,NDE,english,14,2007-06-01T00:00:00.000Z,1995-12-15T00:00:00.000Z,16758,TRUE,FALSE,FALSE,TRUE,FALSE,FALSE,FALSE,FALSE
3108,F,NDE,United States,NDE,english,7,2007-06-08T00:00:00.000Z,1950-01-18T00:00:00.000Z,6834,TRUE,FALSE,FALSE,TRUE,FALSE,FALSE,FALSE,FALSE
3109,F,NDE,Mexico,Secondhand NDE,spanish,11,2007-06-08T00:00:00.000Z,NA,4032,TRUE,FALSE,FALSE,TRUE,TRUE,FALSE,FALSE,FALSE
3112,F,NDE,United States,NDE,english,4,2007-06-15T00:00:00.000Z,1974-01-01T00:00:00.000Z,6207,TRUE,FALSE,FALSE,TRUE,FALSE,FALSE,FALSE,FALSE
3113,F,NDE,United States,NDE,english,14,2007-06-15T00:00:00.000Z,2003-06-25T00:00:00.000Z,4963,TRUE,FALSE,FALSE,FALSE,FALSE,FALSE,FALSE,FALSE
3114,F,NDE,Finland,Secondhand NDE,finnish,11,2007-06-15T00:00:00.000Z,1976-01-01T00:00:00.000Z,3223,TRUE,FALSE,FALSE,TRUE,TRUE,FALSE,FALSE,FALSE
3120,M,NDE,United Kingdom,NDE,english,6,2007-06-22T00:00:00.000Z,1993-01-10T00:00:00.000Z,3679,TRUE,FALSE,FALSE,TRUE,FALSE,FALSE,FALSE,FALSE
3123,M,FDE,Z,FDE,english,16,2007-06-22T00:00:00.000Z,1964-01-18T00:00:00.000Z,5342,TRUE,FALSE,FALSE,TRUE,FALSE,FALSE,FALSE,FALSE
3124,F,NDE,United States,NDE,english,3,2007-06-29T00:00:00.000Z,2007-05-25T00:00:00.000Z,13962,FALSE,FALSE,FALSE,TRUE,FALSE,FALSE,FALSE,FALSE
3125,M,NDE,United States,NDE,english,2,2007-06-29T00:00:00.000Z,1982-01-01T00:00:00.000Z,5222,TRUE,FALSE,FALSE,TRUE,TRUE,FALSE,FALSE,FALSE
3129,F,NDE,Sweden,NDE,english,20,2007-06-29T00:00:00.000Z,1971-05-18T00:00:00.000Z,3953,TRUE,FALSE,FALSE,TRUE,FALSE,FALSE,FALSE,FALSE
3131,M,NDE,Australia,NDE,english,17,2007-07-06T00:00:00.000Z,1963-01-01T00:00:00.000Z,8402,TRUE,FALSE,FALSE,TRUE,TRUE,FALSE,FALSE,FALSE
3132,F,FDE,Italy,FDE,italian,3,2007-07-06T00:00:00.000Z,1981-01-18T00:00:00.000Z,3825,TRUE,FALSE,FALSE,TRUE,FALSE,FALSE,FALSE,FALSE
3137,M,NDE,United States,NDE,english,10,2007-07-13T00:00:00.000Z,NA,6273,TRUE,FALSE,FALSE,TRUE,FALSE,FALSE,FALSE,FALSE
3141,F,NDE,United States,NDE,english,6,2007-07-13T00:00:00.000Z,1999-11-18T00:00:00.000Z,6794,FALSE,FALSE,FALSE,TRUE,FALSE,FALSE,FALSE,FALSE
3143,M,NDE,United States,NDE,english,10,2007-07-27T00:00:00.000Z,NA,2466,FALSE,FALSE,FALSE,TRUE,FALSE,FALSE,FALSE,FALSE
3144,F,NDE,United States,NDE,english,16,2007-07-27T00:00:00.000Z,1950-01-18T00:00:00.000Z,10744,TRUE,FALSE,FALSE,TRUE,FALSE,FALSE,FALSE,FALSE
3145,M,NDE,United States,NDE,english,4,2007-07-27T00:00:00.000Z,1968-03-09T00:00:00.000Z,2701,TRUE,FALSE,FALSE,TRUE,TRUE,FALSE,FALSE,FALSE
3149,M,NDE,England,NDE,english,11,2007-07-27T00:00:00.000Z,1980-07-28T00:00:00.000Z,9995,FALSE,FALSE,FALSE,TRUE,FALSE,FALSE,FALSE,FALSE
3151,F,NDE,United States,NDE,english,18,2007-07-27T00:00:00.000Z,2006-09-09T00:00:00.000Z,2536,TRUE,FALSE,FALSE,TRUE,FALSE,FALSE,FALSE,FALSE
3152,M,NDE,United States,NDE,english,0,2007-07-27T00:00:00.000Z,1999-03-06T00:00:00.000Z,4914,FALSE,FALSE,FALSE,TRUE,FALSE,FALSE,FALSE,FALSE
3153,F,FDE,United States,FDE,english,11,2007-07-27T00:00:00.000Z,1961-01-01T00:00:00.000Z,7794,FALSE,FALSE,FALSE,FALSE,FALSE,FALSE,FALSE,FALSE
3154,F,NDE,United States,NDE,english,6,2007-07-27T00:00:00.000Z,1986-02-18T00:00:00.000Z,3672,TRUE,FALSE,FALSE,TRUE,FALSE,FALSE,FALSE,FALSE
3156,M,NDE,France,NDE,french,15,2007-07-27T00:00:00.000Z,1982-01-18T00:00:00.000Z,6951,TRUE,TRUE,FALSE,TRUE,FALSE,FALSE,FALSE,FALSE
3157,M,NDE,United States,NDE,english,4,2007-07-27T00:00:00.000Z,1969-01-18T00:00:00.000Z,2333,TRUE,FALSE,FALSE,TRUE,FALSE,FALSE,FALSE,FALSE
3158,F,NDE,United States,NDE,english,8,2007-07-27T00:00:00.000Z,1999-02-07T00:00:00.000Z,4917,TRUE,TRUE,FALSE,TRUE,FALSE,FALSE,FALSE,FALSE
3159,M,NDE,United States,NDE,english,3,2007-07-27T00:00:00.000Z,2003-11-04T00:00:00.000Z,2803,FALSE,FALSE,FALSE,TRUE,FALSE,FALSE,FALSE,FALSE
3162,F,NDE,United States,NDE,english,5,2007-07-27T00:00:00.000Z,1959-11-10T00:00:00.000Z,4176,TRUE,FALSE,FALSE,TRUE,FALSE,FALSE,FALSE,FALSE
3163,M,NDE,Sudan,NDE,arabic,6,2007-07-27T00:00:00.000Z,1987-01-18T00:00:00.000Z,5953,FALSE,FALSE,TRUE,TRUE,FALSE,TRUE,FALSE,FALSE
3165,F,Probable NDE,United States,Probable NDE,english,12,2007-07-27T00:00:00.000Z,1970-01-01T00:00:00.000Z,6499,TRUE,FALSE,FALSE,TRUE,TRUE,FALSE,FALSE,FALSE
3168,M,NDE,United States,NDE,english,20,2007-07-27T00:00:00.000Z,1961-01-01T00:00:00.000Z,20464,TRUE,TRUE,FALSE,TRUE,TRUE,FALSE,TRUE,FALSE
3169,F,NDE,United States,NDE,english,10,2007-07-27T00:00:00.000Z,1966-01-01T00:00:00.000Z,14604,TRUE,TRUE,FALSE,TRUE,FALSE,FALSE,FALSE,FALSE
3171,F,NDE,Canada,NDE,english,11,2007-07-27T00:00:00.000Z,1994-07-01T00:00:00.000Z,8888,TRUE,FALSE,FALSE,TRUE,FALSE,FALSE,FALSE,FALSE
3172,F,NDE,United States,NDE,english,4,2007-07-27T00:00:00.000Z,2003-01-01T00:00:00.000Z,3971,TRUE,FALSE,FALSE,TRUE,FALSE,FALSE,FALSE,FALSE
3174,M,NDE,United States,NDE,english,0,2007-07-27T00:00:00.000Z,2005-07-13T00:00:00.000Z,2098,TRUE,FALSE,FALSE,TRUE,TRUE,FALSE,FALSE,FALSE
3177,M,NDE,United States,NDE,english,5,2007-07-27T00:00:00.000Z,2005-06-15T00:00:00.000Z,2098,FALSE,FALSE,FALSE,TRUE,FALSE,FALSE,FALSE,FALSE
3178,F,NDE,United States,NDE,english,20,2007-07-27T00:00:00.000Z,1999-11-18T00:00:00.000Z,6440,TRUE,FALSE,FALSE,TRUE,FALSE,FALSE,FALSE,FALSE
3181,M,NDE,United States,NDE,english,13,2007-07-27T00:00:00.000Z,1964-01-01T00:00:00.000Z,5521,TRUE,FALSE,FALSE,TRUE,TRUE,FALSE,FALSE,FALSE
3182,F,NDE,United States,NDE,english,10,2007-07-27T00:00:00.000Z,1942-01-01T00:00:00.000Z,3765,TRUE,FALSE,FALSE,TRUE,FALSE,FALSE,FALSE,FALSE
3183,F,NDE,United States,NDE,english,9,2007-07-27T00:00:00.000Z,1971-01-01T00:00:00.000Z,5047,TRUE,TRUE,FALSE,TRUE,FALSE,FALSE,FALSE,FALSE
3184,F,NDE,United States,NDE,english,12,2007-07-27T00:00:00.000Z,1984-01-18T00:00:00.000Z,6338,FALSE,FALSE,FALSE,TRUE,FALSE,FALSE,FALSE,FALSE
3186,F,Probable NDE,United States,Probable NDE,english,13,2007-07-27T00:00:00.000Z,1951-01-18T00:00:00.000Z,12460,TRUE,FALSE,FALSE,TRUE,TRUE,FALSE,FALSE,FALSE
3188,F,NDE,United States,NDE,english,3,2007-07-27T00:00:00.000Z,1970-01-01T00:00:00.000Z,4901,TRUE,TRUE,FALSE,TRUE,FALSE,FALSE,FALSE,FALSE
3189,M,NDE,United States,NDE,english,10,2007-07-27T00:00:00.000Z,1974-01-18T00:00:00.000Z,3192,TRUE,FALSE,FALSE,TRUE,TRUE,FALSE,FALSE,FALSE
3190,M,NDE,United States,NDE,english,12,2007-07-27T00:00:00.000Z,2005-06-22T00:00:00.000Z,5797,FALSE,TRUE,FALSE,TRUE,FALSE,FALSE,FALSE,FALSE
3191,M,NDE,United States,NDE,english,2,2007-07-27T00:00:00.000Z,1955-01-01T00:00:00.000Z,8734,TRUE,FALSE,FALSE,FALSE,FALSE,FALSE,FALSE,FALSE
3193,F,NDE,United States,NDE,english,18,2007-07-27T00:00:00.000Z,2005-04-06T00:00:00.000Z,7719,TRUE,TRUE,FALSE,TRUE,FALSE,FALSE,FALSE,FALSE
3194,F,NDE,United States,NDE,english,13,2007-07-27T00:00:00.000Z,1982-12-27T00:00:00.000Z,5774,FALSE,FALSE,FALSE,TRUE,FALSE,FALSE,FALSE,FALSE
3195,F,NDE,Canada,NDE,english,7,2007-07-27T00:00:00.000Z,1959-01-18T00:00:00.000Z,5844,TRUE,FALSE,FALSE,TRUE,TRUE,FALSE,FALSE,FALSE
3196,F,NDE,Canada,NDE,english,17,2006-04-29T00:00:00.000Z,1968-06-30T00:00:00.000Z,4977,TRUE,FALSE,FALSE,TRUE,FALSE,FALSE,FALSE,FALSE
3197,F,NDE,United States,NDE,english,11,2007-07-27T00:00:00.000Z,1958-01-01T00:00:00.000Z,14193,FALSE,TRUE,FALSE,TRUE,FALSE,FALSE,FALSE,FALSE
3199,F,NDE,United States,NDE,english,3,2007-07-27T00:00:00.000Z,NA,1794,TRUE,FALSE,FALSE,TRUE,TRUE,FALSE,FALSE,FALSE
3200,M,NDE,United States,NDE,english,7,2007-07-27T00:00:00.000Z,1972-05-16T00:00:00.000Z,1739,TRUE,FALSE,FALSE,FALSE,FALSE,FALSE,FALSE,FALSE
3202,F,Probable NDE,United States,Probable NDE,english,11,2007-07-27T00:00:00.000Z,2006-01-08T00:00:00.000Z,2208,FALSE,FALSE,FALSE,TRUE,FALSE,FALSE,FALSE,FALSE
3203,M,NDE,United States,NDE,english,4,2007-07-27T00:00:00.000Z,1969-01-18T00:00:00.000Z,3062,TRUE,FALSE,FALSE,TRUE,TRUE,FALSE,FALSE,FALSE
3205,F,NDE,Australia,NDE,english,13,2007-07-27T00:00:00.000Z,1968-09-18T00:00:00.000Z,5687,FALSE,FALSE,FALSE,FALSE,FALSE,FALSE,FALSE,FALSE
3206,F,Probable NDE,United States,Probable NDE,english,14,2007-07-27T00:00:00.000Z,1987-01-18T00:00:00.000Z,3628,FALSE,FALSE,FALSE,FALSE,FALSE,TRUE,FALSE,FALSE
3207,F,NDE,United States,NDE,english,21,2007-07-27T00:00:00.000Z,1974-05-27T00:00:00.000Z,2977,TRUE,FALSE,FALSE,TRUE,FALSE,FALSE,FALSE,FALSE
3209,F,NDE,United States,NDE,english,9,2007-07-27T00:00:00.000Z,1963-11-12T00:00:00.000Z,9321,FALSE,FALSE,FALSE,TRUE,FALSE,FALSE,FALSE,FALSE
3210,M,Probable NDE,United States,Probable NDE,english,6,2007-07-27T00:00:00.000Z,1984-02-01T00:00:00.000Z,1368,FALSE,FALSE,FALSE,TRUE,FALSE,FALSE,FALSE,FALSE
3212,M,NDE,United States,NDE,english,5,2007-07-27T00:00:00.000Z,1951-01-01T00:00:00.000Z,2015,TRUE,FALSE,FALSE,TRUE,FALSE,FALSE,FALSE,FALSE
3213,M,NDE,United States,NDE,english,13,2007-07-27T00:00:00.000Z,1982-02-19T00:00:00.000Z,4342,FALSE,TRUE,FALSE,TRUE,FALSE,FALSE,FALSE,FALSE
3215,M,NDE,United States,NDE,english,0,2007-07-27T00:00:00.000Z,1993-06-12T00:00:00.000Z,2948,TRUE,FALSE,FALSE,TRUE,FALSE,FALSE,FALSE,FALSE
3216,M,NDE,United States,NDE,english,13,2007-07-27T00:00:00.000Z,2005-09-21T00:00:00.000Z,3446,FALSE,TRUE,FALSE,TRUE,FALSE,TRUE,FALSE,FALSE
3217,F,NDE,United States,NDE,english,11,2007-07-27T00:00:00.000Z,1974-01-01T00:00:00.000Z,4114,TRUE,TRUE,FALSE,TRUE,FALSE,FALSE,FALSE,FALSE
3219,M,NDE,United States,NDE,english,13,2007-07-27T00:00:00.000Z,2001-01-01T00:00:00.000Z,12893,FALSE,TRUE,FALSE,TRUE,FALSE,FALSE,TRUE,FALSE
3221,M,NDE,Mexico,NDE,english,6,2007-07-27T00:00:00.000Z,2001-03-20T00:00:00.000Z,7966,FALSE,TRUE,FALSE,TRUE,FALSE,FALSE,FALSE,FALSE
3223,M,NDE,United States,NDE,english,8,2007-07-27T00:00:00.000Z,2003-07-16T00:00:00.000Z,4938,TRUE,FALSE,FALSE,TRUE,FALSE,FALSE,FALSE,FALSE
3224,F,NDE,United States,NDE,english,13,2007-07-27T00:00:00.000Z,1982-01-18T00:00:00.000Z,5821,TRUE,FALSE,FALSE,TRUE,FALSE,FALSE,FALSE,FALSE
3225,F,Probable NDE,United States,Probable NDE,english,12,2007-07-27T00:00:00.000Z,1945-12-18T00:00:00.000Z,3624,FALSE,FALSE,FALSE,TRUE,FALSE,FALSE,FALSE,FALSE
3226,F,NDE,United States,NDE,english,13,2007-07-27T00:00:00.000Z,1982-04-14T00:00:00.000Z,3792,TRUE,FALSE,FALSE,TRUE,FALSE,FALSE,FALSE,FALSE
3227,F,NDE,Canada,NDE,english,13,2007-07-27T00:00:00.000Z,2001-10-18T00:00:00.000Z,6439,TRUE,FALSE,FALSE,TRUE,FALSE,FALSE,FALSE,FALSE
3228,M,NDE,United States,NDE,english,4,2007-07-27T00:00:00.000Z,1961-01-18T00:00:00.000Z,3561,FALSE,FALSE,FALSE,TRUE,FALSE,FALSE,FALSE,FALSE
3229,M,NDE,Uzbekistan,NDE,russian,10,2007-07-27T00:00:00.000Z,1984-01-18T00:00:00.000Z,9811,TRUE,FALSE,FALSE,TRUE,FALSE,FALSE,FALSE,FALSE
3230,M,NDE,United States,NDE,english,5,2007-07-27T00:00:00.000Z,2006-04-08T00:00:00.000Z,2395,FALSE,FALSE,FALSE,TRUE,FALSE,FALSE,FALSE,FALSE
3232,M,NDE,Spain,Secondhand NDE,spanish,11,2007-07-27T00:00:00.000Z,1968-01-01T00:00:00.000Z,3699,FALSE,FALSE,FALSE,TRUE,FALSE,FALSE,FALSE,FALSE
3234,F,NDE,United States,NDE,english,0,2007-07-27T00:00:00.000Z,1978-01-18T00:00:00.000Z,3556,FALSE,FALSE,FALSE,FALSE,FALSE,TRUE,FALSE,FALSE
3235,F,NDE,United States,NDE,english,15,2007-09-14T00:00:00.000Z,1973-01-01T00:00:00.000Z,13168,TRUE,TRUE,FALSE,TRUE,TRUE,TRUE,FALSE,FALSE
3237,M,NDE,Ukraine,NDE,russian,17,2007-08-07T00:00:00.000Z,1999-03-13T00:00:00.000Z,3881,TRUE,TRUE,FALSE,TRUE,FALSE,FALSE,FALSE,FALSE
3238,F,NDE,United States,NDE,english,20,2007-08-07T00:00:00.000Z,2002-05-15T00:00:00.000Z,5605,TRUE,FALSE,FALSE,TRUE,FALSE,FALSE,FALSE,FALSE
3240,M,NDE,United States,NDE,english,6,2007-08-07T00:00:00.000Z,1986-06-18T00:00:00.000Z,2071,TRUE,FALSE,FALSE,FALSE,FALSE,FALSE,FALSE,FALSE
3241,M,NDE,United States,NDE,english,12,2007-08-07T00:00:00.000Z,1986-01-18T00:00:00.000Z,15632,TRUE,FALSE,TRUE,TRUE,TRUE,FALSE,FALSE,FALSE
3245,M,NDE,United States,NDE,english,23,2007-08-07T00:00:00.000Z,2006-02-28T00:00:00.000Z,2963,TRUE,FALSE,FALSE,TRUE,FALSE,FALSE,FALSE,FALSE
3246,F,NDE,United States,NDE,english,6,2007-08-07T00:00:00.000Z,1966-01-18T00:00:00.000Z,4594,TRUE,FALSE,FALSE,TRUE,FALSE,FALSE,FALSE,FALSE
3249,F,Probable NDE,United States,Probable NDE,english,10,2007-08-07T00:00:00.000Z,1995-01-18T00:00:00.000Z,6045,TRUE,FALSE,FALSE,TRUE,TRUE,FALSE,FALSE,FALSE
3250,M,NDE,United States,NDE,english,14,2007-08-07T00:00:00.000Z,1995-06-25T00:00:00.000Z,12436,FALSE,FALSE,FALSE,TRUE,FALSE,FALSE,FALSE,FALSE
3251,M,NDE,United States,NDE,english,10,2007-08-07T00:00:00.000Z,1982-01-01T00:00:00.000Z,5665,TRUE,FALSE,FALSE,TRUE,FALSE,FALSE,FALSE,FALSE
3252,F,NDE,United States,NDE,english,13,2007-08-07T00:00:00.000Z,2002-09-18T00:00:00.000Z,3900,TRUE,FALSE,FALSE,TRUE,FALSE,FALSE,FALSE,FALSE
3253,M,NDE,United States,NDE,ro,13,2007-08-07T00:00:00.000Z,1991-01-12T00:00:00.000Z,2506,TRUE,FALSE,FALSE,TRUE,FALSE,FALSE,FALSE,FALSE
3254,M,NDE,United States,NDE,english,18,2007-08-07T00:00:00.000Z,1973-01-18T00:00:00.000Z,7456,TRUE,TRUE,FALSE,TRUE,TRUE,FALSE,FALSE,FALSE
3257,M,Probable NDE,United States,Probable NDE,english,11,2007-08-07T00:00:00.000Z,1976-10-18T00:00:00.000Z,9312,TRUE,FALSE,FALSE,TRUE,FALSE,FALSE,FALSE,FALSE
3259,F,NDE,United States,NDE,english,23,2007-08-07T00:00:00.000Z,1946-01-01T00:00:00.000Z,9524,TRUE,FALSE,FALSE,TRUE,TRUE,FALSE,FALSE,FALSE
3260,F,NDE,Canada,NDE,english,12,2007-08-07T00:00:00.000Z,1986-01-18T00:00:00.000Z,5773,FALSE,FALSE,FALSE,FALSE,FALSE,FALSE,FALSE,FALSE
3261,F,NDE,United States,NDE,english,9,2007-08-07T00:00:00.000Z,NA,10762,FALSE,FALSE,FALSE,TRUE,FALSE,FALSE,TRUE,FALSE
3264,M,NDE,United States,NDE,english,13,2007-08-07T00:00:00.000Z,1970-01-01T00:00:00.000Z,11109,FALSE,TRUE,FALSE,TRUE,FALSE,FALSE,FALSE,FALSE
3266,M,NDE,United States,NDE,english,10,2007-08-07T00:00:00.000Z,1962-06-18T00:00:00.000Z,3381,FALSE,FALSE,TRUE,TRUE,FALSE,FALSE,FALSE,FALSE
3272,F,NDE,England,NDE,english,10,2007-08-07T00:00:00.000Z,2007-07-13T00:00:00.000Z,3436,TRUE,FALSE,FALSE,TRUE,FALSE,FALSE,FALSE,FALSE
3274,F,NDE,United States,NDE,english,14,2007-08-17T00:00:00.000Z,1983-10-18T00:00:00.000Z,6946,FALSE,FALSE,FALSE,TRUE,FALSE,FALSE,FALSE,FALSE
3275,F,Probable NDE,Italy,Probable NDE,italian,17,2007-08-17T00:00:00.000Z,1982-01-18T00:00:00.000Z,2601,FALSE,TRUE,FALSE,TRUE,FALSE,FALSE,FALSE,FALSE
3276,F,NDE,Canada,NDE,english,16,2007-08-17T00:00:00.000Z,1983-01-18T00:00:00.000Z,5333,FALSE,FALSE,FALSE,TRUE,FALSE,FALSE,FALSE,FALSE
3279,F,NDE,France,NDE,french,14,2007-08-17T00:00:00.000Z,1995-09-18T00:00:00.000Z,6309,FALSE,TRUE,FALSE,TRUE,FALSE,FALSE,FALSE,FALSE
3280,M,NDE,United States,NDE,english,9,2007-08-17T00:00:00.000Z,2005-02-06T00:00:00.000Z,17538,TRUE,FALSE,FALSE,TRUE,TRUE,FALSE,FALSE,FALSE
3281,M,NDE,Spain,NDE,spanish,6,2007-08-17T00:00:00.000Z,1976-01-18T00:00:00.000Z,2572,FALSE,FALSE,FALSE,TRUE,FALSE,FALSE,FALSE,FALSE
3283,M,NDE,United States,NDE,english,11,2007-08-17T00:00:00.000Z,2007-08-06T00:00:00.000Z,6342,FALSE,FALSE,FALSE,TRUE,FALSE,FALSE,FALSE,FALSE
3285,F,NDE,United States,NDE,english,16,2007-08-17T00:00:00.000Z,1974-12-13T00:00:00.000Z,9618,TRUE,TRUE,FALSE,TRUE,TRUE,FALSE,FALSE,FALSE
3286,F,NDE,United States,NDE,english,17,2007-08-17T00:00:00.000Z,2005-04-22T00:00:00.000Z,4359,FALSE,FALSE,FALSE,TRUE,FALSE,FALSE,FALSE,FALSE
3287,M,NDE,Chile,NDE,spanish,16,2007-08-17T00:00:00.000Z,1978-01-18T00:00:00.000Z,6987,FALSE,FALSE,FALSE,TRUE,FALSE,FALSE,FALSE,FALSE
3288,M,Probable NDE,United States,Probable NDE,english,5,2007-08-17T00:00:00.000Z,1960-12-18T00:00:00.000Z,6930,FALSE,FALSE,FALSE,TRUE,FALSE,FALSE,FALSE,FALSE
3289,F,NDE,United States,NDE,english,14,2007-08-17T00:00:00.000Z,2003-03-18T00:00:00.000Z,5552,FALSE,FALSE,FALSE,TRUE,FALSE,FALSE,FALSE,FALSE
3290,M,NDE,United States,NDE,english,13,2007-08-17T00:00:00.000Z,1998-01-20T00:00:00.000Z,7740,TRUE,FALSE,TRUE,TRUE,FALSE,FALSE,FALSE,FALSE
3292,F,NDE,Australia,NDE,english,10,2007-08-17T00:00:00.000Z,1997-08-11T00:00:00.000Z,6146,TRUE,FALSE,FALSE,TRUE,FALSE,FALSE,FALSE,FALSE
3293,F,NDE,United States,NDE,english,19,2007-08-17T00:00:00.000Z,1972-01-18T00:00:00.000Z,6062,FALSE,FALSE,FALSE,TRUE,FALSE,FALSE,FALSE,FALSE
3295,F,NDE,Italy,NDE,italian,8,2007-08-23T00:00:00.000Z,1970-01-19T00:00:00.000Z,1904,TRUE,FALSE,FALSE,TRUE,FALSE,FALSE,FALSE,FALSE
3299,M,NDE,United States,NDE,english,15,2007-08-30T00:00:00.000Z,2006-11-19T00:00:00.000Z,3246,FALSE,FALSE,FALSE,TRUE,FALSE,FALSE,FALSE,FALSE
3301,M,NDE,United States,NDE,english,9,2007-08-30T00:00:00.000Z,1968-01-01T00:00:00.000Z,5770,FALSE,FALSE,FALSE,TRUE,FALSE,FALSE,FALSE,FALSE
3305,M,NDE,United States,NDE,english,8,2007-08-30T00:00:00.000Z,1954-01-18T00:00:00.000Z,3616,TRUE,FALSE,FALSE,TRUE,TRUE,FALSE,FALSE,FALSE
3306,M,NDE,United States,NDE,english,1,2007-09-07T00:00:00.000Z,1968-01-18T00:00:00.000Z,2829,TRUE,FALSE,FALSE,TRUE,FALSE,FALSE,FALSE,FALSE
3307,F,NDE,United States,NDE,english,6,2007-09-07T00:00:00.000Z,2000-04-18T00:00:00.000Z,7852,TRUE,FALSE,FALSE,TRUE,FALSE,FALSE,FALSE,FALSE
3308,M,NDE,United States,NDE,english,11,2007-09-07T00:00:00.000Z,1974-02-17T00:00:00.000Z,3220,TRUE,FALSE,FALSE,TRUE,FALSE,FALSE,FALSE,FALSE
3309,F,NDE,United States,NDE,english,8,2007-09-07T00:00:00.000Z,1970-01-01T00:00:00.000Z,3522,FALSE,FALSE,FALSE,TRUE,FALSE,FALSE,FALSE,FALSE
3315,F,NDE,United States,NDE,english,15,2007-09-14T00:00:00.000Z,1973-01-01T00:00:00.000Z,13168,TRUE,TRUE,FALSE,TRUE,TRUE,TRUE,FALSE,FALSE
3317,F,NDE,United States,NDE,english,19,2007-09-14T00:00:00.000Z,2007-08-27T00:00:00.000Z,12227,FALSE,FALSE,FALSE,TRUE,FALSE,FALSE,FALSE,FALSE
3318,F,NDE,United States,NDE,english,15,2007-09-14T00:00:00.000Z,NA,17469,TRUE,FALSE,FALSE,TRUE,FALSE,FALSE,FALSE,FALSE
3319,F,NDE,United States,NDE,english,14,2007-09-14T00:00:00.000Z,2007-06-21T00:00:00.000Z,6089,FALSE,FALSE,FALSE,TRUE,FALSE,FALSE,FALSE,FALSE
3320,M,NDE,United States,NDE,english,6,2007-09-14T00:00:00.000Z,2004-10-23T00:00:00.000Z,4029,TRUE,FALSE,FALSE,TRUE,FALSE,FALSE,FALSE,FALSE
3321,F,NDE,United States,NDE,english,12,2007-09-21T00:00:00.000Z,1996-01-18T00:00:00.000Z,5336,TRUE,FALSE,FALSE,TRUE,FALSE,FALSE,FALSE,FALSE
3323,F,NDE,United States,NDE,english,1,2007-09-21T00:00:00.000Z,2005-08-28T00:00:00.000Z,2082,TRUE,FALSE,FALSE,TRUE,FALSE,FALSE,FALSE,FALSE
3327,F,NDE,United States,NDE,english,14,2007-09-28T00:00:00.000Z,2003-01-18T00:00:00.000Z,4230,FALSE,TRUE,FALSE,TRUE,FALSE,FALSE,FALSE,FALSE
3329,F,NDE,United States,NDE,english,18,2007-09-28T00:00:00.000Z,2007-06-10T00:00:00.000Z,5178,FALSE,FALSE,FALSE,TRUE,FALSE,FALSE,FALSE,FALSE
3333,M,NDE,Australia,NDE,english,7,2007-10-05T00:00:00.000Z,1989-01-18T00:00:00.000Z,5663,FALSE,FALSE,FALSE,TRUE,FALSE,FALSE,FALSE,FALSE
3334,M,NDE,United States,NDE,english,14,2007-10-05T00:00:00.000Z,1962-01-06T00:00:00.000Z,4655,FALSE,FALSE,FALSE,TRUE,FALSE,FALSE,FALSE,FALSE
3335,M,Probable NDE,United States,Probable NDE,english,5,2007-10-05T00:00:00.000Z,1962-01-18T00:00:00.000Z,2950,TRUE,FALSE,FALSE,FALSE,TRUE,FALSE,FALSE,FALSE
3336,F,NDE,United States,NDE,english,10,2007-10-05T00:00:00.000Z,2001-03-08T00:00:00.000Z,2930,FALSE,TRUE,FALSE,TRUE,FALSE,FALSE,FALSE,FALSE
3338,M,NDE,United States,NDE,english,7,2007-10-12T00:00:00.000Z,2006-07-18T00:00:00.000Z,4716,TRUE,FALSE,FALSE,TRUE,FALSE,FALSE,FALSE,FALSE
3339,F,NDE,United States,NDE,english,19,2007-10-12T00:00:00.000Z,1972-01-01T00:00:00.000Z,17937,TRUE,FALSE,FALSE,FALSE,FALSE,FALSE,FALSE,FALSE
3341,F,NDE,United States,NDE,english,20,2007-10-12T00:00:00.000Z,NA,5763,TRUE,FALSE,FALSE,TRUE,TRUE,FALSE,FALSE,FALSE
3342,F,NDE,United States,NDE,english,8,2007-10-12T00:00:00.000Z,1992-01-18T00:00:00.000Z,2634,TRUE,FALSE,FALSE,TRUE,FALSE,FALSE,FALSE,FALSE
3343,F,NDE,United States,NDE,english,23,2007-10-12T00:00:00.000Z,1973-10-18T00:00:00.000Z,11582,FALSE,TRUE,FALSE,TRUE,FALSE,FALSE,FALSE,FALSE
3344,F,Probable NDE,United States,Probable NDE,english,9,2007-10-12T00:00:00.000Z,2006-07-17T00:00:00.000Z,6756,TRUE,FALSE,FALSE,TRUE,TRUE,FALSE,FALSE,FALSE
3345,M,NDE,United States,NDE,english,8,2007-10-12T00:00:00.000Z,2007-06-01T00:00:00.000Z,3889,TRUE,FALSE,FALSE,TRUE,FALSE,FALSE,FALSE,FALSE
3346,M,NDE,United States,NDE,english,10,2007-10-12T00:00:00.000Z,1986-11-11T00:00:00.000Z,6347,TRUE,TRUE,FALSE,TRUE,FALSE,FALSE,FALSE,FALSE
3347,F,NDE,United States,NDE,english,2,2007-10-22T00:00:00.000Z,1980-10-26T00:00:00.000Z,4948,TRUE,FALSE,FALSE,TRUE,FALSE,FALSE,FALSE,FALSE
3350,M,Probable NDE,United States,Probable NDE,english,14,2007-10-22T00:00:00.000Z,2007-05-18T00:00:00.000Z,3239,FALSE,FALSE,FALSE,TRUE,FALSE,FALSE,FALSE,FALSE
3351,F,NDE,United States,NA,english,19,2007-10-22T00:00:00.000Z,2004-01-01T00:00:00.000Z,3783,TRUE,FALSE,FALSE,TRUE,TRUE,FALSE,FALSE,FALSE
3355,F,NDE,India,NDE,english,16,2007-10-22T00:00:00.000Z,1973-01-01T00:00:00.000Z,11096,FALSE,TRUE,FALSE,TRUE,FALSE,TRUE,FALSE,FALSE
3357,F,Probable NDE,Peru,Probable NDE,spanish,13,2007-11-07T00:00:00.000Z,1991-01-01T00:00:00.000Z,7915,FALSE,FALSE,FALSE,TRUE,FALSE,FALSE,FALSE,FALSE
3358,F,Probable NDE,Mexico,Probable NDE,spanish,19,2007-11-07T00:00:00.000Z,1982-01-01T00:00:00.000Z,4222,TRUE,FALSE,FALSE,TRUE,FALSE,FALSE,FALSE,FALSE
3359,M,NDE,Australia,NDE,english,15,2007-11-07T00:00:00.000Z,1967-01-18T00:00:00.000Z,16678,FALSE,TRUE,FALSE,FALSE,FALSE,FALSE,FALSE,TRUE
3361,M,NDE,United States,NDE,english,7,2007-11-07T00:00:00.000Z,2003-06-16T00:00:00.000Z,20672,FALSE,FALSE,FALSE,TRUE,FALSE,FALSE,FALSE,FALSE
3362,F,NDE,United States,NDE,english,8,2007-11-07T00:00:00.000Z,1991-01-18T00:00:00.000Z,6874,FALSE,TRUE,FALSE,TRUE,TRUE,FALSE,FALSE,FALSE
3364,M,NDE,United States,NDE,english,15,2007-11-07T00:00:00.000Z,2005-02-21T00:00:00.000Z,10105,TRUE,TRUE,FALSE,TRUE,TRUE,FALSE,FALSE,FALSE
3365,M,NDE,Mexico,NDE,spanish,10,2007-11-07T00:00:00.000Z,2004-01-01T00:00:00.000Z,9768,TRUE,FALSE,FALSE,TRUE,FALSE,FALSE,FALSE,FALSE
3366,M,Possible NDE,France,Possible NDE,french,18,2007-11-07T00:00:00.000Z,2007-10-28T00:00:00.000Z,4815,FALSE,FALSE,FALSE,TRUE,FALSE,FALSE,FALSE,FALSE
3367,F,NDE,United Kingdom,NDE,english,14,2007-11-07T00:00:00.000Z,2007-07-03T00:00:00.000Z,3571,TRUE,FALSE,FALSE,TRUE,TRUE,FALSE,FALSE,FALSE
3368,F,NDE,United States,NDE,english,12,2007-11-07T00:00:00.000Z,1974-01-01T00:00:00.000Z,7353,FALSE,TRUE,FALSE,FALSE,FALSE,FALSE,FALSE,FALSE
3369,M,NDE,United States,NDE,english,8,2007-11-07T00:00:00.000Z,1984-01-18T00:00:00.000Z,9874,FALSE,FALSE,FALSE,TRUE,FALSE,FALSE,FALSE,FALSE
3370,M,NDE,Cardiff,NDE,english,20,2007-11-12T00:00:00.000Z,2005-12-08T00:00:00.000Z,4839,FALSE,FALSE,FALSE,TRUE,FALSE,FALSE,FALSE,FALSE
3371,M,NDE,United States,NDE,english,5,2007-11-12T00:00:00.000Z,2007-10-15T00:00:00.000Z,3520,TRUE,FALSE,FALSE,TRUE,FALSE,FALSE,FALSE,FALSE
3372,F,NDE,United States,NDE,english,13,2007-11-12T00:00:00.000Z,2004-03-10T00:00:00.000Z,6725,FALSE,FALSE,FALSE,TRUE,FALSE,FALSE,FALSE,FALSE
3373,M,NDE,Argentina,NDE,spanish,2,2007-11-12T00:00:00.000Z,1953-01-01T00:00:00.000Z,2768,FALSE,FALSE,FALSE,FALSE,FALSE,FALSE,FALSE,FALSE
3374,F,Possible NDE,United States,Possible NDE,english,23,2007-11-12T00:00:00.000Z,1962-01-18T00:00:00.000Z,3917,TRUE,FALSE,FALSE,TRUE,FALSE,FALSE,FALSE,FALSE
3375,F,NDE,United States,NDE,english,12,2007-11-12T00:00:00.000Z,1964-01-01T00:00:00.000Z,8122,TRUE,TRUE,FALSE,TRUE,TRUE,FALSE,FALSE,FALSE
3377,M,NDE,United States,NDE,english,8,2007-11-12T00:00:00.000Z,NA,6876,TRUE,FALSE,FALSE,TRUE,FALSE,FALSE,FALSE,FALSE
3378,F,Possible NDE,United States,Possible NDE,english,3,2007-11-12T00:00:00.000Z,2006-11-02T00:00:00.000Z,8616,FALSE,FALSE,FALSE,TRUE,FALSE,FALSE,FALSE,FALSE
3379,F,Probable NDE,United States,Probable NDE,romanian,18,2007-11-12T00:00:00.000Z,1998-01-01T00:00:00.000Z,10127,FALSE,TRUE,FALSE,TRUE,TRUE,FALSE,FALSE,FALSE
3382,M,NDE,United Kingdom,NDE,english,6,2007-11-28T00:00:00.000Z,1996-08-09T00:00:00.000Z,12328,FALSE,FALSE,FALSE,FALSE,FALSE,FALSE,FALSE,FALSE
3383,M,NDE,United States,NDE,english,14,2007-11-28T00:00:00.000Z,2007-05-07T00:00:00.000Z,1484,TRUE,FALSE,FALSE,TRUE,FALSE,FALSE,FALSE,FALSE
3384,M,NDE,United States,NDE,english,12,2007-11-28T00:00:00.000Z,2001-01-18T00:00:00.000Z,3517,TRUE,TRUE,FALSE,FALSE,TRUE,FALSE,FALSE,FALSE
3385,F,NDE,United States,NDE,english,14,2007-11-28T00:00:00.000Z,1999-10-02T00:00:00.000Z,10034,TRUE,FALSE,FALSE,TRUE,FALSE,FALSE,FALSE,FALSE
3386,M,Probable NDE,United States,Probable NDE,english,7,2007-11-28T00:00:00.000Z,1955-01-01T00:00:00.000Z,7543,FALSE,FALSE,FALSE,TRUE,FALSE,TRUE,TRUE,FALSE
3388,F,NDE,United States,NDE,english,14,2007-11-28T00:00:00.000Z,1979-11-07T00:00:00.000Z,6506,TRUE,FALSE,FALSE,TRUE,FALSE,FALSE,FALSE,FALSE
3389,F,NDE,United States,NDE,english,5,2007-11-28T00:00:00.000Z,1987-11-18T00:00:00.000Z,16556,TRUE,FALSE,FALSE,TRUE,TRUE,FALSE,FALSE,FALSE
3391,M,FDE,United States,FDE,english,12,2007-11-28T00:00:00.000Z,1996-01-01T00:00:00.000Z,4995,TRUE,FALSE,FALSE,TRUE,FALSE,FALSE,FALSE,FALSE
3392,M,Probable NDE,United States,Probable NDE,english,16,2007-11-28T00:00:00.000Z,NA,2878,FALSE,FALSE,FALSE,FALSE,FALSE,FALSE,FALSE,FALSE
3393,F,NDE,United States,NDE,english,20,2007-11-28T00:00:00.000Z,2005-12-16T00:00:00.000Z,7193,FALSE,FALSE,FALSE,TRUE,FALSE,FALSE,FALSE,FALSE
3394,F,NDE,Australia,NDE,english,9,2007-11-28T00:00:00.000Z,1983-03-18T00:00:00.000Z,3891,TRUE,FALSE,FALSE,TRUE,FALSE,FALSE,FALSE,FALSE
3397,M,Probable NDE,United States,Probable NDE,english,8,2007-11-28T00:00:00.000Z,2004-06-29T00:00:00.000Z,7578,FALSE,FALSE,FALSE,TRUE,FALSE,FALSE,FALSE,FALSE
3398,F,NDE,United States,NDE,english,14,2007-11-28T00:00:00.000Z,2007-01-21T00:00:00.000Z,5240,FALSE,FALSE,FALSE,TRUE,FALSE,FALSE,FALSE,FALSE
3399,M,NDE,United States,NDE,english,13,2007-11-28T00:00:00.000Z,1985-11-18T00:00:00.000Z,2239,TRUE,TRUE,FALSE,FALSE,TRUE,FALSE,FALSE,FALSE
3400,F,NDE,United States,NDE,english,18,2007-11-28T00:00:00.000Z,1966-11-18T00:00:00.000Z,6763,FALSE,TRUE,FALSE,TRUE,FALSE,FALSE,TRUE,FALSE
3402,F,NDE,Canada,NDE,english,16,2007-11-28T00:00:00.000Z,1983-01-01T00:00:00.000Z,4971,FALSE,FALSE,FALSE,TRUE,FALSE,FALSE,FALSE,FALSE
3403,F,NDE,United States,NDE,english,16,2007-11-28T00:00:00.000Z,2007-01-01T00:00:00.000Z,5657,TRUE,TRUE,FALSE,TRUE,FALSE,FALSE,FALSE,FALSE
3404,F,NDE,United Kingdom,NDE,english,19,2007-12-07T00:00:00.000Z,2004-04-18T00:00:00.000Z,3446,TRUE,FALSE,FALSE,TRUE,FALSE,FALSE,FALSE,FALSE
3405,M,NDE,United States,NDE,english,14,2007-12-07T00:00:00.000Z,2005-04-10T00:00:00.000Z,4150,FALSE,FALSE,FALSE,TRUE,FALSE,FALSE,FALSE,FALSE
3406,M,Probable NDE,United Kingdom,Probable NDE,english,11,2007-12-07T00:00:00.000Z,2006-04-24T00:00:00.000Z,16466,TRUE,FALSE,FALSE,TRUE,TRUE,FALSE,FALSE,FALSE
3410,F,NDE,United States,Secondhand NDE,english,2,2007-12-07T00:00:00.000Z,1991-01-18T00:00:00.000Z,2845,TRUE,FALSE,FALSE,TRUE,FALSE,FALSE,FALSE,FALSE
3411,F,Probable NDE,United States,Probable NDE,english,15,2007-12-14T00:00:00.000Z,2003-08-28T00:00:00.000Z,4559,FALSE,FALSE,FALSE,TRUE,FALSE,FALSE,FALSE,FALSE
3412,M,NDE,Canada,NDE,english,16,2007-12-14T00:00:00.000Z,1993-07-09T00:00:00.000Z,6108,FALSE,TRUE,FALSE,TRUE,FALSE,FALSE,FALSE,TRUE
3418,F,NDE,United States,NDE,english,16,2007-12-14T00:00:00.000Z,1977-04-18T00:00:00.000Z,5185,FALSE,FALSE,FALSE,TRUE,FALSE,FALSE,FALSE,FALSE
3420,F,NDE,United States,NDE,english,1,2007-12-14T00:00:00.000Z,2005-02-23T00:00:00.000Z,4398,FALSE,FALSE,FALSE,FALSE,FALSE,FALSE,FALSE,FALSE
3422,F,Probable NDE,Egypt,Probable NDE,arabic,6,2007-12-20T00:00:00.000Z,2006-07-12T00:00:00.000Z,1600,FALSE,FALSE,FALSE,TRUE,FALSE,FALSE,FALSE,FALSE
3426,F,NDE,Denmark,NDE,english,18,2007-12-20T00:00:00.000Z,1943-07-18T00:00:00.000Z,8188,TRUE,TRUE,FALSE,TRUE,TRUE,FALSE,FALSE,FALSE
3427,F,NDE,United States,NDE,english,17,2007-12-20T00:00:00.000Z,NA,6657,TRUE,FALSE,FALSE,TRUE,FALSE,TRUE,FALSE,FALSE
3428,F,NDE,United States,NDE,english,12,2007-12-28T00:00:00.000Z,1962-01-18T00:00:00.000Z,3067,TRUE,FALSE,FALSE,TRUE,TRUE,FALSE,FALSE,FALSE
3430,M,Possible NDE,Italy,Possible NDE,italian,15,2007-12-28T00:00:00.000Z,2003-01-01T00:00:00.000Z,7765,TRUE,TRUE,FALSE,FALSE,FALSE,FALSE,FALSE,FALSE
3434,F,NDE,United States,NDE,english,22,2007-12-28T00:00:00.000Z,2002-07-01T00:00:00.000Z,9008,TRUE,TRUE,FALSE,TRUE,FALSE,FALSE,FALSE,FALSE
3437,F,NDE,United States,NDE,english,8,2007-12-28T00:00:00.000Z,1986-01-18T00:00:00.000Z,6024,TRUE,FALSE,FALSE,TRUE,FALSE,FALSE,FALSE,FALSE
3440,M,NDE,United States,NDE,english,12,2008-01-04T00:00:00.000Z,1943-01-18T00:00:00.000Z,3531,TRUE,TRUE,FALSE,TRUE,FALSE,FALSE,FALSE,FALSE
3442,F,NDE,United States,NDE,english,10,2008-01-04T00:00:00.000Z,1973-08-18T00:00:00.000Z,7658,TRUE,FALSE,TRUE,TRUE,FALSE,FALSE,FALSE,FALSE
3444,M,NDE,United States,NDE,english,10,2008-01-11T00:00:00.000Z,2002-09-18T00:00:00.000Z,7694,FALSE,FALSE,FALSE,TRUE,FALSE,FALSE,FALSE,FALSE
3445,M,NDE,United States,NDE,english,19,NA,NA,11365,TRUE,FALSE,FALSE,TRUE,FALSE,FALSE,FALSE,FALSE
3447,F,NDE,United States,NDE,english,19,2009-08-22T00:00:00.000Z,1997-02-18T00:00:00.000Z,15482,TRUE,FALSE,FALSE,TRUE,TRUE,FALSE,FALSE,FALSE
3448,M,Probable NDE,Nijmegen,Probable NDE,dutch,9,2008-01-11T00:00:00.000Z,1997-11-18T00:00:00.000Z,2957,FALSE,FALSE,FALSE,FALSE,FALSE,FALSE,FALSE,FALSE
3449,M,NDE,United States,NDE,english,20,2008-01-11T00:00:00.000Z,1970-04-22T00:00:00.000Z,7789,TRUE,TRUE,FALSE,TRUE,FALSE,FALSE,FALSE,FALSE
3451,F,NDE,Canada,NDE,english,12,2008-01-11T00:00:00.000Z,2001-01-01T00:00:00.000Z,7680,TRUE,FALSE,FALSE,TRUE,FALSE,FALSE,FALSE,FALSE
3452,M,NDE,United States,NDE,english,12,2008-01-11T00:00:00.000Z,1972-01-01T00:00:00.000Z,5102,TRUE,FALSE,FALSE,TRUE,TRUE,FALSE,TRUE,FALSE
3455,M,NDE,Australia,NDE,english,17,2008-01-11T00:00:00.000Z,1984-08-23T00:00:00.000Z,4380,FALSE,FALSE,FALSE,TRUE,FALSE,FALSE,FALSE,FALSE
3456,M,NDE,United States,NDE,english,5,2008-01-11T00:00:00.000Z,1984-01-01T00:00:00.000Z,10019,TRUE,FALSE,FALSE,TRUE,FALSE,FALSE,FALSE,FALSE
3457,F,Probable NDE,United States,Probable NDE,english,14,2008-01-11T00:00:00.000Z,1979-01-18T00:00:00.000Z,6204,FALSE,TRUE,FALSE,TRUE,FALSE,FALSE,FALSE,FALSE
3458,M,FDE,United States,FDE,english,3,2008-01-18T00:00:00.000Z,2003-07-06T00:00:00.000Z,3620,TRUE,FALSE,FALSE,TRUE,FALSE,FALSE,FALSE,FALSE
3459,F,NDE,Ireland,NDE,english,15,2008-01-18T00:00:00.000Z,1999-01-18T00:00:00.000Z,7608,TRUE,TRUE,FALSE,FALSE,TRUE,FALSE,FALSE,FALSE
3460,M,NDE,United States,NDE,english,14,2008-01-18T00:00:00.000Z,1972-09-05T00:00:00.000Z,3011,TRUE,FALSE,FALSE,TRUE,FALSE,FALSE,FALSE,FALSE
3461,F,Probable NDE,United States,Probable NDE,english,15,2008-01-18T00:00:00.000Z,2005-06-18T00:00:00.000Z,5491,FALSE,FALSE,FALSE,TRUE,FALSE,FALSE,FALSE,FALSE
3463,F,NDE,United States,NDE,english,12,2008-01-18T00:00:00.000Z,1987-06-22T00:00:00.000Z,3217,FALSE,FALSE,FALSE,TRUE,FALSE,FALSE,FALSE,FALSE
3465,M,NDE,United States,NDE,english,19,2008-01-25T00:00:00.000Z,2003-04-18T00:00:00.000Z,6222,FALSE,FALSE,FALSE,TRUE,FALSE,FALSE,FALSE,FALSE
3467,M,NDE,United States,NDE,english,4,2008-01-25T00:00:00.000Z,1976-01-01T00:00:00.000Z,4763,FALSE,FALSE,FALSE,TRUE,FALSE,FALSE,FALSE,FALSE
3468,M,NDE,Italy,NDE,italian,7,2008-01-25T00:00:00.000Z,NA,7972,TRUE,FALSE,FALSE,TRUE,FALSE,FALSE,FALSE,FALSE
3469,M,NDE,United States,NDE,english,4,2008-01-25T00:00:00.000Z,2002-04-28T00:00:00.000Z,3395,TRUE,FALSE,FALSE,TRUE,FALSE,FALSE,FALSE,FALSE
3470,F,NDE,Saudi Arabia,NDE,arabic,5,2008-01-25T00:00:00.000Z,1989-01-18T00:00:00.000Z,3364,FALSE,FALSE,FALSE,FALSE,FALSE,FALSE,FALSE,FALSE
3472,F,NDE,Greece,NDE,italian,15,2008-01-25T00:00:00.000Z,2006-08-15T00:00:00.000Z,4885,FALSE,TRUE,FALSE,TRUE,FALSE,FALSE,TRUE,FALSE
3473,M,NDE,United States,NDE,english,16,2008-01-25T00:00:00.000Z,2008-01-08T00:00:00.000Z,2823,FALSE,FALSE,FALSE,TRUE,FALSE,FALSE,FALSE,FALSE
3475,F,NDE,United States,NDE,english,5,2008-01-25T00:00:00.000Z,2004-01-01T00:00:00.000Z,2965,FALSE,TRUE,FALSE,TRUE,FALSE,FALSE,FALSE,FALSE
3477,F,NDE,United States,NDE,english,23,2008-01-25T00:00:00.000Z,1980-01-01T00:00:00.000Z,7732,TRUE,FALSE,FALSE,TRUE,TRUE,FALSE,FALSE,FALSE
3482,F,NDE,United States,NDE,english,14,2008-02-01T00:00:00.000Z,NA,9717,TRUE,TRUE,FALSE,TRUE,FALSE,FALSE,FALSE,FALSE
3483,M,NDE,United States,NDE,english,11,2008-02-01T00:00:00.000Z,1991-07-25T00:00:00.000Z,6122,TRUE,FALSE,FALSE,TRUE,FALSE,FALSE,FALSE,FALSE
3484,F,NDE,United States,NDE,english,12,2008-02-01T00:00:00.000Z,2000-07-14T00:00:00.000Z,6566,TRUE,FALSE,TRUE,TRUE,TRUE,FALSE,FALSE,FALSE
3485,F,NDE,United States,NDE,english,5,2008-02-01T00:00:00.000Z,1984-01-18T00:00:00.000Z,3335,FALSE,FALSE,FALSE,FALSE,TRUE,FALSE,FALSE,FALSE
3486,F,NDE,United States,NDE,english,14,2008-02-01T00:00:00.000Z,1980-05-07T00:00:00.000Z,7838,FALSE,TRUE,FALSE,TRUE,FALSE,FALSE,FALSE,FALSE
3487,F,Possible NDE,United States,Possible NDE,english,7,2008-02-01T00:00:00.000Z,2002-02-18T00:00:00.000Z,12327,FALSE,FALSE,FALSE,TRUE,FALSE,FALSE,FALSE,FALSE
3488,F,NDE,United States,NDE,english,14,2008-02-01T00:00:00.000Z,NA,2963,FALSE,FALSE,FALSE,TRUE,FALSE,FALSE,FALSE,FALSE
3489,M,Possible NDE,United States,Possible NDE,english,4,2008-02-01T00:00:00.000Z,2007-09-18T00:00:00.000Z,5592,TRUE,FALSE,FALSE,TRUE,FALSE,FALSE,FALSE,FALSE
3493,F,FDE,Mexico,FDE,spanish,13,2008-02-08T00:00:00.000Z,2000-01-01T00:00:00.000Z,3198,TRUE,FALSE,FALSE,TRUE,FALSE,FALSE,FALSE,FALSE
3494,M,Other,United States,Probable REM Intrusion,english,6,2008-02-08T00:00:00.000Z,1999-01-18T00:00:00.000Z,9500,TRUE,FALSE,TRUE,FALSE,FALSE,FALSE,FALSE,FALSE
3495,F,NDE,United States,NDE,english,18,2008-02-08T00:00:00.000Z,2000-07-25T00:00:00.000Z,14207,TRUE,FALSE,FALSE,TRUE,FALSE,FALSE,FALSE,FALSE
3496,M,NDE,United States,Secondhand NDE,english,8,2008-02-08T00:00:00.000Z,1996-01-18T00:00:00.000Z,2523,FALSE,FALSE,FALSE,TRUE,FALSE,FALSE,FALSE,FALSE
3497,M,NDE,Colombia,NDE,spanish,14,2010-08-08T00:00:00.000Z,2008-01-01T00:00:00.000Z,4457,FALSE,FALSE,FALSE,TRUE,FALSE,FALSE,FALSE,FALSE
3498,F,NDE,United States,NDE,english,13,2008-02-08T00:00:00.000Z,2007-12-14T00:00:00.000Z,3129,FALSE,FALSE,FALSE,TRUE,FALSE,FALSE,FALSE,FALSE
3499,F,NDE,United States,NDE,english,8,2008-02-08T00:00:00.000Z,NA,3039,FALSE,FALSE,FALSE,FALSE,FALSE,FALSE,FALSE,FALSE
3500,F,NDE,Australia,NDE,english,11,2008-02-08T00:00:00.000Z,1968-05-18T00:00:00.000Z,2586,FALSE,FALSE,FALSE,TRUE,FALSE,FALSE,FALSE,FALSE
3501,F,NDE,United States,NDE,spanish,18,2008-02-08T00:00:00.000Z,2007-03-02T00:00:00.000Z,12784,FALSE,FALSE,FALSE,TRUE,FALSE,FALSE,FALSE,FALSE
3503,F,NDE,United States,NDE,english,4,2008-02-08T00:00:00.000Z,NA,8613,FALSE,FALSE,FALSE,TRUE,FALSE,FALSE,FALSE,FALSE
3504,F,NDE,United States,NDE,english,15,2008-02-08T00:00:00.000Z,2003-04-24T00:00:00.000Z,7333,FALSE,FALSE,FALSE,TRUE,FALSE,FALSE,FALSE,FALSE
3505,F,NDE,United States,NDE,english,17,2008-02-15T00:00:00.000Z,1984-08-06T00:00:00.000Z,9329,TRUE,FALSE,FALSE,FALSE,FALSE,FALSE,FALSE,FALSE
3506,M,NDE,Canada,NDE,english,11,2008-02-15T00:00:00.000Z,1981-01-18T00:00:00.000Z,2517,TRUE,FALSE,FALSE,FALSE,FALSE,FALSE,FALSE,FALSE
3507,M,NDE,United States,NDE,english,13,2008-02-15T00:00:00.000Z,1994-08-12T00:00:00.000Z,2574,FALSE,FALSE,FALSE,TRUE,FALSE,FALSE,FALSE,FALSE
3508,F,NDE,Kenya,NDE,english,9,2008-02-15T00:00:00.000Z,2007-09-03T00:00:00.000Z,4568,FALSE,FALSE,FALSE,TRUE,FALSE,FALSE,FALSE,FALSE
3509,M,NDE,United States,NDE,english,9,2007-08-17T00:00:00.000Z,2005-02-06T00:00:00.000Z,17538,TRUE,FALSE,FALSE,TRUE,TRUE,FALSE,FALSE,FALSE
3512,F,NDE,United States,NDE,english,16,2008-02-15T00:00:00.000Z,2007-01-12T00:00:00.000Z,28342,TRUE,FALSE,FALSE,TRUE,FALSE,FALSE,FALSE,FALSE
3513,M,NDE,United States,NDE,english,7,2008-02-15T00:00:00.000Z,1979-01-18T00:00:00.000Z,3683,TRUE,FALSE,FALSE,TRUE,TRUE,FALSE,FALSE,FALSE
3517,M,NDE,United States,NDE,english,7,2008-02-29T00:00:00.000Z,1968-05-18T00:00:00.000Z,5454,FALSE,FALSE,FALSE,TRUE,FALSE,FALSE,FALSE,FALSE
3518,F,NDE,Canada,NDE,english,16,2008-02-29T00:00:00.000Z,2004-03-18T00:00:00.000Z,7994,FALSE,FALSE,FALSE,TRUE,FALSE,FALSE,FALSE,FALSE
3519,F,NDE,United States,NDE,english,12,2008-02-29T00:00:00.000Z,2002-09-18T00:00:00.000Z,5035,FALSE,FALSE,FALSE,TRUE,FALSE,FALSE,FALSE,FALSE
3520,F,NDE,United States,NDE,english,12,2008-02-29T00:00:00.000Z,1998-01-18T00:00:00.000Z,4239,FALSE,FALSE,FALSE,TRUE,FALSE,FALSE,FALSE,FALSE
3524,M,NDE,United States,NDE,english,8,2008-02-29T00:00:00.000Z,2007-03-10T00:00:00.000Z,2487,FALSE,FALSE,FALSE,TRUE,FALSE,FALSE,FALSE,FALSE
3526,M,SOBE,United States,SOBE,english,3,2008-02-29T00:00:00.000Z,1996-01-01T00:00:00.000Z,3467,TRUE,FALSE,FALSE,FALSE,FALSE,FALSE,FALSE,FALSE
3530,F,NDE,United States,NDE,english,11,2008-02-29T00:00:00.000Z,1995-02-13T00:00:00.000Z,14014,TRUE,FALSE,FALSE,TRUE,FALSE,FALSE,FALSE,FALSE
3532,F,NDE,United States,NDE,english,23,2008-02-29T00:00:00.000Z,1998-07-21T00:00:00.000Z,17967,TRUE,TRUE,FALSE,TRUE,TRUE,FALSE,FALSE,FALSE
3536,F,FDE,United Kingdom,FDE,english,14,2008-02-29T00:00:00.000Z,2001-01-05T00:00:00.000Z,3575,FALSE,FALSE,FALSE,FALSE,FALSE,FALSE,FALSE,FALSE
3537,F,Probable NDE,Canada,Probable NDE,english,13,2008-03-07T00:00:00.000Z,1998-01-18T00:00:00.000Z,3774,FALSE,FALSE,FALSE,TRUE,FALSE,FALSE,FALSE,FALSE
3539,M,NDE,United States,NDE,english,15,2008-03-07T00:00:00.000Z,1979-04-12T00:00:00.000Z,4601,FALSE,TRUE,FALSE,TRUE,FALSE,FALSE,FALSE,FALSE
3540,F,NDE,United States,NDE,english,11,2014-04-04T00:00:00.000Z,2014-03-05T00:00:00.000Z,20304,TRUE,TRUE,FALSE,TRUE,FALSE,FALSE,FALSE,FALSE
3542,M,Possible NDE,United States,Possible NDE,english,10,2008-03-14T00:00:00.000Z,2005-08-01T00:00:00.000Z,3426,FALSE,FALSE,FALSE,TRUE,FALSE,FALSE,FALSE,FALSE
3543,M,Possible NDE,United States,Possible NDE,english,8,2008-03-14T00:00:00.000Z,1981-06-11T00:00:00.000Z,2656,FALSE,FALSE,FALSE,TRUE,FALSE,FALSE,FALSE,FALSE
3545,F,NDE,Germany,NDE,english,16,2008-03-14T00:00:00.000Z,1973-01-18T00:00:00.000Z,6930,TRUE,TRUE,FALSE,TRUE,FALSE,FALSE,FALSE,FALSE
3546,F,NDE,United States,NDE,english,18,2008-03-14T00:00:00.000Z,1976-01-01T00:00:00.000Z,8266,FALSE,FALSE,FALSE,TRUE,FALSE,FALSE,TRUE,FALSE
3547,M,NDE,Germany,NDE,german,8,2008-03-14T00:00:00.000Z,2001-04-23T00:00:00.000Z,14014,TRUE,FALSE,FALSE,FALSE,FALSE,FALSE,TRUE,FALSE
3548,F,Probable NDE,United Kingdom,Probable NDE,english,17,2008-03-14T00:00:00.000Z,1982-03-18T00:00:00.000Z,3299,FALSE,FALSE,FALSE,FALSE,FALSE,FALSE,FALSE,FALSE
3551,F,Possible NDE,United States,Possible NDE,english,8,2008-03-14T00:00:00.000Z,2008-03-11T00:00:00.000Z,4462,TRUE,FALSE,FALSE,TRUE,FALSE,FALSE,FALSE,FALSE
3552,F,NDE,United States,NDE,english,16,2008-03-14T00:00:00.000Z,2001-06-11T00:00:00.000Z,5892,FALSE,TRUE,FALSE,TRUE,FALSE,FALSE,FALSE,FALSE
3553,F,NDE,United States,NDE,english,12,2008-03-14T00:00:00.000Z,1976-01-18T00:00:00.000Z,8277,FALSE,FALSE,FALSE,TRUE,FALSE,FALSE,FALSE,FALSE
3555,F,NDE,India,NDE,english,6,2008-03-20T00:00:00.000Z,NA,4773,FALSE,FALSE,FALSE,TRUE,FALSE,FALSE,FALSE,FALSE
3557,F,NDE,Saudi Arabia,NDE,spanish,16,2008-03-20T00:00:00.000Z,2006-01-01T00:00:00.000Z,12013,FALSE,TRUE,TRUE,TRUE,TRUE,FALSE,TRUE,FALSE
3558,F,NDE,Mexico,NDE,spanish,22,2008-04-04T00:00:00.000Z,1978-01-01T00:00:00.000Z,18933,FALSE,TRUE,FALSE,FALSE,FALSE,FALSE,FALSE,FALSE
3560,F,NDE,United States,NDE,english,2,2008-04-04T00:00:00.000Z,1970-07-18T00:00:00.000Z,2708,TRUE,FALSE,FALSE,TRUE,FALSE,FALSE,FALSE,FALSE
3561,F,Probable NDE,France,Probable NDE,english,2,2008-04-04T00:00:00.000Z,1984-01-18T00:00:00.000Z,4518,FALSE,FALSE,FALSE,TRUE,FALSE,FALSE,FALSE,FALSE
3562,M,NDE,Colombia,NDE,spanish,15,2008-04-04T00:00:00.000Z,1977-01-01T00:00:00.000Z,4219,TRUE,FALSE,FALSE,TRUE,TRUE,FALSE,FALSE,FALSE
3564,F,NDE,Canada,NDE,english,13,2008-04-04T00:00:00.000Z,1978-07-18T00:00:00.000Z,10544,TRUE,TRUE,FALSE,TRUE,FALSE,FALSE,FALSE,FALSE
3565,F,NDE,Australia,NDE,english,13,2008-04-04T00:00:00.000Z,1999-07-09T00:00:00.000Z,1983,FALSE,FALSE,FALSE,TRUE,FALSE,FALSE,FALSE,FALSE
3566,M,NDE,United States,NDE,english,9,2008-04-04T00:00:00.000Z,1997-09-03T00:00:00.000Z,5593,TRUE,FALSE,FALSE,TRUE,FALSE,FALSE,FALSE,FALSE
3569,F,NDE,England,NDE,english,13,2008-04-04T00:00:00.000Z,1966-08-18T00:00:00.000Z,4755,TRUE,FALSE,FALSE,TRUE,FALSE,FALSE,FALSE,FALSE
3570,F,NDE,United States,NDE,english,14,2008-04-04T00:00:00.000Z,2006-12-24T00:00:00.000Z,4614,FALSE,FALSE,FALSE,TRUE,FALSE,FALSE,FALSE,FALSE
3571,F,NDE,United States,NDE,english,17,2008-04-12T00:00:00.000Z,1982-05-08T00:00:00.000Z,11304,TRUE,FALSE,FALSE,TRUE,FALSE,FALSE,FALSE,FALSE
3572,F,Probable NDE,Mexico,Probable NDE,spanish,16,2008-04-12T00:00:00.000Z,2007-01-01T00:00:00.000Z,11012,TRUE,FALSE,FALSE,TRUE,FALSE,FALSE,FALSE,FALSE
3573,F,Probable NDE,United States,Probable NDE,english,3,2008-04-12T00:00:00.000Z,2005-08-11T00:00:00.000Z,2799,FALSE,FALSE,FALSE,TRUE,FALSE,FALSE,FALSE,FALSE
3575,M,Probable NDE,United States,Probable NDE,english,17,2008-04-12T00:00:00.000Z,1991-07-23T00:00:00.000Z,13243,TRUE,FALSE,FALSE,TRUE,FALSE,FALSE,FALSE,FALSE
3576,M,FDE,A,FDE,english,15,2008-04-12T00:00:00.000Z,2008-01-01T00:00:00.000Z,2864,FALSE,FALSE,FALSE,TRUE,FALSE,FALSE,FALSE,FALSE
3578,F,NDE,United States,NDE,english,12,2008-04-12T00:00:00.000Z,2005-07-08T00:00:00.000Z,22763,TRUE,FALSE,FALSE,TRUE,TRUE,FALSE,FALSE,FALSE
3582,F,NDE,United States,NDE,english,17,2008-04-19T00:00:00.000Z,2003-01-01T00:00:00.000Z,3717,TRUE,FALSE,FALSE,TRUE,TRUE,FALSE,FALSE,FALSE
3585,F,NDE,United States,NDE,english,9,2008-04-26T00:00:00.000Z,2008-03-20T00:00:00.000Z,2812,FALSE,FALSE,FALSE,TRUE,FALSE,FALSE,FALSE,FALSE
3586,F,NDE,United States,NDE,spanish,17,2008-04-26T00:00:00.000Z,2007-01-01T00:00:00.000Z,7211,FALSE,FALSE,FALSE,TRUE,FALSE,FALSE,FALSE,FALSE
3587,F,NDE,United States,NDE,english,27,2011-11-14T00:00:00.000Z,1984-12-18T00:00:00.000Z,12896,FALSE,TRUE,FALSE,TRUE,FALSE,FALSE,FALSE,FALSE
3588,F,NDE,United States,NDE,english,22,NA,NA,26353,TRUE,TRUE,FALSE,TRUE,TRUE,FALSE,FALSE,FALSE
3589,F,NDE,UK and Australia,NDE,english,16,2008-04-26T00:00:00.000Z,1971-01-01T00:00:00.000Z,9161,TRUE,TRUE,FALSE,TRUE,FALSE,FALSE,TRUE,FALSE
3591,F,NDE,United States,NDE,english,4,2008-05-02T00:00:00.000Z,1995-06-18T00:00:00.000Z,9105,TRUE,FALSE,FALSE,TRUE,FALSE,FALSE,FALSE,FALSE
3593,F,NDE,Utrecht,NDE,dutch,11,2008-05-02T00:00:00.000Z,2002-01-01T00:00:00.000Z,4929,TRUE,FALSE,FALSE,TRUE,FALSE,FALSE,FALSE,FALSE
3594,M,NDE,Romania,NDE,romanian,10,2008-05-02T00:00:00.000Z,NA,3211,TRUE,FALSE,FALSE,TRUE,TRUE,FALSE,TRUE,FALSE
3595,M,Possible NDE,United States,Possible NDE,english,7,2008-05-02T00:00:00.000Z,NA,14770,FALSE,FALSE,FALSE,FALSE,FALSE,FALSE,FALSE,FALSE
3596,M,NDE,United States,NDE,english,9,2008-05-02T00:00:00.000Z,1975-06-17T00:00:00.000Z,2223,FALSE,FALSE,FALSE,FALSE,FALSE,FALSE,FALSE,FALSE
3598,F,Probable NDE,Colombia,Probable NDE,spanish,11,2008-05-09T00:00:00.000Z,2008-04-26T00:00:00.000Z,2340,FALSE,FALSE,FALSE,TRUE,FALSE,FALSE,FALSE,FALSE
3602,F,Possible NDE,United States,Possible NDE,english,8,2008-05-17T00:00:00.000Z,1976-01-18T00:00:00.000Z,22579,TRUE,FALSE,FALSE,FALSE,FALSE,FALSE,FALSE,FALSE
3606,F,NDE,United States,NDE,english,0,2008-05-25T00:00:00.000Z,1994-01-01T00:00:00.000Z,2950,TRUE,FALSE,FALSE,TRUE,FALSE,FALSE,FALSE,FALSE
3610,M,NDE,Canada,NDE,english,17,2008-05-25T00:00:00.000Z,2002-04-20T00:00:00.000Z,6858,FALSE,FALSE,FALSE,TRUE,FALSE,FALSE,FALSE,FALSE
3611,F,NDE,Brazil,NDE,spanish,6,2008-05-25T00:00:00.000Z,1990-01-18T00:00:00.000Z,2304,FALSE,FALSE,FALSE,TRUE,FALSE,FALSE,FALSE,FALSE
3614,M,NDE,Colombia,NDE,spanish,11,2008-05-25T00:00:00.000Z,2008-01-01T00:00:00.000Z,3101,FALSE,FALSE,FALSE,TRUE,FALSE,FALSE,FALSE,FALSE
3616,M,NDE,United States,NDE,english,28,2013-10-04T00:00:00.000Z,1985-04-16T00:00:00.000Z,33847,TRUE,TRUE,FALSE,TRUE,FALSE,FALSE,FALSE,FALSE
3617,F,NDE,United States,NDE,english,13,2008-05-30T00:00:00.000Z,2001-06-14T00:00:00.000Z,1804,FALSE,FALSE,FALSE,FALSE,FALSE,FALSE,FALSE,FALSE
3618,M,NDE,Brazil,NDE,spanish,1,2008-05-30T00:00:00.000Z,2008-01-01T00:00:00.000Z,6615,FALSE,FALSE,FALSE,TRUE,FALSE,FALSE,FALSE,FALSE
3619,M,NDE,India,NDE,english,4,2008-05-30T00:00:00.000Z,2007-05-26T00:00:00.000Z,1693,TRUE,FALSE,FALSE,TRUE,TRUE,FALSE,FALSE,FALSE
3620,F,NDE,Spain,NDE,spanish,13,2008-05-30T00:00:00.000Z,2008-03-15T00:00:00.000Z,3621,TRUE,FALSE,FALSE,TRUE,FALSE,FALSE,FALSE,FALSE
3624,M,Probable NDE,United States,Probable NDE,english,16,2008-06-13T00:00:00.000Z,2000-03-18T00:00:00.000Z,10866,TRUE,TRUE,FALSE,TRUE,FALSE,TRUE,FALSE,FALSE
3625,M,Possible NDE,Germany,Possible NDE,german,13,2008-06-21T00:00:00.000Z,1978-01-01T00:00:00.000Z,9291,TRUE,TRUE,TRUE,TRUE,FALSE,FALSE,TRUE,FALSE
3627,F,NDE,Canada,NDE,english,11,2008-06-21T00:00:00.000Z,1977-01-01T00:00:00.000Z,3047,TRUE,TRUE,FALSE,TRUE,FALSE,FALSE,FALSE,FALSE
3630,F,NDE,Romania,NDE,romanian,11,2008-06-21T00:00:00.000Z,1976-01-01T00:00:00.000Z,3540,TRUE,FALSE,FALSE,FALSE,TRUE,FALSE,FALSE,FALSE
3631,M,Probable NDE,United States,NDE,english,11,2008-06-21T00:00:00.000Z,2005-05-20T00:00:00.000Z,3211,FALSE,FALSE,FALSE,TRUE,FALSE,FALSE,FALSE,FALSE
3632,F,ADC,United States,B DBV,english,18,2008-06-28T00:00:00.000Z,1993-09-05T00:00:00.000Z,11653,TRUE,FALSE,FALSE,TRUE,FALSE,FALSE,FALSE,FALSE
3634,F,NDE,United States,NDE,english,8,2008-06-28T00:00:00.000Z,1980-01-18T00:00:00.000Z,3273,TRUE,FALSE,FALSE,TRUE,TRUE,FALSE,FALSE,FALSE
3637,F,NDE,United States,NDE,english,19,2008-06-28T00:00:00.000Z,1990-02-11T00:00:00.000Z,14366,TRUE,TRUE,FALSE,TRUE,TRUE,TRUE,FALSE,FALSE
3638,M,NDE,Brazil,NDE,english,7,2008-06-28T00:00:00.000Z,2008-05-26T00:00:00.000Z,3044,FALSE,FALSE,FALSE,TRUE,FALSE,FALSE,FALSE,FALSE
3639,M,NDE,United States,NDE,english,4,2008-07-04T00:00:00.000Z,1974-11-15T00:00:00.000Z,5665,TRUE,FALSE,FALSE,TRUE,FALSE,FALSE,FALSE,FALSE
3640,F,NDE,United States,NDE,english,7,2008-07-04T00:00:00.000Z,2008-05-10T00:00:00.000Z,12522,TRUE,TRUE,FALSE,TRUE,FALSE,FALSE,FALSE,FALSE
3641,M,NDE,United States,NDE,english,17,2008-07-04T00:00:00.000Z,1972-01-18T00:00:00.000Z,11868,FALSE,TRUE,FALSE,TRUE,FALSE,FALSE,TRUE,FALSE
3642,M,NDE,United States,NDE,english,6,2008-07-11T00:00:00.000Z,1976-01-18T00:00:00.000Z,3158,FALSE,FALSE,FALSE,TRUE,FALSE,FALSE,FALSE,FALSE
3643,F,NDE,Mexico,NDE,spanish,19,2008-07-11T00:00:00.000Z,2004-01-01T00:00:00.000Z,6897,FALSE,FALSE,FALSE,TRUE,FALSE,FALSE,FALSE,FALSE
3646,M,Possible NDE,Mexico,Possible NDE,english,19,2008-07-11T00:00:00.000Z,2008-07-04T00:00:00.000Z,6257,TRUE,TRUE,TRUE,FALSE,FALSE,FALSE,FALSE,FALSE
3647,F,NDE,France,NDE,spanish,6,2008-07-11T00:00:00.000Z,1974-01-18T00:00:00.000Z,2420,TRUE,FALSE,FALSE,TRUE,FALSE,FALSE,FALSE,FALSE
3648,F,NDE,United States,NDE,english,21,2008-07-11T00:00:00.000Z,1995-04-23T00:00:00.000Z,17239,TRUE,TRUE,FALSE,TRUE,FALSE,FALSE,FALSE,FALSE
3649,F,NDE,Australia,NDE,english,21,2008-07-18T00:00:00.000Z,1999-05-18T00:00:00.000Z,13518,TRUE,TRUE,FALSE,TRUE,TRUE,TRUE,FALSE,FALSE
3650,M,NDE,United States,NDE,english,7,2008-07-18T00:00:00.000Z,1974-03-08T00:00:00.000Z,3500,TRUE,FALSE,FALSE,TRUE,FALSE,FALSE,FALSE,FALSE
3651,F,Probable NDE,Belgium,Probable NDE,dutch,9,2008-07-18T00:00:00.000Z,2006-01-01T00:00:00.000Z,2951,FALSE,TRUE,FALSE,FALSE,FALSE,FALSE,FALSE,FALSE
3652,M,OBE,Germany,OBE,english,9,2008-07-18T00:00:00.000Z,2005-01-18T00:00:00.000Z,8945,TRUE,FALSE,FALSE,TRUE,FALSE,TRUE,FALSE,FALSE
3653,M,NDE,Spain,NDE,spanish,11,2008-07-18T00:00:00.000Z,1999-01-18T00:00:00.000Z,5891,FALSE,FALSE,FALSE,TRUE,FALSE,FALSE,FALSE,FALSE
3655,F,Possible NDE,Puerto Rico,Possible NDE,spanish,10,2008-07-27T00:00:00.000Z,2008-01-01T00:00:00.000Z,3594,FALSE,FALSE,FALSE,FALSE,FALSE,FALSE,FALSE,FALSE
3656,F,NDE,United States,NDE,english,10,2008-07-27T00:00:00.000Z,1970-01-18T00:00:00.000Z,5190,FALSE,TRUE,FALSE,TRUE,FALSE,FALSE,FALSE,FALSE
3657,F,Possible NDE,United States,Possible NDE,english,4,2008-07-27T00:00:00.000Z,NA,6460,TRUE,FALSE,TRUE,TRUE,FALSE,FALSE,FALSE,FALSE
3658,M,NDE,United States,NDE,english,19,2008-07-27T00:00:00.000Z,NA,5725,TRUE,FALSE,FALSE,FALSE,FALSE,FALSE,FALSE,FALSE
3662,F,Possible NDE,Peru,Possible NDE,spanish,14,2008-07-27T00:00:00.000Z,NA,2148,FALSE,FALSE,FALSE,TRUE,FALSE,FALSE,FALSE,FALSE
3663,M,Possible NDE,Iraq,Possible NDE,arabic,12,2008-07-27T00:00:00.000Z,1996-10-21T00:00:00.000Z,3948,FALSE,FALSE,TRUE,TRUE,FALSE,FALSE,FALSE,FALSE
3664,F,NDE,United States,NDE,english,11,2008-07-27T00:00:00.000Z,1954-04-09T00:00:00.000Z,4067,FALSE,FALSE,FALSE,TRUE,FALSE,FALSE,FALSE,FALSE
3665,M,NDE,United States,NDE,english,9,2008-08-08T00:00:00.000Z,2008-07-23T00:00:00.000Z,4371,TRUE,FALSE,FALSE,FALSE,FALSE,FALSE,FALSE,FALSE
3666,F,ADC,U,ADC,english,8,2008-08-08T00:00:00.000Z,1995-10-26T00:00:00.000Z,2961,FALSE,FALSE,FALSE,FALSE,FALSE,FALSE,FALSE,FALSE
3667,F,NDE,Bulgaria,NDE,bulgarian,14,2008-08-08T00:00:00.000Z,NA,17306,TRUE,FALSE,FALSE,TRUE,FALSE,TRUE,FALSE,TRUE
3669,F,NDE,United States,NDE,english,18,2008-08-08T00:00:00.000Z,1988-09-17T00:00:00.000Z,5054,TRUE,FALSE,FALSE,TRUE,TRUE,FALSE,FALSE,FALSE
3670,F,NDE,United States,NDE,english,22,2008-08-08T00:00:00.000Z,2007-01-18T00:00:00.000Z,4726,FALSE,TRUE,FALSE,TRUE,FALSE,FALSE,FALSE,FALSE
3672,F,NDE,United States,NDE,english,9,2008-08-15T00:00:00.000Z,1997-05-18T00:00:00.000Z,6162,FALSE,FALSE,FALSE,TRUE,FALSE,FALSE,FALSE,FALSE
3673,M,NDE,Netherlands,NDE,dutch,15,2008-08-15T00:00:00.000Z,1992-02-15T00:00:00.000Z,6799,TRUE,FALSE,FALSE,TRUE,TRUE,FALSE,FALSE,FALSE
3674,F,NDE,Brazil,NDE,english,21,2008-08-15T00:00:00.000Z,1970-01-01T00:00:00.000Z,15018,FALSE,TRUE,FALSE,TRUE,FALSE,FALSE,FALSE,FALSE
3678,M,Probable NDE,United States,Probable NDE,english,6,2008-08-15T00:00:00.000Z,1996-01-18T00:00:00.000Z,4309,FALSE,FALSE,FALSE,TRUE,FALSE,FALSE,FALSE,FALSE
3679,M,NDE,India,NDE,english,7,2008-08-15T00:00:00.000Z,1989-05-18T00:00:00.000Z,8299,TRUE,FALSE,FALSE,TRUE,FALSE,FALSE,FALSE,FALSE
3680,M,NDE,United States,NDE,english,5,2008-08-25T00:00:00.000Z,1956-01-01T00:00:00.000Z,2663,TRUE,FALSE,FALSE,FALSE,FALSE,FALSE,FALSE,FALSE
3681,F,NDE,Puerto Rico,NDE,spanish,17,2008-08-25T00:00:00.000Z,1979-01-18T00:00:00.000Z,3694,TRUE,FALSE,FALSE,TRUE,FALSE,FALSE,FALSE,FALSE
3682,M,NDE,Mexico,NDE,english,6,2011-08-12T00:00:00.000Z,2008-09-18T00:00:00.000Z,15566,TRUE,FALSE,FALSE,TRUE,FALSE,FALSE,FALSE,FALSE
3684,M,NDE,United States,NDE,english,17,2008-08-25T00:00:00.000Z,2001-10-31T00:00:00.000Z,3806,FALSE,TRUE,FALSE,TRUE,FALSE,FALSE,FALSE,FALSE
3690,M,NDE,England,NDE,arabic,14,2008-09-13T00:00:00.000Z,2007-01-01T00:00:00.000Z,3855,FALSE,FALSE,FALSE,TRUE,FALSE,FALSE,FALSE,FALSE
3691,F,Probable NDE,United States,Probable NDE,english,12,2008-09-13T00:00:00.000Z,2005-01-01T00:00:00.000Z,9841,TRUE,FALSE,FALSE,TRUE,FALSE,FALSE,FALSE,FALSE
3692,M,NDE,England,NDE,english,17,2008-09-13T00:00:00.000Z,2002-01-01T00:00:00.000Z,7521,TRUE,TRUE,FALSE,TRUE,TRUE,FALSE,TRUE,FALSE
3693,M,NDE,United States,NDE,english,6,2008-09-19T00:00:00.000Z,1998-01-08T00:00:00.000Z,12461,FALSE,FALSE,FALSE,TRUE,FALSE,FALSE,FALSE,FALSE
3694,M,NDE,United States,NDE,english,12,2008-09-19T00:00:00.000Z,1995-07-18T00:00:00.000Z,15277,TRUE,FALSE,FALSE,TRUE,TRUE,FALSE,FALSE,FALSE
3695,M,NDE,United States,NDE,english,14,2008-09-19T00:00:00.000Z,2008-08-21T00:00:00.000Z,2008,FALSE,FALSE,FALSE,TRUE,FALSE,FALSE,FALSE,FALSE
3696,M,NDE,United States,NDE,english,18,2008-09-19T00:00:00.000Z,2002-09-18T00:00:00.000Z,8615,FALSE,TRUE,FALSE,TRUE,FALSE,FALSE,FALSE,FALSE
3697,F,NDE,Italy,NDE,italian,19,2008-09-19T00:00:00.000Z,1972-01-01T00:00:00.000Z,15976,TRUE,TRUE,FALSE,TRUE,TRUE,FALSE,TRUE,FALSE
3698,F,NDE,United States,NDE,english,19,2008-09-19T00:00:00.000Z,2007-12-03T00:00:00.000Z,9536,FALSE,FALSE,FALSE,TRUE,FALSE,FALSE,FALSE,FALSE
3699,M,NDE,United States,NDE,english,13,2008-09-19T00:00:00.000Z,1992-06-18T00:00:00.000Z,7288,TRUE,FALSE,FALSE,TRUE,FALSE,FALSE,FALSE,FALSE
3700,F,NDE,United States,NDE,english,17,2008-09-19T00:00:00.000Z,1983-01-18T00:00:00.000Z,6848,TRUE,FALSE,FALSE,TRUE,TRUE,FALSE,TRUE,FALSE
3702,F,Possible NDE,Russia,Possible NDE,russian,15,2008-09-19T00:00:00.000Z,2005-01-01T00:00:00.000Z,6943,TRUE,FALSE,FALSE,FALSE,FALSE,FALSE,FALSE,FALSE
3703,F,Probable NDE,Iraq,Probable NDE,arabic,5,2008-09-27T00:00:00.000Z,2007-04-18T00:00:00.000Z,2288,FALSE,FALSE,FALSE,FALSE,FALSE,FALSE,FALSE,FALSE
3705,M,NDE,United States,NDE,english,20,2008-09-27T00:00:00.000Z,1987-01-06T00:00:00.000Z,2356,FALSE,TRUE,FALSE,FALSE,FALSE,FALSE,FALSE,FALSE
3706,F,NDE,United States,NDE,english,10,2008-09-27T00:00:00.000Z,2000-09-20T00:00:00.000Z,4184,FALSE,FALSE,FALSE,TRUE,FALSE,FALSE,FALSE,FALSE
3707,M,NDE,Netherlands,NDE,dutch,11,2008-09-27T00:00:00.000Z,1993-01-18T00:00:00.000Z,5926,FALSE,FALSE,FALSE,FALSE,FALSE,FALSE,FALSE,FALSE
3708,M,Probable NDE,United States,Probable NDE,english,6,2008-09-27T00:00:00.000Z,1954-01-01T00:00:00.000Z,6205,TRUE,FALSE,FALSE,TRUE,FALSE,FALSE,FALSE,FALSE
3710,M,NDE,United States,NDE,english,10,2008-09-27T00:00:00.000Z,1972-08-18T00:00:00.000Z,5840,TRUE,TRUE,FALSE,FALSE,TRUE,FALSE,FALSE,FALSE
3711,F,Probable NDE,Switzerland,Probable NDE,english,17,2008-09-27T00:00:00.000Z,1980-01-18T00:00:00.000Z,5205,TRUE,FALSE,FALSE,TRUE,TRUE,FALSE,FALSE,FALSE
3713,F,NDE,United Kingdom,NDE,english,9,2008-09-27T00:00:00.000Z,2000-04-12T00:00:00.000Z,1766,TRUE,FALSE,FALSE,FALSE,TRUE,FALSE,FALSE,FALSE
3714,F,NDE,United States,NDE,english,8,2008-09-27T00:00:00.000Z,1997-01-01T00:00:00.000Z,11383,FALSE,FALSE,FALSE,FALSE,FALSE,FALSE,FALSE,FALSE
3715,M,NDE,United States,NDE,english,2,2008-10-03T00:00:00.000Z,1957-01-01T00:00:00.000Z,4297,TRUE,FALSE,FALSE,TRUE,FALSE,FALSE,FALSE,FALSE
3716,F,NDE,Finland,NDE,finnish,17,2008-10-03T00:00:00.000Z,1967-01-01T00:00:00.000Z,4473,FALSE,FALSE,FALSE,TRUE,FALSE,TRUE,FALSE,FALSE
3718,M,Probable NDE,United States,Probable NDE,english,13,2008-10-03T00:00:00.000Z,1974-07-16T00:00:00.000Z,3321,TRUE,TRUE,FALSE,FALSE,TRUE,FALSE,FALSE,FALSE
3720,M,NDE,Egypt,NDE,arabic,3,2008-10-03T00:00:00.000Z,1995-01-18T00:00:00.000Z,1795,FALSE,FALSE,FALSE,FALSE,FALSE,FALSE,FALSE,FALSE
3721,F,NDE,United States,Secondhand NDE,english,6,2008-10-10T00:00:00.000Z,2006-01-27T00:00:00.000Z,2631,TRUE,FALSE,FALSE,TRUE,FALSE,FALSE,FALSE,FALSE
3723,F,Probable NDE,United States,Probable NDE,english,7,2008-10-10T00:00:00.000Z,NA,3292,TRUE,FALSE,FALSE,TRUE,FALSE,FALSE,FALSE,FALSE
3724,F,Probable NDE,United Kingdom,Probable NDE,english,12,2008-10-10T00:00:00.000Z,1975-01-18T00:00:00.000Z,3729,FALSE,FALSE,TRUE,TRUE,FALSE,FALSE,FALSE,FALSE
3725,F,NDE,Singapore,NDE,english,17,2008-10-10T00:00:00.000Z,2007-05-02T00:00:00.000Z,6052,FALSE,FALSE,FALSE,FALSE,FALSE,FALSE,FALSE,FALSE
3726,F,NDE,Canada,NDE,english,11,2008-10-10T00:00:00.000Z,1993-01-01T00:00:00.000Z,5763,FALSE,FALSE,FALSE,TRUE,FALSE,FALSE,FALSE,FALSE
3727,M,NDE,United States,NDE,english,7,2008-10-10T00:00:00.000Z,1998-06-17T00:00:00.000Z,4207,TRUE,FALSE,FALSE,TRUE,FALSE,FALSE,FALSE,FALSE
3728,M,NDE,United States,Secondhand NDE,english,11,2008-10-10T00:00:00.000Z,1997-01-18T00:00:00.000Z,7777,TRUE,FALSE,FALSE,TRUE,FALSE,FALSE,FALSE,FALSE
3730,M,NDE,United States,NDE,english,9,2008-10-18T00:00:00.000Z,2003-12-18T00:00:00.000Z,10083,FALSE,TRUE,FALSE,TRUE,FALSE,FALSE,FALSE,FALSE
3731,F,NDE,Spain,NDE,spanish,4,2008-10-27T00:00:00.000Z,2007-01-01T00:00:00.000Z,5283,FALSE,FALSE,FALSE,TRUE,TRUE,FALSE,FALSE,FALSE
3732,F,NDE,Canada,NDE,english,9,2008-10-27T00:00:00.000Z,NA,2452,TRUE,FALSE,FALSE,TRUE,FALSE,FALSE,FALSE,FALSE
3733,M,NDE,France,NDE,english,15,2008-10-27T00:00:00.000Z,2004-07-18T00:00:00.000Z,3629,FALSE,FALSE,FALSE,TRUE,FALSE,FALSE,FALSE,FALSE
3735,F,NDE,United States,NDE,english,10,2008-10-27T00:00:00.000Z,1972-11-18T00:00:00.000Z,11504,FALSE,FALSE,TRUE,TRUE,FALSE,TRUE,FALSE,FALSE
3736,M,Probable NDE,United States,Probable NDE,english,13,2008-10-27T00:00:00.000Z,1978-01-18T00:00:00.000Z,2099,TRUE,FALSE,FALSE,TRUE,FALSE,FALSE,FALSE,FALSE
3737,F,NDE,United States,NDE,english,22,2008-10-27T00:00:00.000Z,1985-01-18T00:00:00.000Z,8830,FALSE,TRUE,FALSE,TRUE,FALSE,FALSE,FALSE,FALSE
3739,F,NDE,United States,NDE,english,6,2008-10-27T00:00:00.000Z,2006-12-26T00:00:00.000Z,3282,TRUE,FALSE,FALSE,TRUE,TRUE,FALSE,FALSE,FALSE
3740,F,NDE,Australia,NDE,english,9,2008-10-31T00:00:00.000Z,2001-01-30T00:00:00.000Z,4323,TRUE,FALSE,FALSE,TRUE,FALSE,FALSE,FALSE,FALSE
3741,M,NDE,Mexico,NDE,spanish,6,2008-10-31T00:00:00.000Z,2002-01-01T00:00:00.000Z,2439,FALSE,FALSE,FALSE,FALSE,FALSE,FALSE,FALSE,FALSE
3742,M,Possible NDE;NDE,United States,NDE,english,12,2008-10-31T00:00:00.000Z,NA,7455,TRUE,FALSE,TRUE,FALSE,FALSE,FALSE,FALSE,FALSE
3743,F,NDE,Germany,NDE,portuguese,12,2008-10-31T00:00:00.000Z,2007-11-28T00:00:00.000Z,8188,FALSE,FALSE,FALSE,TRUE,FALSE,FALSE,FALSE,FALSE
3744,M,NDE,United States,NDE,english,4,2008-10-31T00:00:00.000Z,1989-10-18T00:00:00.000Z,4134,TRUE,FALSE,FALSE,TRUE,FALSE,FALSE,FALSE,FALSE
3745,F,NDE,United States,NDE,english,17,2008-11-08T00:00:00.000Z,2000-04-19T00:00:00.000Z,5912,TRUE,TRUE,FALSE,TRUE,FALSE,FALSE,FALSE,FALSE
3746,F,NDE,Canada,NDE,english,15,2008-11-08T00:00:00.000Z,2008-01-01T00:00:00.000Z,4378,TRUE,FALSE,FALSE,TRUE,FALSE,FALSE,FALSE,FALSE
3749,M,NDE,Italy,NDE,italian,3,2008-11-08T00:00:00.000Z,1979-01-18T00:00:00.000Z,4494,TRUE,FALSE,TRUE,TRUE,FALSE,FALSE,FALSE,FALSE
3750,F,NDE,Australia,NDE,english,4,2008-11-08T00:00:00.000Z,1960-01-18T00:00:00.000Z,3385,TRUE,FALSE,FALSE,TRUE,TRUE,FALSE,FALSE,FALSE
3751,M,NDE,United States,NDE,english,6,2008-11-08T00:00:00.000Z,2008-05-13T00:00:00.000Z,3308,TRUE,FALSE,FALSE,TRUE,FALSE,FALSE,FALSE,FALSE
3752,F,NDE,United States,NDE,english,12,2008-11-08T00:00:00.000Z,2006-11-18T00:00:00.000Z,3888,FALSE,TRUE,FALSE,TRUE,FALSE,FALSE,FALSE,FALSE
3754,M,NDE,United States,NDE,english,8,2011-08-19T00:00:00.000Z,NA,7983,FALSE,TRUE,FALSE,TRUE,FALSE,FALSE,FALSE,FALSE
3755,F,NDE,United States,NDE,english,12,2008-11-14T00:00:00.000Z,1999-05-18T00:00:00.000Z,6914,TRUE,FALSE,FALSE,TRUE,FALSE,FALSE,FALSE,FALSE
3757,F,NDE,United States,NDE,english,22,2008-11-14T00:00:00.000Z,1968-01-18T00:00:00.000Z,5855,TRUE,FALSE,FALSE,TRUE,FALSE,FALSE,FALSE,FALSE
3759,M,NDE,United Kingdom,NDE,english,16,2008-11-21T00:00:00.000Z,1989-01-01T00:00:00.000Z,5036,TRUE,FALSE,FALSE,TRUE,FALSE,FALSE,FALSE,FALSE
3760,M,NDE,South Africa,NA,english,22,2008-11-21T00:00:00.000Z,1992-01-01T00:00:00.000Z,55965,TRUE,TRUE,FALSE,TRUE,TRUE,FALSE,TRUE,FALSE
3762,M,NDE,United States,NDE,english,18,2008-11-21T00:00:00.000Z,1976-09-22T00:00:00.000Z,3192,TRUE,FALSE,FALSE,TRUE,FALSE,FALSE,FALSE,FALSE
3763,M,NDE-Like,United States,NDE-Like,english,15,2008-11-21T00:00:00.000Z,1971-04-18T00:00:00.000Z,10920,FALSE,FALSE,FALSE,FALSE,FALSE,FALSE,FALSE,FALSE
3764,F,Probable NDE,United States,Probable NDE,english,13,2008-11-28T00:00:00.000Z,2006-03-19T00:00:00.000Z,9329,TRUE,FALSE,FALSE,TRUE,FALSE,FALSE,FALSE,FALSE
3765,M,Possible NDE;Drug Experience,New Zealand,Possible NDE vs Drug Experience,english,12,2008-11-28T00:00:00.000Z,1996-01-18T00:00:00.000Z,6056,FALSE,FALSE,FALSE,TRUE,FALSE,FALSE,FALSE,FALSE
3768,F,NDE,France,NDE,french,13,2008-11-28T00:00:00.000Z,2002-01-18T00:00:00.000Z,9828,TRUE,TRUE,FALSE,TRUE,FALSE,FALSE,FALSE,FALSE
3769,M,Possible NDE,United States,Possible NDE,english,15,2008-11-28T00:00:00.000Z,1981-05-18T00:00:00.000Z,8173,TRUE,FALSE,FALSE,TRUE,FALSE,FALSE,FALSE,FALSE
3770,F,NDE,United States,NDE,english,11,2008-11-28T00:00:00.000Z,1999-01-01T00:00:00.000Z,5329,FALSE,FALSE,TRUE,TRUE,FALSE,FALSE,FALSE,FALSE
3771,F,NDE,Canada,NDE,french,7,2008-11-28T00:00:00.000Z,1977-01-18T00:00:00.000Z,3817,TRUE,FALSE,FALSE,TRUE,FALSE,FALSE,FALSE,FALSE
3773,M,NDE,United States,NDE,english,17,2008-11-28T00:00:00.000Z,2000-11-19T00:00:00.000Z,2126,TRUE,FALSE,FALSE,TRUE,FALSE,FALSE,FALSE,FALSE
3774,F,NDE,United States,NDE,english,10,2008-12-05T00:00:00.000Z,2008-10-29T00:00:00.000Z,5077,TRUE,FALSE,FALSE,TRUE,FALSE,FALSE,FALSE,FALSE
3778,F,NDE,United States,NDE,english,10,2008-12-05T00:00:00.000Z,2006-05-21T00:00:00.000Z,3847,TRUE,FALSE,TRUE,TRUE,TRUE,FALSE,FALSE,FALSE
3782,F,NDE,United States,NDE,english,13,2008-12-11T00:00:00.000Z,NA,7334,FALSE,FALSE,FALSE,TRUE,TRUE,FALSE,FALSE,FALSE
3784,F,NDE,Canada,NDE,french,15,2008-12-11T00:00:00.000Z,NA,4587,FALSE,FALSE,FALSE,FALSE,TRUE,FALSE,FALSE,FALSE
3785,M,NDE,Mexico,NDE,english,5,2008-12-11T00:00:00.000Z,1972-01-18T00:00:00.000Z,3764,FALSE,FALSE,FALSE,TRUE,FALSE,FALSE,FALSE,FALSE
3789,M,NDE,Oregon,Secondhand NDE,english,15,2008-12-11T00:00:00.000Z,NA,1757,TRUE,FALSE,FALSE,TRUE,TRUE,FALSE,FALSE,FALSE
3790,F,NDE,United States,NDE,english,21,2008-12-11T00:00:00.000Z,1972-06-18T00:00:00.000Z,7592,TRUE,TRUE,FALSE,TRUE,FALSE,FALSE,FALSE,FALSE
3791,F,NDE,United States,NDE,english,16,2008-12-11T00:00:00.000Z,1984-12-18T00:00:00.000Z,2973,FALSE,FALSE,FALSE,TRUE,FALSE,FALSE,FALSE,FALSE
3792,F,NDE,United States,NDE,english,8,2008-12-11T00:00:00.000Z,1996-01-18T00:00:00.000Z,1679,FALSE,TRUE,FALSE,FALSE,FALSE,FALSE,FALSE,FALSE
3793,M,NDE,United States,NDE,english,9,2008-12-11T00:00:00.000Z,1996-05-18T00:00:00.000Z,3791,FALSE,FALSE,FALSE,TRUE,FALSE,TRUE,FALSE,FALSE
3794,F,NDE,United States,NDE,english,3,2008-12-11T00:00:00.000Z,1966-01-01T00:00:00.000Z,4095,TRUE,FALSE,FALSE,TRUE,FALSE,FALSE,FALSE,FALSE
3797,M,NDE,United States,NDE,english,10,2008-12-11T00:00:00.000Z,2000-01-18T00:00:00.000Z,10094,TRUE,FALSE,FALSE,TRUE,TRUE,FALSE,FALSE,FALSE
3798,F,NDE,United States,NDE,english,11,2008-12-11T00:00:00.000Z,1996-11-18T00:00:00.000Z,8038,TRUE,FALSE,FALSE,TRUE,FALSE,FALSE,FALSE,FALSE
3799,M,NDE,United States,NDE,english,6,2008-12-11T00:00:00.000Z,1943-01-01T00:00:00.000Z,3295,TRUE,FALSE,FALSE,TRUE,TRUE,FALSE,FALSE,FALSE
3800,F,NDE,United States,NDE,english,8,2008-12-11T00:00:00.000Z,1977-09-13T00:00:00.000Z,3858,TRUE,FALSE,FALSE,TRUE,TRUE,FALSE,FALSE,FALSE
3801,M,NDE,United States,NDE,english,3,2008-12-11T00:00:00.000Z,2005-06-21T00:00:00.000Z,1860,TRUE,FALSE,FALSE,TRUE,FALSE,FALSE,FALSE,FALSE
3802,M,NDE,United States,NDE,english,7,2008-12-11T00:00:00.000Z,1961-09-26T00:00:00.000Z,1747,FALSE,FALSE,FALSE,TRUE,FALSE,FALSE,FALSE,FALSE
3803,M,NDE,United States,NDE,english,9,2008-12-11T00:00:00.000Z,1968-01-01T00:00:00.000Z,3747,FALSE,FALSE,FALSE,FALSE,TRUE,FALSE,FALSE,FALSE
3804,F,NDE,United States,NDE,english,15,2008-12-11T00:00:00.000Z,NA,6269,FALSE,TRUE,FALSE,TRUE,FALSE,FALSE,FALSE,FALSE
3805,M,Probable NDE,United States,Probable NDE,english,18,2008-12-11T00:00:00.000Z,1963-01-01T00:00:00.000Z,3668,TRUE,FALSE,FALSE,TRUE,FALSE,FALSE,FALSE,FALSE
3806,M,NDE,United States,NDE,english,11,2008-12-11T00:00:00.000Z,1968-01-01T00:00:00.000Z,15384,TRUE,FALSE,FALSE,TRUE,FALSE,FALSE,FALSE,FALSE
3807,F,Probable NDE,United States,Probable NDE,english,19,2008-12-11T00:00:00.000Z,1981-01-01T00:00:00.000Z,6203,FALSE,TRUE,FALSE,TRUE,FALSE,FALSE,TRUE,FALSE
3808,F,NDE,United States,NDE,english,13,2008-12-11T00:00:00.000Z,2002-01-01T00:00:00.000Z,4124,FALSE,FALSE,FALSE,TRUE,FALSE,FALSE,FALSE,FALSE
3809,M,NDE,United States,Secondhand NDE,english,12,2008-12-11T00:00:00.000Z,1919-01-18T00:00:00.000Z,7178,FALSE,FALSE,FALSE,TRUE,FALSE,FALSE,FALSE,FALSE
3810,F,NDE,United States,NDE,english,13,2011-07-03T00:00:00.000Z,1959-01-18T00:00:00.000Z,7950,FALSE,FALSE,FALSE,TRUE,FALSE,FALSE,FALSE,FALSE
3811,F,Probable NDE,United States,Probable NDE,english,10,2008-12-11T00:00:00.000Z,NA,4302,FALSE,FALSE,FALSE,TRUE,FALSE,FALSE,FALSE,FALSE
3814,F,NDE,United States,NDE,english,16,2008-12-11T00:00:00.000Z,2007-08-17T00:00:00.000Z,2330,TRUE,FALSE,TRUE,TRUE,TRUE,FALSE,FALSE,FALSE
3816,F,Possible NDE,United States,Possible NDE,english,17,2008-12-11T00:00:00.000Z,1952-01-18T00:00:00.000Z,6101,TRUE,TRUE,FALSE,TRUE,FALSE,TRUE,FALSE,FALSE
3817,M,NDE,United States,NDE,english,10,2008-12-11T00:00:00.000Z,1978-01-18T00:00:00.000Z,4276,TRUE,FALSE,FALSE,FALSE,FALSE,FALSE,FALSE,FALSE
3818,F,Probable NDE,United States,Probable NDE,english,16,2008-12-11T00:00:00.000Z,1986-10-18T00:00:00.000Z,7197,FALSE,FALSE,TRUE,TRUE,FALSE,FALSE,FALSE,FALSE
3819,F,NDE,United States,NDE,english,23,2008-12-11T00:00:00.000Z,1980-09-13T00:00:00.000Z,11212,TRUE,FALSE,FALSE,TRUE,TRUE,FALSE,TRUE,FALSE
3820,M,NDE,United States,NDE,english,16,2008-12-11T00:00:00.000Z,1978-09-18T00:00:00.000Z,9434,FALSE,TRUE,FALSE,TRUE,FALSE,FALSE,FALSE,FALSE
3822,F,NDE,United States,NDE,english,10,2008-12-11T00:00:00.000Z,1992-04-18T00:00:00.000Z,4184,TRUE,FALSE,FALSE,TRUE,FALSE,FALSE,FALSE,FALSE
3823,F,NDE,France,NDE,french,7,2008-12-11T00:00:00.000Z,1970-01-01T00:00:00.000Z,3253,TRUE,FALSE,FALSE,TRUE,TRUE,FALSE,FALSE,FALSE
3824,M,NDE,United States,NDE,english,16,2008-12-11T00:00:00.000Z,2020-01-01T00:00:00.000Z,12844,TRUE,FALSE,TRUE,TRUE,FALSE,FALSE,FALSE,FALSE
3825,F,NDE,United States,NDE,english,12,2008-12-11T00:00:00.000Z,2005-08-25T00:00:00.000Z,7038,FALSE,FALSE,FALSE,TRUE,FALSE,FALSE,FALSE,FALSE
3826,M,NDE,United States,NDE,english,19,2008-12-11T00:00:00.000Z,1989-10-03T00:00:00.000Z,4250,TRUE,TRUE,FALSE,TRUE,FALSE,FALSE,FALSE,FALSE
3827,M,NDE,United States,NDE,english,19,2008-12-11T00:00:00.000Z,2002-10-18T00:00:00.000Z,1760,TRUE,FALSE,FALSE,TRUE,TRUE,FALSE,FALSE,FALSE
3828,M,NDE,Italy,NDE,italian,4,2008-12-11T00:00:00.000Z,NA,3500,TRUE,FALSE,FALSE,FALSE,FALSE,FALSE,FALSE,FALSE
3829,F,Probable NDE,United States,Probable NDE,english,15,2008-12-11T00:00:00.000Z,2000-12-14T00:00:00.000Z,4976,FALSE,FALSE,FALSE,TRUE,FALSE,FALSE,FALSE,FALSE
3835,F,Probable NDE,United States,Probable NDE,english,17,2008-12-13T00:00:00.000Z,1990-01-18T00:00:00.000Z,8215,TRUE,FALSE,TRUE,TRUE,FALSE,FALSE,FALSE,FALSE
3837,F,NDE,United States,NDE,english,15,2008-12-13T00:00:00.000Z,2008-02-29T00:00:00.000Z,5286,FALSE,FALSE,FALSE,TRUE,FALSE,FALSE,FALSE,FALSE
3839,M,NDE,Spain,NDE,spanish,13,2008-12-19T00:00:00.000Z,2006-01-01T00:00:00.000Z,5823,FALSE,FALSE,FALSE,TRUE,FALSE,FALSE,FALSE,FALSE
3840,F,NDE,United States,NDE,english,13,2008-12-19T00:00:00.000Z,2008-12-06T00:00:00.000Z,3279,FALSE,FALSE,FALSE,TRUE,FALSE,FALSE,FALSE,FALSE
3841,M,NDE,United States,NDE,english,11,2008-12-19T00:00:00.000Z,2007-01-01T00:00:00.000Z,5080,FALSE,FALSE,FALSE,TRUE,FALSE,TRUE,FALSE,FALSE
3842,F,Possible NDE,Estonia,Possible NDE,estonian,7,2008-12-19T00:00:00.000Z,NA,2773,FALSE,FALSE,FALSE,FALSE,FALSE,FALSE,FALSE,FALSE
3843,F,NDE,Qatar,NDE,english,15,2008-12-19T00:00:00.000Z,NA,7278,TRUE,TRUE,FALSE,TRUE,TRUE,FALSE,FALSE,FALSE
3846,F,NDE,Venezuela,NDE,spanish,12,2008-12-19T00:00:00.000Z,2008-01-01T00:00:00.000Z,5345,TRUE,FALSE,FALSE,TRUE,TRUE,FALSE,FALSE,FALSE
3847,M,Possible NDE,United States,Possible NDE,english,1,2008-12-19T00:00:00.000Z,2000-07-18T00:00:00.000Z,5056,FALSE,FALSE,FALSE,TRUE,FALSE,FALSE,FALSE,FALSE
3848,F,Possible NDE,Canada,Possible NDE,english,7,2008-12-26T00:00:00.000Z,2008-08-14T00:00:00.000Z,6313,TRUE,FALSE,FALSE,TRUE,FALSE,FALSE,FALSE,FALSE
3849,F,NDE,United States,NDE,english,13,2008-12-26T00:00:00.000Z,1996-06-18T00:00:00.000Z,15562,FALSE,FALSE,FALSE,TRUE,FALSE,FALSE,FALSE,FALSE
3851,F,NDE,United States,Secondhand NDE,english,18,2008-12-26T00:00:00.000Z,1951-01-18T00:00:00.000Z,6299,TRUE,FALSE,FALSE,TRUE,TRUE,FALSE,FALSE,FALSE
3853,M,NDE,United States,NDE,english,8,2008-12-26T00:00:00.000Z,2006-07-29T00:00:00.000Z,4690,TRUE,FALSE,FALSE,TRUE,FALSE,FALSE,FALSE,FALSE
3855,M,NDE,Spain,NDE,spanish,8,2008-12-26T00:00:00.000Z,2008-04-13T00:00:00.000Z,4918,TRUE,FALSE,FALSE,FALSE,FALSE,FALSE,FALSE,FALSE
3856,M,NDE,United States,NDE,english,5,2008-12-26T00:00:00.000Z,2003-12-18T00:00:00.000Z,3287,TRUE,FALSE,FALSE,TRUE,FALSE,FALSE,FALSE,FALSE
3857,M,NDE,United States,NDE,english,17,2008-12-26T00:00:00.000Z,2008-06-13T00:00:00.000Z,6070,FALSE,FALSE,FALSE,TRUE,FALSE,FALSE,TRUE,FALSE
3858,M,NDE,Canada,NDE,english,8,2008-12-26T00:00:00.000Z,1984-01-18T00:00:00.000Z,2428,TRUE,FALSE,FALSE,TRUE,FALSE,FALSE,FALSE,FALSE
3859,F,Probable NDE,Sweden,Probable NDE,swedish,5,2008-12-26T00:00:00.000Z,1962-01-01T00:00:00.000Z,5715,FALSE,FALSE,FALSE,TRUE,FALSE,FALSE,FALSE,FALSE
3860,F,Possible NDE,United States,Possible NDE,english,8,2008-12-26T00:00:00.000Z,1974-01-01T00:00:00.000Z,3155,FALSE,FALSE,FALSE,TRUE,FALSE,FALSE,FALSE,FALSE
3862,F,NDE,Canada,NDE,english,13,2008-12-26T00:00:00.000Z,1969-08-17T00:00:00.000Z,14547,TRUE,FALSE,FALSE,TRUE,TRUE,FALSE,FALSE,FALSE
3863,F,NDE,United States,NDE,english,18,2009-01-01T00:00:00.000Z,2001-01-01T00:00:00.000Z,10130,TRUE,TRUE,FALSE,TRUE,TRUE,FALSE,FALSE,FALSE
3865,F,NDE,Netherlands,NDE,dutch,7,2009-01-01T00:00:00.000Z,1976-01-18T00:00:00.000Z,2618,FALSE,FALSE,FALSE,TRUE,FALSE,FALSE,FALSE,FALSE
3866,F,NDE,China,NDE,english,16,2009-01-01T00:00:00.000Z,1999-01-01T00:00:00.000Z,8730,TRUE,TRUE,FALSE,TRUE,TRUE,FALSE,FALSE,FALSE
3867,M,NDE,United States,NDE,english,16,2009-01-01T00:00:00.000Z,NA,4624,TRUE,FALSE,FALSE,TRUE,FALSE,FALSE,FALSE,FALSE
3871,F,Possible NDE,United States,Possible NDE,english,10,2009-01-09T00:00:00.000Z,1982-01-18T00:00:00.000Z,3936,FALSE,FALSE,FALSE,FALSE,FALSE,FALSE,FALSE,FALSE
3872,F,NDE,Australia,NDE,english,6,2009-01-09T00:00:00.000Z,1992-04-19T00:00:00.000Z,3851,FALSE,FALSE,FALSE,TRUE,FALSE,FALSE,FALSE,FALSE
3873,M,NDE,Canada,NDE,english,13,2009-01-09T00:00:00.000Z,1971-08-02T00:00:00.000Z,2739,TRUE,FALSE,FALSE,TRUE,TRUE,FALSE,FALSE,FALSE
3876,M,NDE,Sweden,NDE,swedish,19,2009-01-09T00:00:00.000Z,1987-01-01T00:00:00.000Z,11741,TRUE,FALSE,FALSE,TRUE,FALSE,FALSE,FALSE,FALSE
3877,M,NDE,United States,NDE,english,2,2009-01-16T00:00:00.000Z,1978-10-15T00:00:00.000Z,2730,TRUE,FALSE,FALSE,FALSE,FALSE,FALSE,FALSE,FALSE
3880,F,NDE,Scotland,NDE,english,18,2009-01-16T00:00:00.000Z,1976-01-18T00:00:00.000Z,8079,TRUE,FALSE,FALSE,TRUE,FALSE,FALSE,FALSE,FALSE
3884,M,NDE,United States,NDE,english,10,2009-01-23T00:00:00.000Z,2004-02-18T00:00:00.000Z,4148,FALSE,FALSE,FALSE,TRUE,FALSE,TRUE,FALSE,FALSE
3885,F,NDE,United States,NDE,english,15,2009-01-23T00:00:00.000Z,NA,4447,FALSE,TRUE,FALSE,TRUE,FALSE,FALSE,FALSE,FALSE
3886,F,NDE,Switzerland,NDE,italian,6,2009-01-23T00:00:00.000Z,1963-03-25T00:00:00.000Z,4274,FALSE,FALSE,FALSE,TRUE,FALSE,FALSE,FALSE,FALSE
3887,F,NDE,United States,NDE,english,12,2009-01-23T00:00:00.000Z,1979-01-18T00:00:00.000Z,11507,TRUE,FALSE,FALSE,TRUE,FALSE,FALSE,FALSE,FALSE
3888,M,NDE,United States,NDE,english,14,2009-01-23T00:00:00.000Z,NA,3059,TRUE,FALSE,FALSE,TRUE,FALSE,FALSE,FALSE,FALSE
3889,F,NDE,United States,NDE,english,5,2009-01-23T00:00:00.000Z,1982-01-01T00:00:00.000Z,2866,TRUE,FALSE,FALSE,TRUE,FALSE,FALSE,FALSE,FALSE
3891,F,NDE,France,NDE,french,18,2009-01-30T00:00:00.000Z,1993-01-01T00:00:00.000Z,4779,FALSE,TRUE,FALSE,TRUE,FALSE,FALSE,FALSE,FALSE
3892,M,NDE,Canada,NDE,english,17,NA,NA,17596,FALSE,FALSE,FALSE,TRUE,FALSE,FALSE,FALSE,FALSE
3893,M,FDE,United States,FDE,english,7,2009-01-30T00:00:00.000Z,2009-01-27T00:00:00.000Z,2718,FALSE,FALSE,FALSE,FALSE,FALSE,FALSE,FALSE,FALSE
3896,F,NDE,Spain,NDE,spanish,17,2009-01-30T00:00:00.000Z,1997-01-01T00:00:00.000Z,5925,FALSE,FALSE,FALSE,FALSE,FALSE,FALSE,FALSE,FALSE
3899,F,NDE,United Kingdom,NDE,english,8,2009-02-06T00:00:00.000Z,1968-04-15T00:00:00.000Z,1938,FALSE,FALSE,FALSE,TRUE,FALSE,FALSE,FALSE,FALSE
3900,M,NDE,Italy,NDE,italian,8,2009-02-06T00:00:00.000Z,2000-01-01T00:00:00.000Z,5573,TRUE,FALSE,FALSE,TRUE,TRUE,FALSE,FALSE,FALSE
3905,M,NDE,United States,NDE,english,13,2009-02-14T00:00:00.000Z,1974-07-26T00:00:00.000Z,5461,TRUE,FALSE,FALSE,TRUE,FALSE,FALSE,FALSE,FALSE
3907,F,NDE,United States,NDE,english,26,2009-02-14T00:00:00.000Z,2003-02-07T00:00:00.000Z,4556,FALSE,TRUE,FALSE,TRUE,FALSE,FALSE,FALSE,FALSE
3908,M,NDE,Australia,NDE,english,16,2009-02-14T00:00:00.000Z,1999-01-01T00:00:00.000Z,3334,FALSE,TRUE,FALSE,TRUE,FALSE,FALSE,FALSE,FALSE
3909,F,NDE,United States,NDE,english,4,2009-02-14T00:00:00.000Z,2006-06-06T00:00:00.000Z,2270,TRUE,FALSE,FALSE,TRUE,FALSE,FALSE,FALSE,FALSE
3911,F,Possible NDE,France,Possible NDE,english,13,2009-02-14T00:00:00.000Z,NA,6547,FALSE,TRUE,FALSE,TRUE,FALSE,TRUE,TRUE,FALSE
3913,F,NDE,United States,NDE,english,17,2009-02-14T00:00:00.000Z,1993-01-18T00:00:00.000Z,7826,TRUE,FALSE,FALSE,TRUE,FALSE,FALSE,FALSE,FALSE
3915,F,NDE,Israel,NDE,english,6,2009-02-21T00:00:00.000Z,1986-12-18T00:00:00.000Z,3583,TRUE,FALSE,FALSE,TRUE,FALSE,FALSE,FALSE,FALSE
3916,F,NDE,Belgium,NDE,french,21,2009-02-21T00:00:00.000Z,1983-01-18T00:00:00.000Z,14033,FALSE,TRUE,FALSE,TRUE,FALSE,FALSE,FALSE,FALSE
3917,F,Possible NDE,Turkey,Possible NDE,swedish,16,2009-02-21T00:00:00.000Z,1972-01-18T00:00:00.000Z,5982,FALSE,FALSE,FALSE,TRUE,FALSE,FALSE,FALSE,FALSE
3918,M,NDE,Romania,NDE,english,9,2009-02-21T00:00:00.000Z,1998-01-01T00:00:00.000Z,5145,FALSE,FALSE,FALSE,FALSE,FALSE,FALSE,FALSE,FALSE
3919,M,NDE,United States,NDE,english,21,2009-02-21T00:00:00.000Z,1977-01-18T00:00:00.000Z,7658,TRUE,FALSE,FALSE,TRUE,FALSE,FALSE,FALSE,FALSE
3920,F,NDE,United States,NDE,english,17,2009-02-21T00:00:00.000Z,1993-01-18T00:00:00.000Z,7673,FALSE,TRUE,FALSE,TRUE,FALSE,FALSE,FALSE,FALSE
3921,F,NDE,United States,NDE,english,18,2009-02-21T00:00:00.000Z,1983-08-18T00:00:00.000Z,5134,TRUE,FALSE,FALSE,TRUE,FALSE,FALSE,FALSE,FALSE
3922,F,NDE,United States,NDE,english,13,2009-02-27T00:00:00.000Z,1995-01-18T00:00:00.000Z,4810,FALSE,FALSE,FALSE,TRUE,FALSE,FALSE,FALSE,FALSE
3923,F,NDE,United States,NDE,english,4,2009-02-27T00:00:00.000Z,2001-03-27T00:00:00.000Z,3344,FALSE,FALSE,TRUE,TRUE,FALSE,FALSE,FALSE,FALSE
3926,M,NDE,France,NDE,french,0,2009-02-27T00:00:00.000Z,2001-01-01T00:00:00.000Z,7118,TRUE,FALSE,FALSE,TRUE,FALSE,FALSE,FALSE,FALSE
3928,F,NDE,United States,NDE,english,17,2009-03-07T00:00:00.000Z,1957-01-01T00:00:00.000Z,13534,TRUE,TRUE,FALSE,FALSE,FALSE,TRUE,FALSE,FALSE
3929,F,Probable NDE,Mexico,Probable NDE,english,10,2009-03-07T00:00:00.000Z,1983-01-18T00:00:00.000Z,2835,FALSE,FALSE,FALSE,FALSE,FALSE,FALSE,FALSE,FALSE
3931,F,NDE,United States,NDE,english,23,2009-03-07T00:00:00.000Z,2000-10-09T00:00:00.000Z,4964,FALSE,FALSE,FALSE,TRUE,FALSE,FALSE,FALSE,FALSE
3933,F,FDE,France,FDE,english,13,2009-03-07T00:00:00.000Z,1992-01-01T00:00:00.000Z,4481,FALSE,FALSE,FALSE,TRUE,FALSE,FALSE,FALSE,FALSE
3934,M,NDE,United States,NDE,english,12,2009-03-07T00:00:00.000Z,2004-08-09T00:00:00.000Z,4156,FALSE,FALSE,FALSE,TRUE,FALSE,FALSE,FALSE,FALSE
3935,F,NDE,United States,NDE,english,8,2009-03-13T00:00:00.000Z,2001-11-24T00:00:00.000Z,6418,FALSE,FALSE,FALSE,TRUE,FALSE,FALSE,FALSE,FALSE
3938,M,NDE,United States,NDE,english,9,2009-03-13T00:00:00.000Z,2009-03-19T00:00:00.000Z,2903,TRUE,FALSE,FALSE,TRUE,FALSE,FALSE,FALSE,FALSE
3939,F,NDE,United States,NDE,english,10,2009-11-07T00:00:00.000Z,1966-06-18T00:00:00.000Z,9049,FALSE,FALSE,FALSE,TRUE,FALSE,FALSE,FALSE,FALSE
3940,F,NDE,United States,NDE,english,7,2009-03-28T00:00:00.000Z,1993-07-26T00:00:00.000Z,2836,TRUE,FALSE,FALSE,TRUE,FALSE,FALSE,FALSE,FALSE
3941,F,NDE,India,NDE,english,9,2009-03-28T00:00:00.000Z,2009-01-15T00:00:00.000Z,2779,TRUE,FALSE,FALSE,TRUE,FALSE,FALSE,FALSE,FALSE
3942,M,FDE,India,FDE,english,13,2009-03-28T00:00:00.000Z,1994-01-01T00:00:00.000Z,3783,FALSE,TRUE,FALSE,TRUE,FALSE,FALSE,FALSE,FALSE
3944,M,Probable NDE,United States,Probable NDE,english,5,2009-03-28T00:00:00.000Z,2006-10-16T00:00:00.000Z,4511,TRUE,FALSE,FALSE,TRUE,FALSE,FALSE,FALSE,FALSE
3945,F,NDE,United States,NDE,english,15,2009-03-28T00:00:00.000Z,2009-03-28T00:00:00.000Z,9878,TRUE,FALSE,FALSE,TRUE,FALSE,FALSE,FALSE,FALSE
3947,F,Possible NDE,India,Possible NDE,english,6,2009-04-04T00:00:00.000Z,2008-11-24T00:00:00.000Z,3052,FALSE,FALSE,FALSE,TRUE,FALSE,FALSE,FALSE,FALSE
3948,F,NDE,United States,NDE,english,7,2009-04-04T00:00:00.000Z,2006-07-18T00:00:00.000Z,3570,FALSE,FALSE,FALSE,FALSE,FALSE,FALSE,FALSE,FALSE
3949,F,NDE,Canada,NDE,french,12,2009-04-04T00:00:00.000Z,2008-01-01T00:00:00.000Z,3421,FALSE,FALSE,FALSE,FALSE,FALSE,FALSE,FALSE,FALSE
3951,F,NDE,India,NDE,english,8,2010-12-31T00:00:00.000Z,2007-05-18T00:00:00.000Z,7124,TRUE,FALSE,FALSE,TRUE,FALSE,FALSE,FALSE,FALSE
3952,F,Probable NDE,India,Probable NDE,vi,18,2009-04-04T00:00:00.000Z,2002-03-24T00:00:00.000Z,3483,FALSE,FALSE,FALSE,TRUE,FALSE,FALSE,FALSE,FALSE
3955,M,NDE,United States,NDE,english,17,2009-04-10T00:00:00.000Z,2007-11-18T00:00:00.000Z,6421,TRUE,FALSE,FALSE,TRUE,FALSE,FALSE,FALSE,FALSE
3956,F,NDE,United States,NDE,english,21,2009-04-10T00:00:00.000Z,2008-07-10T00:00:00.000Z,4473,TRUE,FALSE,TRUE,TRUE,TRUE,FALSE,FALSE,FALSE
3957,F,NDE,United States,NDE,english,12,2009-04-10T00:00:00.000Z,2009-04-06T00:00:00.000Z,10660,TRUE,FALSE,FALSE,TRUE,FALSE,FALSE,FALSE,FALSE
3958,M,NDE,United States,NDE,english,17,2009-04-10T00:00:00.000Z,1984-06-06T00:00:00.000Z,13407,TRUE,TRUE,FALSE,TRUE,TRUE,FALSE,FALSE,FALSE
3959,F,NDE,United States,NDE,english,19,2009-04-17T00:00:00.000Z,NA,5088,FALSE,FALSE,FALSE,TRUE,FALSE,FALSE,FALSE,FALSE
3961,F,NDE,United States,NDE,english,17,2009-04-17T00:00:00.000Z,1996-12-21T00:00:00.000Z,8200,FALSE,FALSE,FALSE,TRUE,FALSE,FALSE,FALSE,FALSE
3962,F,NDE,United States,NDE,english,1,2009-04-17T00:00:00.000Z,1978-01-01T00:00:00.000Z,7710,TRUE,FALSE,FALSE,FALSE,FALSE,FALSE,FALSE,FALSE
3963,M,NDE,Belgium,NDE,french,6,2009-04-17T00:00:00.000Z,1985-01-18T00:00:00.000Z,3672,TRUE,FALSE,FALSE,TRUE,FALSE,FALSE,FALSE,FALSE
3964,F,NDE,United States,NDE,english,13,2009-04-17T00:00:00.000Z,2008-07-18T00:00:00.000Z,4492,FALSE,FALSE,FALSE,TRUE,FALSE,FALSE,FALSE,FALSE
3966,F,NDE,United States,NDE,english,12,2009-04-25T00:00:00.000Z,1967-08-18T00:00:00.000Z,5397,TRUE,FALSE,FALSE,TRUE,FALSE,FALSE,FALSE,FALSE
3968,F,Probable NDE,United States,Probable NDE,english,16,2009-04-25T00:00:00.000Z,1969-09-18T00:00:00.000Z,3058,TRUE,FALSE,FALSE,TRUE,FALSE,FALSE,FALSE,FALSE
3970,M,NDE,United States,NDE,english,12,2009-04-25T00:00:00.000Z,2006-03-22T00:00:00.000Z,11612,TRUE,FALSE,FALSE,TRUE,FALSE,FALSE,FALSE,FALSE
3971,F,NDE,unknown,NDE,english,19,2009-04-25T00:00:00.000Z,NA,5725,FALSE,FALSE,FALSE,TRUE,FALSE,FALSE,FALSE,FALSE
3972,F,NDE,United States,NDE,english,15,2009-05-02T00:00:00.000Z,1981-01-18T00:00:00.000Z,5789,TRUE,FALSE,FALSE,TRUE,FALSE,FALSE,FALSE,FALSE
3975,M,NDE,Romania,NDE,english,10,2009-05-02T00:00:00.000Z,2009-02-02T00:00:00.000Z,3098,TRUE,FALSE,FALSE,TRUE,FALSE,FALSE,FALSE,FALSE
3976,F,NDE-Like,U,NDE-Like,english,16,2009-05-08T00:00:00.000Z,1986-01-18T00:00:00.000Z,12556,TRUE,FALSE,FALSE,TRUE,FALSE,FALSE,FALSE,FALSE
3977,F,NDE,United States,NDE,english,20,2009-05-08T00:00:00.000Z,1960-01-01T00:00:00.000Z,12744,FALSE,FALSE,FALSE,TRUE,FALSE,TRUE,FALSE,FALSE
3980,M,NDE,Switzerland,NDE,french,7,2009-05-08T00:00:00.000Z,1977-01-18T00:00:00.000Z,2450,TRUE,FALSE,FALSE,TRUE,TRUE,FALSE,FALSE,FALSE
3982,F,Probable NDE,Italy,Probable NDE,english,6,2009-05-08T00:00:00.000Z,2008-08-08T00:00:00.000Z,3128,FALSE,FALSE,FALSE,TRUE,FALSE,FALSE,FALSE,FALSE
3985,F,NDE,United States,NDE,english,14,2009-05-08T00:00:00.000Z,2005-09-14T00:00:00.000Z,3853,TRUE,FALSE,FALSE,TRUE,FALSE,FALSE,FALSE,FALSE
3986,F,Probable NDE,United States,Probable NDE,english,10,2009-05-08T00:00:00.000Z,NA,3231,FALSE,FALSE,FALSE,TRUE,FALSE,FALSE,FALSE,FALSE
3987,M,NDE,England,NDE,english,10,2009-05-15T00:00:00.000Z,2009-01-01T00:00:00.000Z,2982,TRUE,TRUE,FALSE,TRUE,FALSE,FALSE,FALSE,FALSE
3989,F,Possible NDE,United States,Possible NDE,english,15,2009-05-15T00:00:00.000Z,1990-01-18T00:00:00.000Z,4002,FALSE,TRUE,FALSE,FALSE,FALSE,FALSE,FALSE,FALSE
3990,M,NDE,United States,Shared NDE,english,10,2009-05-15T00:00:00.000Z,1977-06-19T00:00:00.000Z,11537,TRUE,FALSE,FALSE,TRUE,TRUE,FALSE,FALSE,FALSE
3991,F,Probable NDE,Argentina,Probable NDE,spanish,16,2009-05-15T00:00:00.000Z,NA,3521,FALSE,FALSE,FALSE,FALSE,FALSE,FALSE,FALSE,FALSE
3992,M,NDE,France,NDE,french,12,2009-05-15T00:00:00.000Z,1988-01-01T00:00:00.000Z,10017,FALSE,FALSE,FALSE,TRUE,FALSE,FALSE,FALSE,FALSE
3994,M,NDE,United States,NDE,english,10,2009-05-15T00:00:00.000Z,1984-09-04T00:00:00.000Z,24572,FALSE,FALSE,FALSE,TRUE,FALSE,FALSE,FALSE,FALSE
3997,F,NDE,United Kingdom,NDE,english,7,2009-05-15T00:00:00.000Z,1999-01-18T00:00:00.000Z,4680,FALSE,FALSE,FALSE,TRUE,FALSE,FALSE,FALSE,FALSE
3998,M,NDE,Italy,NDE,italian,1,2009-05-22T00:00:00.000Z,1977-01-18T00:00:00.000Z,3165,TRUE,FALSE,FALSE,TRUE,TRUE,FALSE,FALSE,FALSE
3999,M,NDE,United States,NDE,english,4,2009-05-22T00:00:00.000Z,1995-01-01T00:00:00.000Z,3266,TRUE,FALSE,FALSE,TRUE,FALSE,FALSE,FALSE,FALSE
4001,F,NDE,United States,NDE,english,19,2009-05-22T00:00:00.000Z,2007-09-12T00:00:00.000Z,6803,TRUE,FALSE,FALSE,TRUE,TRUE,FALSE,FALSE,FALSE
4003,F,NDE,Spain,NDE,spanish,8,2009-05-29T00:00:00.000Z,1973-01-18T00:00:00.000Z,4165,TRUE,FALSE,FALSE,TRUE,TRUE,FALSE,FALSE,FALSE
4004,F,Possible NDE,United States,Possible NDE,english,6,2009-05-29T00:00:00.000Z,2003-01-01T00:00:00.000Z,7715,TRUE,FALSE,FALSE,TRUE,TRUE,FALSE,FALSE,FALSE
4006,F,NDE,Australia,NDE,english,16,2009-07-17T00:00:00.000Z,2009-01-01T00:00:00.000Z,18189,TRUE,FALSE,FALSE,TRUE,FALSE,TRUE,FALSE,FALSE
4009,M,NDE,United States,NDE,english,16,2009-05-29T00:00:00.000Z,1963-06-18T00:00:00.000Z,7955,TRUE,TRUE,FALSE,TRUE,TRUE,FALSE,TRUE,FALSE
4010,F,NDE,United States,NDE,english,16,NA,NA,17815,TRUE,FALSE,FALSE,TRUE,TRUE,FALSE,FALSE,FALSE
4013,M,NDE,Spain,NDE,spanish,13,2009-05-29T00:00:00.000Z,1983-10-22T00:00:00.000Z,3090,FALSE,FALSE,FALSE,TRUE,TRUE,FALSE,FALSE,FALSE
4015,F,Possible NDE,Germany,Possible NDE,german,19,2009-06-06T00:00:00.000Z,2002-01-18T00:00:00.000Z,4832,FALSE,FALSE,FALSE,TRUE,FALSE,FALSE,FALSE,FALSE
4016,F,FDE,United States,Probable FDE,english,16,2009-06-06T00:00:00.000Z,2005-01-01T00:00:00.000Z,13574,FALSE,FALSE,FALSE,FALSE,FALSE,FALSE,FALSE,FALSE
4017,F,NDE,United States,NDE,english,14,2009-06-06T00:00:00.000Z,NA,2744,FALSE,FALSE,FALSE,FALSE,FALSE,FALSE,FALSE,FALSE
4018,M,Probable NDE,United States,Probable NDE,english,19,2009-06-06T00:00:00.000Z,2003-01-01T00:00:00.000Z,13136,FALSE,FALSE,FALSE,TRUE,FALSE,TRUE,FALSE,FALSE
4019,M,Other,Australia,Secondhand NDE and Experiences,english,16,2009-06-06T00:00:00.000Z,1987-01-18T00:00:00.000Z,7709,TRUE,FALSE,FALSE,TRUE,TRUE,FALSE,FALSE,FALSE
4020,F,NDE,United States,NDE,english,23,2009-06-06T00:00:00.000Z,2007-05-02T00:00:00.000Z,10920,TRUE,FALSE,FALSE,TRUE,FALSE,FALSE,TRUE,FALSE
4022,F,NDE,United States,NDE,english,22,2009-06-06T00:00:00.000Z,1976-01-18T00:00:00.000Z,21763,TRUE,TRUE,FALSE,TRUE,FALSE,FALSE,FALSE,FALSE
4023,F,NDE-Like,United States,NDE-Like,english,10,2009-06-06T00:00:00.000Z,1993-01-01T00:00:00.000Z,5703,TRUE,FALSE,FALSE,TRUE,FALSE,FALSE,FALSE,FALSE
4025,M,NDE,United States,NDE,english,20,2009-06-21T00:00:00.000Z,1990-01-18T00:00:00.000Z,19540,TRUE,TRUE,FALSE,TRUE,TRUE,FALSE,FALSE,FALSE
4028,F,Probable NDE,Bolivia,Probable NDE,spanish,9,2009-06-21T00:00:00.000Z,1981-01-01T00:00:00.000Z,5784,TRUE,FALSE,FALSE,TRUE,FALSE,FALSE,FALSE,FALSE
4031,F,NDE,France,NDE,french,8,2009-06-21T00:00:00.000Z,2008-01-01T00:00:00.000Z,8565,FALSE,FALSE,FALSE,TRUE,FALSE,FALSE,TRUE,FALSE
4033,F,NDE,Australia,NDE,english,6,2009-06-21T00:00:00.000Z,2008-06-05T00:00:00.000Z,4539,FALSE,FALSE,FALSE,TRUE,FALSE,FALSE,FALSE,FALSE
4035,F,NDE,United States,NDE,english,13,2009-06-26T00:00:00.000Z,1976-01-18T00:00:00.000Z,5343,TRUE,FALSE,FALSE,TRUE,FALSE,FALSE,FALSE,FALSE
4037,F,NDE,France,NDE,french,18,2009-07-04T00:00:00.000Z,1998-01-01T00:00:00.000Z,5163,TRUE,FALSE,FALSE,TRUE,FALSE,FALSE,FALSE,FALSE
4038,M,NDE,Algeria,NDE,french,6,2009-07-04T00:00:00.000Z,1963-01-01T00:00:00.000Z,5454,TRUE,FALSE,FALSE,TRUE,FALSE,FALSE,FALSE,FALSE
4040,F,NDE,US,NDE,english,1,2009-07-04T00:00:00.000Z,2007-01-18T00:00:00.000Z,2764,TRUE,FALSE,FALSE,TRUE,FALSE,FALSE,FALSE,FALSE
4042,M,Probable NDE,United States,Probable NDE,english,9,2009-07-04T00:00:00.000Z,2007-09-11T00:00:00.000Z,7977,TRUE,FALSE,FALSE,TRUE,FALSE,FALSE,FALSE,FALSE
4043,F,NDE,France,NDE,french,12,2009-07-04T00:00:00.000Z,1998-01-01T00:00:00.000Z,4019,TRUE,FALSE,FALSE,TRUE,FALSE,FALSE,FALSE,FALSE
4045,M,NDE,England,NDE,english,12,2009-07-11T00:00:00.000Z,NA,2900,FALSE,FALSE,FALSE,TRUE,FALSE,FALSE,FALSE,FALSE
4046,M,NDE,Canada,NDE,french,21,2009-07-11T00:00:00.000Z,2009-01-01T00:00:00.000Z,8047,TRUE,TRUE,FALSE,TRUE,TRUE,FALSE,FALSE,FALSE
4047,F,NDE,United States,NDE,english,14,2009-07-11T00:00:00.000Z,2007-10-13T00:00:00.000Z,4832,FALSE,FALSE,FALSE,TRUE,FALSE,FALSE,FALSE,FALSE
4048,F,NDE,Spain,NDE,spanish,13,2009-07-11T00:00:00.000Z,1992-01-01T00:00:00.000Z,9119,TRUE,FALSE,TRUE,TRUE,FALSE,FALSE,FALSE,FALSE
4049,M,NDE,United States,NDE,english,15,2009-07-11T00:00:00.000Z,1967-01-01T00:00:00.000Z,6296,TRUE,FALSE,FALSE,TRUE,FALSE,FALSE,FALSE,FALSE
4050,M,NDE,United States,NDE,english,13,2009-07-11T00:00:00.000Z,1963-06-18T00:00:00.000Z,9496,FALSE,FALSE,FALSE,TRUE,FALSE,FALSE,FALSE,FALSE
4053,F,NDE,United States,NDE,english,17,2009-07-17T00:00:00.000Z,1973-01-01T00:00:00.000Z,10608,TRUE,TRUE,TRUE,TRUE,TRUE,FALSE,FALSE,FALSE
4055,F,NDE,Australia,NDE,english,16,2009-07-17T00:00:00.000Z,2009-01-01T00:00:00.000Z,18189,TRUE,FALSE,FALSE,TRUE,FALSE,TRUE,FALSE,FALSE
4056,F,NDE,France,NDE,french,10,2009-07-17T00:00:00.000Z,1986-01-01T00:00:00.000Z,4049,TRUE,FALSE,FALSE,TRUE,FALSE,FALSE,FALSE,FALSE
4058,M,NDE,United States,NDE,english,15,2009-07-17T00:00:00.000Z,2007-07-15T00:00:00.000Z,5834,TRUE,FALSE,TRUE,TRUE,FALSE,FALSE,FALSE,FALSE
4061,F,Possible NDE,U,Possible NDE,english,11,2009-07-24T00:00:00.000Z,1971-01-18T00:00:00.000Z,3664,TRUE,FALSE,FALSE,TRUE,FALSE,FALSE,FALSE,FALSE
4065,M,Possible NDE,United States,Possible NDE,english,12,2009-08-08T00:00:00.000Z,NA,7379,TRUE,FALSE,FALSE,TRUE,FALSE,FALSE,FALSE,FALSE
4066,F,Possible NDE,United States,Possible NDE,english,14,2009-08-08T00:00:00.000Z,2005-01-18T00:00:00.000Z,8691,FALSE,TRUE,FALSE,TRUE,FALSE,FALSE,FALSE,FALSE
4068,F,NDE,Puerto Rico,NDE,spanish,12,2009-08-08T00:00:00.000Z,1998-01-18T00:00:00.000Z,5193,FALSE,FALSE,FALSE,TRUE,FALSE,FALSE,FALSE,FALSE
4069,M,NDE,United States,Shared NDE,english,8,2009-08-08T00:00:00.000Z,1963-01-18T00:00:00.000Z,4133,TRUE,FALSE,FALSE,TRUE,FALSE,FALSE,FALSE,FALSE
4070,F,NDE,United States,NDE,english,4,2009-08-08T00:00:00.000Z,1972-01-18T00:00:00.000Z,3172,TRUE,FALSE,FALSE,TRUE,FALSE,FALSE,FALSE,FALSE
4071,M,Probable NDE,Philippines,Probable NDE,filipino,0,2009-08-08T00:00:00.000Z,1999-01-18T00:00:00.000Z,2043,TRUE,FALSE,FALSE,TRUE,FALSE,TRUE,FALSE,FALSE
4072,F,NDE,United States,NDE,english,15,2009-08-08T00:00:00.000Z,1997-06-18T00:00:00.000Z,12306,TRUE,TRUE,FALSE,TRUE,FALSE,FALSE,TRUE,FALSE
4075,M,NDE,United States,NDE,english,12,2011-04-09T00:00:00.000Z,1966-01-18T00:00:00.000Z,10697,TRUE,FALSE,FALSE,TRUE,TRUE,FALSE,FALSE,FALSE
4081,M,NDE,United States,NDE,english,14,2009-08-15T00:00:00.000Z,NA,15117,TRUE,FALSE,FALSE,TRUE,FALSE,FALSE,FALSE,FALSE
4082,M,NDE,United States,NDE,english,4,2009-08-15T00:00:00.000Z,1993-05-12T00:00:00.000Z,2869,FALSE,FALSE,TRUE,TRUE,FALSE,FALSE,TRUE,FALSE
4083,M,NDE,United States,NDE,english,14,2009-08-22T00:00:00.000Z,2009-02-27T00:00:00.000Z,3674,FALSE,TRUE,FALSE,TRUE,FALSE,FALSE,FALSE,FALSE
4084,M,NDE,United States,NDE,english,19,NA,NA,11365,TRUE,FALSE,FALSE,TRUE,FALSE,FALSE,FALSE,FALSE
4087,F,NDE,United States,NDE,english,11,2009-08-22T00:00:00.000Z,1970-12-01T00:00:00.000Z,6329,TRUE,FALSE,FALSE,TRUE,FALSE,FALSE,FALSE,FALSE
4091,F,NDE,Glasgow,NDE,english,15,2009-08-22T00:00:00.000Z,1999-07-18T00:00:00.000Z,2910,FALSE,FALSE,FALSE,FALSE,FALSE,FALSE,FALSE,FALSE
4092,F,NDE,United States,NDE,english,13,2009-08-22T00:00:00.000Z,1984-11-05T00:00:00.000Z,5470,FALSE,FALSE,FALSE,TRUE,FALSE,FALSE,FALSE,FALSE
4094,F,NDE,unknown,Secondhand NDE,english,0,2009-08-29T00:00:00.000Z,NA,4607,TRUE,FALSE,FALSE,TRUE,FALSE,FALSE,FALSE,FALSE
4095,F,Possible NDE,United Kingdom,Possible NDE,english,16,2009-08-29T00:00:00.000Z,1979-11-17T00:00:00.000Z,8914,FALSE,TRUE,FALSE,FALSE,FALSE,FALSE,FALSE,FALSE
4097,M,NDE,United States,NDE,english,3,2009-08-29T00:00:00.000Z,2009-04-04T00:00:00.000Z,2741,TRUE,FALSE,FALSE,TRUE,FALSE,FALSE,FALSE,FALSE
4098,M,NDE,United States,NDE,english,12,2009-08-29T00:00:00.000Z,2005-05-18T00:00:00.000Z,4996,TRUE,FALSE,FALSE,TRUE,FALSE,FALSE,FALSE,FALSE
4102,F,NDE,United States,NDE,english,10,2009-08-29T00:00:00.000Z,1980-12-18T00:00:00.000Z,5571,TRUE,FALSE,FALSE,TRUE,FALSE,FALSE,FALSE,FALSE
4105,M,NDE,United States,NDE,english,5,2009-09-07T00:00:00.000Z,1976-06-29T00:00:00.000Z,5921,FALSE,FALSE,FALSE,TRUE,FALSE,FALSE,FALSE,FALSE
4106,M,FDE,United Kingdom,FDE,english,12,2009-09-07T00:00:00.000Z,1997-01-18T00:00:00.000Z,6796,FALSE,FALSE,FALSE,TRUE,FALSE,FALSE,FALSE,FALSE
4107,F,NDE,United States,NDE,english,21,2009-09-07T00:00:00.000Z,1994-09-30T00:00:00.000Z,5226,TRUE,FALSE,FALSE,TRUE,FALSE,FALSE,FALSE,FALSE
4109,F,NDE,United States,NDE,english,25,2009-09-07T00:00:00.000Z,2001-05-12T00:00:00.000Z,11335,FALSE,FALSE,FALSE,TRUE,FALSE,FALSE,FALSE,FALSE
4111,M,NDE,United States,NDE,english,9,2011-05-06T00:00:00.000Z,1977-08-18T00:00:00.000Z,11209,TRUE,FALSE,FALSE,TRUE,FALSE,FALSE,FALSE,FALSE
4112,M,NDE,United Kingdom,NDE,english,17,2009-09-12T00:00:00.000Z,1999-01-18T00:00:00.000Z,2395,TRUE,FALSE,FALSE,TRUE,FALSE,FALSE,FALSE,FALSE
4113,F,NDE,United States,NDE,english,6,2009-09-12T00:00:00.000Z,1982-08-18T00:00:00.000Z,6849,FALSE,FALSE,FALSE,TRUE,FALSE,FALSE,FALSE,FALSE
4117,M,NDE,Italy,NDE,italian,12,2009-09-19T00:00:00.000Z,1993-07-09T00:00:00.000Z,6351,FALSE,FALSE,FALSE,TRUE,FALSE,FALSE,FALSE,FALSE
4118,F,Possible NDE,United States,Possible NDE,english,20,2009-09-19T00:00:00.000Z,2007-01-01T00:00:00.000Z,8522,FALSE,FALSE,FALSE,TRUE,FALSE,FALSE,FALSE,FALSE
4121,F,NDE,Canada,NDE,english,11,2009-09-19T00:00:00.000Z,2009-01-28T00:00:00.000Z,5610,TRUE,FALSE,FALSE,TRUE,FALSE,FALSE,FALSE,FALSE
4122,F,Probable NDE,England,Probable NDE,english,9,2009-09-27T00:00:00.000Z,2007-10-07T00:00:00.000Z,4264,TRUE,FALSE,FALSE,TRUE,FALSE,FALSE,FALSE,FALSE
4123,F,NDE,United States,NDE,english,9,2009-09-27T00:00:00.000Z,1967-06-18T00:00:00.000Z,2978,TRUE,FALSE,FALSE,TRUE,TRUE,FALSE,FALSE,FALSE
4127,M,NDE,Iraq,NDE,english,11,2009-09-27T00:00:00.000Z,2008-11-11T00:00:00.000Z,5161,TRUE,FALSE,FALSE,TRUE,FALSE,FALSE,FALSE,FALSE
4129,M,NDE,England,NDE,english,17,2009-09-27T00:00:00.000Z,2009-01-01T00:00:00.000Z,1921,TRUE,FALSE,FALSE,TRUE,TRUE,FALSE,FALSE,FALSE
4130,F,NDE,United States,NDE,english,8,2009-10-03T00:00:00.000Z,1962-10-18T00:00:00.000Z,3992,TRUE,FALSE,FALSE,TRUE,FALSE,FALSE,FALSE,FALSE
4131,F,NDE,Russia,NDE,russian,4,2009-10-03T00:00:00.000Z,1998-07-18T00:00:00.000Z,4524,FALSE,FALSE,FALSE,FALSE,FALSE,FALSE,FALSE,FALSE
4132,F,NDE,United States,NDE,english,12,2009-10-03T00:00:00.000Z,2003-04-18T00:00:00.000Z,6029,TRUE,FALSE,FALSE,TRUE,TRUE,FALSE,FALSE,FALSE
4133,M,NDE,Colombia,NDE,spanish,13,2009-10-03T00:00:00.000Z,1997-01-01T00:00:00.000Z,51310,TRUE,FALSE,FALSE,TRUE,FALSE,FALSE,TRUE,FALSE
4139,F,NDE,Japan,NDE,english,21,2009-10-03T00:00:00.000Z,1971-01-01T00:00:00.000Z,10738,TRUE,TRUE,FALSE,TRUE,FALSE,FALSE,TRUE,FALSE
4140,M,NDE,United States,NDE,english,8,2009-10-03T00:00:00.000Z,1985-08-18T00:00:00.000Z,4140,TRUE,FALSE,FALSE,TRUE,FALSE,FALSE,FALSE,FALSE
4141,M,FDE,Vietnam,FDE,english,8,2009-10-10T00:00:00.000Z,1968-06-18T00:00:00.000Z,4607,TRUE,FALSE,FALSE,TRUE,FALSE,FALSE,FALSE,FALSE
4142,F,NDE,United States,NDE,english,5,2009-10-10T00:00:00.000Z,1993-01-01T00:00:00.000Z,4108,TRUE,FALSE,FALSE,TRUE,FALSE,FALSE,FALSE,FALSE
4143,M,NDE,Canada,NDE,english,2,2009-10-10T00:00:00.000Z,1986-01-18T00:00:00.000Z,3165,FALSE,FALSE,FALSE,TRUE,FALSE,FALSE,FALSE,FALSE
4144,M,NDE,United States,NDE,english,15,2009-10-10T00:00:00.000Z,2008-09-18T00:00:00.000Z,5380,FALSE,FALSE,FALSE,FALSE,FALSE,FALSE,FALSE,FALSE
4145,F,Probable NDE,United States,Probable NDE,english,10,2009-10-10T00:00:00.000Z,2002-01-01T00:00:00.000Z,4390,FALSE,TRUE,FALSE,TRUE,FALSE,FALSE,FALSE,FALSE
4146,F,Probable NDE,United States,Probable NDE,english,8,2009-10-24T00:00:00.000Z,1967-07-15T00:00:00.000Z,4328,TRUE,FALSE,FALSE,TRUE,FALSE,FALSE,FALSE,FALSE
4148,F,NDE,Mexico,NDE,spanish,12,2009-10-24T00:00:00.000Z,1976-01-01T00:00:00.000Z,7150,TRUE,FALSE,FALSE,TRUE,FALSE,FALSE,FALSE,FALSE
4151,M,Possible NDE,United States,Possible NDE,english,2,2009-10-24T00:00:00.000Z,1981-01-01T00:00:00.000Z,2686,TRUE,FALSE,FALSE,TRUE,TRUE,FALSE,FALSE,FALSE
4153,F,NDE,United States,NDE,english,3,2009-10-24T00:00:00.000Z,2007-05-18T00:00:00.000Z,3400,FALSE,FALSE,FALSE,TRUE,FALSE,FALSE,FALSE,FALSE
4155,F,NDE,United States,NDE,english,9,2009-10-24T00:00:00.000Z,1991-01-01T00:00:00.000Z,5798,TRUE,FALSE,FALSE,FALSE,FALSE,FALSE,FALSE,FALSE
4156,F,NDE,Canada,NDE,english,17,2009-10-24T00:00:00.000Z,2008-10-22T00:00:00.000Z,3954,FALSE,FALSE,FALSE,TRUE,FALSE,FALSE,FALSE,FALSE
4157,F,Possible NDE,Australia,Possible NDE,english,19,2009-10-24T00:00:00.000Z,1988-01-18T00:00:00.000Z,9869,FALSE,TRUE,FALSE,FALSE,FALSE,FALSE,FALSE,FALSE
4158,F,NDE,United States,NDE,english,16,2009-10-24T00:00:00.000Z,1995-01-01T00:00:00.000Z,15442,FALSE,FALSE,FALSE,TRUE,FALSE,FALSE,FALSE,FALSE
4160,F,NDE,United States,NDE,english,13,2009-10-24T00:00:00.000Z,1960-01-18T00:00:00.000Z,5923,TRUE,TRUE,FALSE,TRUE,TRUE,FALSE,FALSE,FALSE
4161,M,NDE,United States,NDE,english,10,2009-10-24T00:00:00.000Z,1973-06-24T00:00:00.000Z,11077,TRUE,FALSE,FALSE,FALSE,TRUE,FALSE,FALSE,FALSE
4162,F,NDE,Philippines,NDE,english,8,2009-10-24T00:00:00.000Z,NA,3748,FALSE,FALSE,FALSE,TRUE,FALSE,FALSE,FALSE,FALSE
4163,M,NDE,United States,NDE,english,0,2009-10-24T00:00:00.000Z,1982-09-09T00:00:00.000Z,3160,TRUE,FALSE,FALSE,TRUE,TRUE,FALSE,FALSE,FALSE
4167,F,NDE,United States,NDE,english,10,2009-10-24T00:00:00.000Z,1964-03-23T00:00:00.000Z,12697,FALSE,FALSE,FALSE,TRUE,FALSE,FALSE,FALSE,FALSE
4168,F,NDE,Ukraine,NDE,russian,7,2009-10-24T00:00:00.000Z,1982-01-01T00:00:00.000Z,13090,TRUE,FALSE,FALSE,TRUE,TRUE,FALSE,FALSE,FALSE
4169,M,NDE,United States,NDE,english,14,2009-10-24T00:00:00.000Z,NA,10264,FALSE,FALSE,FALSE,TRUE,FALSE,FALSE,FALSE,FALSE
4170,M,NDE,Spain,NDE,spanish,4,2009-11-01T00:00:00.000Z,1984-01-01T00:00:00.000Z,4742,FALSE,FALSE,FALSE,TRUE,FALSE,FALSE,FALSE,FALSE
4173,M,NDE,United States,NDE,english,12,2009-11-01T00:00:00.000Z,1977-07-26T00:00:00.000Z,9321,FALSE,FALSE,FALSE,TRUE,FALSE,FALSE,FALSE,FALSE
4174,F,NDE,United States,NDE,english,17,2009-11-01T00:00:00.000Z,1990-01-18T00:00:00.000Z,5231,FALSE,FALSE,FALSE,TRUE,FALSE,FALSE,FALSE,FALSE
4175,M,NDE,United States,NDE,english,21,2009-11-01T00:00:00.000Z,1973-11-18T00:00:00.000Z,4970,TRUE,FALSE,FALSE,TRUE,FALSE,FALSE,FALSE,FALSE
4176,F,NDE,United States,Shared NDE,english,13,2009-11-01T00:00:00.000Z,1995-10-29T00:00:00.000Z,14955,TRUE,FALSE,FALSE,TRUE,FALSE,FALSE,FALSE,FALSE
4177,F,NDE,United States,NDE,english,8,2009-11-01T00:00:00.000Z,1957-08-18T00:00:00.000Z,15094,TRUE,FALSE,FALSE,TRUE,FALSE,FALSE,FALSE,FALSE
4179,M,NDE,United States,NDE,english,17,2009-11-07T00:00:00.000Z,2004-01-18T00:00:00.000Z,2545,FALSE,TRUE,FALSE,TRUE,FALSE,FALSE,FALSE,FALSE
4180,F,NDE,U.K,NDE,english,15,2009-11-07T00:00:00.000Z,1994-01-18T00:00:00.000Z,3101,FALSE,TRUE,FALSE,TRUE,FALSE,FALSE,FALSE,FALSE
4181,F,NDE,France,NDE,french,7,2009-11-07T00:00:00.000Z,1992-01-18T00:00:00.000Z,2889,FALSE,FALSE,FALSE,TRUE,FALSE,FALSE,FALSE,FALSE
4182,M,Possible NDE,Canada,Possible NDE,french,11,2009-11-07T00:00:00.000Z,2009-01-01T00:00:00.000Z,3048,TRUE,FALSE,FALSE,TRUE,FALSE,FALSE,FALSE,FALSE
4183,F,NDE,United States,NDE,english,10,2009-11-07T00:00:00.000Z,1966-06-18T00:00:00.000Z,9049,FALSE,FALSE,FALSE,TRUE,FALSE,FALSE,FALSE,FALSE
4184,M,NDE,United States,NDE,english,14,2009-11-07T00:00:00.000Z,2005-02-05T00:00:00.000Z,6178,TRUE,FALSE,FALSE,TRUE,FALSE,FALSE,FALSE,FALSE
4186,F,NDE,United States,NDE,english,11,NA,1965-07-05T00:00:00.000Z,9529,TRUE,FALSE,FALSE,TRUE,TRUE,FALSE,FALSE,FALSE
4187,M,NDE,United States,NDE,english,15,2009-11-14T00:00:00.000Z,2002-08-08T00:00:00.000Z,4217,TRUE,FALSE,FALSE,TRUE,FALSE,FALSE,FALSE,FALSE
4194,F,Probable NDE,United States,Probable NDE,english,19,2009-11-14T00:00:00.000Z,1985-01-18T00:00:00.000Z,6432,FALSE,TRUE,FALSE,TRUE,FALSE,FALSE,FALSE,FALSE
4197,M,NDE,Sweden,NDE,swedish,10,2009-11-14T00:00:00.000Z,1964-10-29T00:00:00.000Z,3910,FALSE,FALSE,FALSE,TRUE,FALSE,FALSE,FALSE,FALSE
4198,F,NDE,United States,NDE,english,9,2009-11-14T00:00:00.000Z,NA,6151,FALSE,FALSE,FALSE,TRUE,FALSE,FALSE,FALSE,FALSE
4202,F,FDE,N,FDE,english,16,2009-11-21T00:00:00.000Z,1997-01-18T00:00:00.000Z,5558,TRUE,FALSE,FALSE,TRUE,FALSE,FALSE,FALSE,FALSE
4203,M,NDE,United States,NDE,english,0,2009-11-21T00:00:00.000Z,1985-01-18T00:00:00.000Z,4432,TRUE,FALSE,FALSE,TRUE,TRUE,FALSE,FALSE,FALSE
4206,F,NDE,Canada,NDE,french,12,2009-11-21T00:00:00.000Z,1972-01-01T00:00:00.000Z,5054,FALSE,FALSE,FALSE,TRUE,FALSE,FALSE,FALSE,FALSE
4210,F,NDE,United States,NDE,english,19,2009-12-05T00:00:00.000Z,1997-01-18T00:00:00.000Z,9547,TRUE,TRUE,FALSE,TRUE,FALSE,FALSE,FALSE,FALSE
4212,M,NDE,United States,NDE,english,12,2009-12-05T00:00:00.000Z,2003-03-21T00:00:00.000Z,4830,TRUE,FALSE,FALSE,TRUE,FALSE,FALSE,FALSE,FALSE
4214,M,Probable NDE,United States,Probable NDE,english,11,2009-12-05T00:00:00.000Z,1977-05-18T00:00:00.000Z,4589,FALSE,FALSE,FALSE,TRUE,FALSE,FALSE,FALSE,FALSE
4215,M,NDE,France,NDE,french,8,2009-12-05T00:00:00.000Z,1979-01-01T00:00:00.000Z,6615,TRUE,FALSE,FALSE,TRUE,FALSE,FALSE,FALSE,FALSE
4216,F,Probable NDE,United States,Probable NDE,english,11,2009-12-05T00:00:00.000Z,2008-01-01T00:00:00.000Z,3596,FALSE,FALSE,FALSE,TRUE,FALSE,FALSE,FALSE,FALSE
4217,M,NDE,United States,NDE,english,8,2009-12-05T00:00:00.000Z,2003-10-16T00:00:00.000Z,8656,FALSE,FALSE,FALSE,TRUE,FALSE,FALSE,FALSE,FALSE
4218,F,NDE,United States,NDE,english,18,2009-12-12T00:00:00.000Z,2003-05-12T00:00:00.000Z,3478,TRUE,FALSE,FALSE,TRUE,FALSE,FALSE,FALSE,FALSE
4221,M,FDE,Sweden,FDE,swedish,8,2009-12-12T00:00:00.000Z,1946-01-01T00:00:00.000Z,3800,TRUE,FALSE,FALSE,TRUE,FALSE,FALSE,FALSE,FALSE
4223,F,Probable NDE,Maryland,Probable NDE,english,16,2009-12-12T00:00:00.000Z,1972-01-01T00:00:00.000Z,7420,FALSE,FALSE,TRUE,TRUE,FALSE,FALSE,FALSE,FALSE
4224,F,NDE,United States,NDE,english,6,2009-12-12T00:00:00.000Z,NA,3541,FALSE,FALSE,FALSE,TRUE,FALSE,FALSE,FALSE,FALSE
4226,M,Probable NDE,United States,Probable NDE,english,5,2009-12-12T00:00:00.000Z,2008-01-18T00:00:00.000Z,2916,FALSE,FALSE,FALSE,TRUE,FALSE,TRUE,FALSE,FALSE
4227,M,FDE,United States,FDE,english,19,2009-12-12T00:00:00.000Z,1989-10-19T00:00:00.000Z,12244,FALSE,FALSE,FALSE,TRUE,FALSE,FALSE,FALSE,FALSE
4228,M,Possible NDE,United States,Possible NDE,english,13,2009-12-19T00:00:00.000Z,2009-11-05T20:09:00.000Z,4710,TRUE,FALSE,TRUE,TRUE,FALSE,FALSE,TRUE,FALSE
4229,M,NDE,Turkey,NDE,turkish,1,2009-12-19T00:00:00.000Z,2009-06-06T00:00:00.000Z,3121,TRUE,FALSE,FALSE,TRUE,FALSE,FALSE,FALSE,FALSE
4230,F,NDE,United States,NDE,english,5,2009-12-19T00:00:00.000Z,2001-01-01T00:00:00.000Z,3187,TRUE,FALSE,FALSE,TRUE,FALSE,FALSE,FALSE,FALSE
4231,F,Probable NDE,United States,Probable NDE,english,12,2009-12-19T00:00:00.000Z,2005-12-08T00:00:00.000Z,4522,FALSE,FALSE,FALSE,TRUE,FALSE,FALSE,FALSE,FALSE
4233,F,NDE,United Kingdom,NDE,english,11,2009-12-19T00:00:00.000Z,1976-01-22T00:00:00.000Z,9605,TRUE,FALSE,FALSE,TRUE,FALSE,FALSE,FALSE,FALSE
4235,F,NDE,United States,NDE,english,14,2009-12-19T00:00:00.000Z,2001-02-18T00:00:00.000Z,6618,TRUE,FALSE,FALSE,TRUE,FALSE,FALSE,FALSE,FALSE
4236,F,NDE,United States,NDE,english,17,2009-12-19T00:00:00.000Z,1967-01-18T00:00:00.000Z,7855,TRUE,FALSE,FALSE,TRUE,FALSE,FALSE,FALSE,FALSE
4237,M,NDE,India,NDE,english,19,2009-12-31T00:00:00.000Z,1969-12-18T00:00:00.000Z,2748,TRUE,FALSE,FALSE,TRUE,FALSE,FALSE,FALSE,FALSE
4238,F,Probable NDE,United States,Probable NDE,english,9,2009-12-31T00:00:00.000Z,2009-12-22T00:00:00.000Z,7867,TRUE,FALSE,FALSE,TRUE,FALSE,FALSE,FALSE,FALSE
4239,M,NDE,United States,NDE,english,18,2009-12-31T00:00:00.000Z,1961-01-18T00:00:00.000Z,7846,TRUE,TRUE,FALSE,TRUE,FALSE,TRUE,FALSE,TRUE
4240,M,NDE,United States,NDE,english,16,2009-12-31T00:00:00.000Z,2006-03-18T00:00:00.000Z,3112,TRUE,FALSE,FALSE,TRUE,FALSE,FALSE,FALSE,FALSE
4241,F,NDE,Australia,NDE,english,11,2009-12-31T00:00:00.000Z,1984-05-06T00:00:00.000Z,4993,FALSE,FALSE,FALSE,TRUE,FALSE,FALSE,FALSE,FALSE
4242,F,NDE,United States,NDE,english,18,2009-12-31T00:00:00.000Z,2009-12-17T00:00:00.000Z,3472,TRUE,FALSE,FALSE,TRUE,FALSE,FALSE,FALSE,FALSE
4244,F,NDE,Argentina,NDE,spanish,11,2009-12-31T00:00:00.000Z,1992-01-18T00:00:00.000Z,6297,FALSE,FALSE,FALSE,FALSE,FALSE,FALSE,FALSE,FALSE
4245,M,NDE,United States,NDE,english,16,2009-12-31T00:00:00.000Z,1969-12-09T00:00:00.000Z,3710,FALSE,TRUE,FALSE,TRUE,FALSE,FALSE,FALSE,FALSE
4247,M,NDE,Scotland,NDE,english,13,2009-12-31T00:00:00.000Z,2002-01-18T00:00:00.000Z,6664,FALSE,FALSE,FALSE,TRUE,FALSE,FALSE,FALSE,FALSE
4248,F,NDE,United States,NDE,english,17,2009-12-31T00:00:00.000Z,1975-08-18T00:00:00.000Z,8954,TRUE,FALSE,FALSE,TRUE,FALSE,FALSE,FALSE,FALSE
4251,F,NDE,Mexico,NDE,spanish,21,2009-12-31T00:00:00.000Z,1985-01-01T00:00:00.000Z,18001,TRUE,TRUE,FALSE,TRUE,TRUE,TRUE,FALSE,FALSE
4253,F,NDE,United States,NDE,english,14,2010-01-09T00:00:00.000Z,NA,5224,TRUE,TRUE,FALSE,TRUE,FALSE,FALSE,FALSE,FALSE
4254,F,NDE,United Kingdom,NDE,english,10,2010-01-09T00:00:00.000Z,2008-02-06T00:00:00.000Z,9468,TRUE,FALSE,FALSE,TRUE,TRUE,FALSE,FALSE,FALSE
4255,M,NDE,France,NDE,french,3,2010-01-09T00:00:00.000Z,2003-06-19T00:00:00.000Z,5559,FALSE,FALSE,FALSE,FALSE,FALSE,FALSE,FALSE,FALSE
4256,F,FDE,U,FDE,english,9,2010-01-09T00:00:00.000Z,2009-11-18T00:00:00.000Z,2740,FALSE,FALSE,FALSE,FALSE,FALSE,FALSE,FALSE,FALSE
4259,M,NDE,United States,NDE,english,7,2010-01-09T00:00:00.000Z,1961-10-14T00:00:00.000Z,2833,TRUE,FALSE,FALSE,TRUE,TRUE,FALSE,FALSE,FALSE
4261,F,NDE,England,NDE,english,7,2010-01-16T00:00:00.000Z,2002-09-23T00:00:00.000Z,8859,FALSE,TRUE,FALSE,TRUE,FALSE,FALSE,FALSE,FALSE
4262,F,NDE,United States,NDE,english,9,2010-01-16T00:00:00.000Z,2005-12-09T00:00:00.000Z,5336,FALSE,FALSE,FALSE,TRUE,FALSE,FALSE,FALSE,FALSE
4263,M,NDE-Like,U,NDE-Like,english,14,2010-01-16T00:00:00.000Z,2004-03-18T00:00:00.000Z,8954,TRUE,FALSE,FALSE,TRUE,FALSE,FALSE,FALSE,FALSE
4266,F,NDE,United States,NDE,english,2,2010-01-16T00:00:00.000Z,1988-04-18T00:00:00.000Z,3943,TRUE,FALSE,FALSE,TRUE,FALSE,FALSE,FALSE,FALSE
4267,F,NDE,United States,NDE,english,5,2010-01-16T00:00:00.000Z,2010-01-12T00:00:00.000Z,4540,FALSE,FALSE,FALSE,TRUE,FALSE,FALSE,FALSE,FALSE
4268,F,NDE,Mexico,NDE,spanish,2,2010-01-16T00:00:00.000Z,2004-03-18T00:00:00.000Z,3374,FALSE,FALSE,FALSE,TRUE,FALSE,FALSE,FALSE,FALSE
4269,M,NDE,Canada,Shared NDE,english,11,2010-01-16T00:00:00.000Z,1984-12-20T00:00:00.000Z,6736,TRUE,FALSE,FALSE,TRUE,TRUE,FALSE,FALSE,FALSE
4270,M,NDE,United States,NDE,english,18,2010-01-16T00:00:00.000Z,1979-09-18T00:00:00.000Z,10823,FALSE,TRUE,FALSE,TRUE,FALSE,FALSE,FALSE,FALSE
4271,M,NDE,Mexico,NDE,spanish,12,2010-01-22T00:00:00.000Z,2010-01-01T00:00:00.000Z,4116,TRUE,FALSE,FALSE,TRUE,FALSE,FALSE,FALSE,FALSE
4272,M,NDE,United States,NDE,english,12,2010-01-22T00:00:00.000Z,2009-06-13T00:00:00.000Z,3221,FALSE,FALSE,FALSE,TRUE,FALSE,FALSE,FALSE,FALSE
4275,F,NDE,United States,NDE,english,11,2010-01-22T00:00:00.000Z,1968-01-01T00:00:00.000Z,2760,FALSE,FALSE,FALSE,TRUE,FALSE,FALSE,FALSE,FALSE
4276,M,NDE,United States,NDE,english,20,2010-01-22T00:00:00.000Z,1971-01-01T00:00:00.000Z,1838,TRUE,FALSE,FALSE,TRUE,TRUE,FALSE,FALSE,FALSE
4277,F,NDE,United States,NDE,english,21,2010-01-22T00:00:00.000Z,1956-01-18T00:00:00.000Z,5582,TRUE,FALSE,FALSE,TRUE,TRUE,FALSE,FALSE,FALSE
4278,F,NDE,United States,NDE,english,19,2010-01-22T00:00:00.000Z,1999-11-28T00:00:00.000Z,5467,FALSE,FALSE,FALSE,TRUE,FALSE,FALSE,FALSE,FALSE
4279,F,NDE,United States,NDE,english,13,2010-01-22T00:00:00.000Z,1957-01-01T00:00:00.000Z,4396,TRUE,FALSE,FALSE,FALSE,FALSE,FALSE,FALSE,FALSE
4280,F,NDE,United States,NDE,english,14,2010-01-22T00:00:00.000Z,1969-01-18T00:00:00.000Z,7522,FALSE,TRUE,FALSE,TRUE,FALSE,FALSE,FALSE,FALSE
4281,F,NDE,United States,NDE,english,17,2010-01-22T00:00:00.000Z,2008-11-18T00:00:00.000Z,15055,FALSE,TRUE,FALSE,TRUE,FALSE,FALSE,FALSE,FALSE
4282,M,NDE,United States,NDE,english,7,2010-01-22T00:00:00.000Z,1965-12-18T00:00:00.000Z,5535,TRUE,FALSE,FALSE,TRUE,TRUE,FALSE,FALSE,FALSE
4284,M,NDE,Vietnam,NDE,english,13,2010-01-22T00:00:00.000Z,1970-01-18T00:00:00.000Z,2285,TRUE,FALSE,FALSE,TRUE,FALSE,FALSE,FALSE,FALSE
4285,F,NDE,Hungary,NDE,english,21,NA,NA,26591,FALSE,FALSE,FALSE,FALSE,FALSE,FALSE,FALSE,FALSE
4287,F,NDE,United States,NDE,english,9,2010-01-22T00:00:00.000Z,2004-04-18T00:00:00.000Z,4759,FALSE,TRUE,FALSE,TRUE,FALSE,FALSE,FALSE,FALSE
4289,F,NDE,United States,NDE,english,7,2010-01-22T00:00:00.000Z,1960-01-18T00:00:00.000Z,5807,TRUE,FALSE,FALSE,TRUE,FALSE,FALSE,FALSE,FALSE
4290,F,ADC,United States,Shared Death Experience,english,22,2010-01-22T00:00:00.000Z,1990-01-18T00:00:00.000Z,8837,TRUE,TRUE,FALSE,TRUE,FALSE,FALSE,FALSE,FALSE
4293,F,Probable NDE,United States,Probable NDE,english,9,2010-01-22T00:00:00.000Z,2008-04-28T00:00:00.000Z,3988,FALSE,FALSE,FALSE,TRUE,FALSE,FALSE,FALSE,FALSE
4295,M,NDE,France,NDE,french,8,2010-01-22T00:00:00.000Z,2008-12-19T00:00:00.000Z,4471,TRUE,TRUE,FALSE,TRUE,FALSE,FALSE,FALSE,FALSE
4297,F,NDE,United States,NDE,english,11,2010-01-22T00:00:00.000Z,1990-07-18T00:00:00.000Z,7821,FALSE,FALSE,FALSE,TRUE,FALSE,FALSE,FALSE,FALSE
4299,F,NDE,United States,NDE,english,17,2010-01-22T00:00:00.000Z,1947-01-18T00:00:00.000Z,9870,TRUE,TRUE,FALSE,TRUE,FALSE,FALSE,FALSE,FALSE
4300,F,Probable NDE,United States,Probable NDE,english,10,2010-01-22T00:00:00.000Z,1988-01-18T00:00:00.000Z,5550,FALSE,FALSE,FALSE,TRUE,FALSE,FALSE,FALSE,FALSE
4301,F,Possible NDE,Argentina,Possible NDE,spanish,14,2010-01-22T00:00:00.000Z,1975-01-18T00:00:00.000Z,2390,FALSE,FALSE,FALSE,TRUE,FALSE,FALSE,FALSE,FALSE
4303,M,NDE,United States,NDE,english,0,2010-01-22T00:00:00.000Z,1974-04-18T00:00:00.000Z,3842,TRUE,FALSE,FALSE,FALSE,FALSE,FALSE,FALSE,FALSE
4304,M,NDE,United States,NDE,english,9,2010-01-22T00:00:00.000Z,1963-01-18T00:00:00.000Z,2678,TRUE,FALSE,FALSE,TRUE,TRUE,FALSE,FALSE,FALSE
4305,M,NDE,Croatia,NDE,english,14,2010-01-22T00:00:00.000Z,2010-01-17T00:00:00.000Z,3737,TRUE,TRUE,FALSE,TRUE,FALSE,FALSE,FALSE,FALSE
4306,F,NDE,United States,NDE,english,9,2010-01-22T00:00:00.000Z,1951-06-18T00:00:00.000Z,3598,TRUE,FALSE,FALSE,TRUE,TRUE,FALSE,FALSE,FALSE
4307,F,NDE,United States,NDE,english,13,2010-01-22T00:00:00.000Z,1991-01-18T00:00:00.000Z,7348,FALSE,FALSE,FALSE,TRUE,FALSE,FALSE,FALSE,FALSE
4308,M,Possible NDE,United States,Possible NDE,english,20,2010-01-22T00:00:00.000Z,2009-04-19T00:00:00.000Z,8508,FALSE,TRUE,TRUE,TRUE,FALSE,FALSE,FALSE,TRUE
4310,F,NDE,United States,NDE,english,5,2010-01-22T00:00:00.000Z,1963-01-18T00:00:00.000Z,5020,TRUE,FALSE,FALSE,TRUE,FALSE,FALSE,FALSE,FALSE
4312,M,NDE,India,NDE,english,4,2010-01-28T00:00:00.000Z,2004-11-20T00:00:00.000Z,4880,TRUE,FALSE,FALSE,TRUE,FALSE,FALSE,FALSE,FALSE
4313,M,NDE,India,NDE,english,12,2010-01-28T00:00:00.000Z,2003-02-04T00:00:00.000Z,2586,FALSE,FALSE,FALSE,TRUE,FALSE,FALSE,FALSE,FALSE
4314,F,NDE,United States,NDE,english,16,2010-01-28T00:00:00.000Z,1993-01-01T00:00:00.000Z,11573,FALSE,FALSE,FALSE,TRUE,TRUE,FALSE,FALSE,FALSE
4319,F,FDE,United States,FDE,english,11,NA,NA,12224,FALSE,TRUE,FALSE,FALSE,FALSE,FALSE,FALSE,FALSE
4321,M,NDE,Denmark,NDE,english,15,2010-01-28T00:00:00.000Z,1960-01-01T00:00:00.000Z,3435,TRUE,FALSE,FALSE,TRUE,FALSE,FALSE,FALSE,FALSE
4322,M,NDE,United States,NDE,english,19,2010-01-28T00:00:00.000Z,1977-12-18T00:00:00.000Z,8975,TRUE,FALSE,TRUE,TRUE,TRUE,FALSE,FALSE,FALSE
4323,M,NDE,United States,NDE,english,4,2010-01-28T00:00:00.000Z,1969-01-01T00:00:00.000Z,2409,TRUE,FALSE,FALSE,TRUE,FALSE,FALSE,FALSE,FALSE
4324,F,NDE,United States,NDE,english,7,2010-01-28T00:00:00.000Z,1997-01-18T00:00:00.000Z,3001,FALSE,FALSE,FALSE,TRUE,FALSE,FALSE,FALSE,FALSE
4329,M,NDE,United States,NDE,english,3,2010-01-28T00:00:00.000Z,1985-10-18T00:00:00.000Z,2205,TRUE,FALSE,FALSE,TRUE,TRUE,FALSE,FALSE,FALSE
4330,M,NDE,Canada,NDE,english,10,2010-01-28T00:00:00.000Z,2010-01-25T00:00:00.000Z,3007,FALSE,FALSE,FALSE,FALSE,FALSE,FALSE,FALSE,FALSE
4331,M,NDE,England,NDE,english,13,2010-01-28T00:00:00.000Z,1971-12-24T00:00:00.000Z,9178,TRUE,FALSE,FALSE,FALSE,FALSE,FALSE,FALSE,FALSE
4332,M,NDE,Vietnam,NDE,english,11,2010-01-28T00:00:00.000Z,1966-01-18T00:00:00.000Z,7460,TRUE,FALSE,FALSE,TRUE,FALSE,FALSE,FALSE,FALSE
4333,M,NDE,United States,NDE,english,6,2010-01-28T00:00:00.000Z,2007-05-18T00:00:00.000Z,4445,FALSE,FALSE,FALSE,TRUE,FALSE,FALSE,FALSE,FALSE
4335,F,NDE,United States,Second-hand NDE,english,9,2010-01-28T00:00:00.000Z,2008-01-01T00:00:00.000Z,3061,TRUE,FALSE,FALSE,TRUE,TRUE,FALSE,FALSE,FALSE
4337,M,NDE,England,NDE,english,13,2010-01-28T00:00:00.000Z,1972-01-18T00:00:00.000Z,6496,TRUE,FALSE,FALSE,TRUE,FALSE,FALSE,FALSE,FALSE
4338,M,NDE,United States,NDE,english,12,2010-01-28T00:00:00.000Z,2008-07-04T00:00:00.000Z,2787,FALSE,FALSE,FALSE,TRUE,FALSE,FALSE,FALSE,FALSE
4340,M,NDE,United States,NDE,english,17,2010-01-28T00:00:00.000Z,NA,5692,TRUE,FALSE,FALSE,TRUE,FALSE,FALSE,FALSE,FALSE
4346,F,NDE,Wenatchee,NDE,english,10,2010-01-28T00:00:00.000Z,1978-01-18T00:00:00.000Z,2054,FALSE,FALSE,FALSE,FALSE,FALSE,FALSE,FALSE,FALSE
4349,M,NDE,United States,NDE,english,17,2010-01-28T00:00:00.000Z,2007-10-22T00:00:00.000Z,8283,FALSE,TRUE,FALSE,TRUE,FALSE,FALSE,FALSE,FALSE
4350,F,NDE,United States,NDE,english,10,2010-01-28T00:00:00.000Z,1972-01-01T00:00:00.000Z,5501,FALSE,FALSE,FALSE,TRUE,FALSE,FALSE,FALSE,FALSE
4351,M,Probable NDE,United States,Probable NDE,english,22,2010-01-28T00:00:00.000Z,1965-01-18T00:00:00.000Z,3820,TRUE,TRUE,FALSE,TRUE,FALSE,FALSE,FALSE,FALSE
4352,M,NDE,United States,NDE,english,17,2010-01-28T00:00:00.000Z,1961-05-23T00:00:00.000Z,5146,TRUE,FALSE,FALSE,TRUE,FALSE,FALSE,FALSE,FALSE
4353,F,FDE,United States,Probable FDE,english,14,2010-01-28T00:00:00.000Z,2003-06-18T00:00:00.000Z,5167,FALSE,FALSE,FALSE,TRUE,FALSE,FALSE,FALSE,FALSE
4356,M,NDE,United States,NDE,english,6,2010-01-28T00:00:00.000Z,1969-01-18T00:00:00.000Z,4327,TRUE,FALSE,FALSE,FALSE,FALSE,FALSE,FALSE,FALSE
4358,M,Probable NDE,United States,Probable NDE,english,20,2010-01-28T00:00:00.000Z,2004-04-14T00:00:00.000Z,6393,TRUE,FALSE,FALSE,TRUE,FALSE,FALSE,FALSE,FALSE
4360,M,Possible NDE,United States,Possible NDE,english,15,2010-01-28T00:00:00.000Z,2000-06-18T00:00:00.000Z,6344,FALSE,TRUE,FALSE,TRUE,FALSE,FALSE,FALSE,FALSE
4362,M,NDE,United States,NDE,english,12,2010-01-28T00:00:00.000Z,2002-02-06T00:00:00.000Z,6543,FALSE,FALSE,FALSE,TRUE,FALSE,FALSE,FALSE,FALSE
4363,M,NDE,United States,NDE,english,13,2010-01-28T00:00:00.000Z,2007-04-18T00:00:00.000Z,2431,FALSE,FALSE,FALSE,TRUE,FALSE,FALSE,FALSE,FALSE
4365,F,NDE,United States,NDE,english,9,2010-01-28T00:00:00.000Z,1985-05-09T00:00:00.000Z,6427,FALSE,FALSE,FALSE,TRUE,FALSE,FALSE,FALSE,FALSE
4366,F,NDE,United States,NDE,english,21,NA,NA,8904,TRUE,FALSE,FALSE,TRUE,FALSE,FALSE,FALSE,FALSE
4369,M,NDE,United States,NDE,english,12,2010-01-28T00:00:00.000Z,1984-01-18T00:00:00.000Z,8278,TRUE,FALSE,FALSE,TRUE,FALSE,FALSE,FALSE,FALSE
4370,M,Probable NDE,United States,Probable NDE,english,10,2010-01-28T00:00:00.000Z,1977-05-18T00:00:00.000Z,6218,TRUE,FALSE,FALSE,TRUE,TRUE,FALSE,FALSE,FALSE
4371,M,NDE,United States,NDE,english,9,2010-01-28T00:00:00.000Z,1997-12-15T00:00:00.000Z,5935,FALSE,FALSE,TRUE,TRUE,FALSE,FALSE,FALSE,FALSE
4372,F,NDE,United States,NDE,english,17,2010-01-28T00:00:00.000Z,2005-09-11T11:00:00.000Z,7259,TRUE,FALSE,FALSE,TRUE,FALSE,FALSE,FALSE,FALSE
4374,F,Probable NDE,United States,Probable NDE,english,16,2010-01-28T00:00:00.000Z,NA,5168,TRUE,FALSE,FALSE,TRUE,TRUE,FALSE,FALSE,FALSE
4375,M,NDE,United States,NDE,english,18,2010-01-28T00:00:00.000Z,2009-01-22T00:00:00.000Z,5578,FALSE,FALSE,FALSE,TRUE,FALSE,FALSE,FALSE,FALSE
4376,F,NDE,United States,NDE,english,21,2010-01-28T00:00:00.000Z,1982-09-18T00:00:00.000Z,10496,TRUE,TRUE,FALSE,TRUE,TRUE,FALSE,FALSE,FALSE
4377,F,NDE,United States,NDE,english,4,2010-01-28T00:00:00.000Z,1999-09-18T00:00:00.000Z,3903,TRUE,FALSE,FALSE,TRUE,FALSE,FALSE,FALSE,FALSE
4379,M,NDE,United States,NDE,english,10,2010-01-28T00:00:00.000Z,1990-05-25T00:00:00.000Z,3880,FALSE,TRUE,FALSE,TRUE,FALSE,FALSE,FALSE,FALSE
4382,M,NDE,United States,NDE,english,0,2010-01-28T00:00:00.000Z,2003-04-20T00:00:00.000Z,2009,TRUE,FALSE,FALSE,TRUE,FALSE,FALSE,FALSE,FALSE
4383,M,NDE,United States,NDE,english,9,2010-01-28T00:00:00.000Z,2009-11-15T00:00:00.000Z,3312,TRUE,FALSE,FALSE,TRUE,FALSE,FALSE,FALSE,FALSE
4384,F,NDE,Canada,NDE,english,10,2010-01-28T00:00:00.000Z,1965-02-14T00:00:00.000Z,8003,TRUE,FALSE,FALSE,TRUE,FALSE,FALSE,FALSE,FALSE
4385,M,NDE,United States,NDE,english,19,2010-01-28T00:00:00.000Z,1997-05-12T00:00:00.000Z,10316,TRUE,FALSE,FALSE,TRUE,FALSE,FALSE,FALSE,FALSE
4386,F,NDE,Tennessee,NDE,english,18,2010-01-28T00:00:00.000Z,2000-01-18T00:00:00.000Z,4113,FALSE,FALSE,FALSE,TRUE,FALSE,FALSE,FALSE,FALSE
4387,M,NDE,United States,NDE,english,21,2010-01-28T00:00:00.000Z,1976-03-18T00:00:00.000Z,6242,TRUE,FALSE,FALSE,TRUE,FALSE,FALSE,FALSE,FALSE
4388,F,NDE,Canada,NDE,english,24,2010-01-28T00:00:00.000Z,2009-05-20T00:00:00.000Z,9357,TRUE,FALSE,TRUE,TRUE,FALSE,FALSE,FALSE,FALSE
4390,F,NDE,United States,NDE,english,15,2010-01-28T00:00:00.000Z,1972-01-01T00:00:00.000Z,8433,FALSE,FALSE,FALSE,TRUE,FALSE,FALSE,FALSE,FALSE
4391,F,Probable NDE,United States,Probable NDE,english,15,2010-01-28T00:00:00.000Z,1960-05-08T00:00:00.000Z,4647,TRUE,FALSE,TRUE,TRUE,FALSE,FALSE,FALSE,FALSE
4392,F,Possible NDE,United States,Possible NDE,english,4,2010-01-28T00:00:00.000Z,1959-01-01T00:00:00.000Z,7129,FALSE,FALSE,FALSE,FALSE,FALSE,FALSE,FALSE,FALSE
4393,M,Possible NDE,Australia,Possible NDE,english,4,2010-02-05T00:00:00.000Z,1980-01-07T00:00:00.000Z,1593,FALSE,FALSE,FALSE,TRUE,FALSE,FALSE,FALSE,FALSE
4394,F,NDE,Guatemala,NDE,english,15,2010-02-05T00:00:00.000Z,1982-09-18T00:00:00.000Z,4208,TRUE,FALSE,FALSE,TRUE,FALSE,FALSE,FALSE,FALSE
4396,F,NDE-Like,United States,NDE-Like Experience,english,8,2010-02-05T00:00:00.000Z,1981-01-01T00:00:00.000Z,9968,TRUE,FALSE,FALSE,TRUE,FALSE,FALSE,FALSE,FALSE
4397,F,NDE,United States,NDE,english,21,2010-02-05T00:00:00.000Z,1979-06-06T00:00:00.000Z,11680,TRUE,TRUE,FALSE,TRUE,FALSE,FALSE,FALSE,FALSE
4398,F,NDE,United States,NDE,english,7,2010-02-05T00:00:00.000Z,1967-11-18T00:00:00.000Z,9868,TRUE,FALSE,FALSE,TRUE,FALSE,FALSE,FALSE,FALSE
4399,M,Probable NDE,United States,Probable NDE,english,8,2010-02-05T00:00:00.000Z,2000-03-18T00:00:00.000Z,4885,FALSE,FALSE,TRUE,TRUE,FALSE,FALSE,FALSE,FALSE
4401,M,NDE,United States,NDE,english,12,2010-02-05T00:00:00.000Z,NA,10951,TRUE,FALSE,FALSE,TRUE,TRUE,FALSE,FALSE,FALSE
4402,F,Probable NDE,United States,Probable NDE,english,19,2010-02-05T00:00:00.000Z,2003-11-18T00:00:00.000Z,15101,FALSE,FALSE,FALSE,TRUE,FALSE,FALSE,FALSE,FALSE
4404,M,NDE,United States,NDE,english,3,2010-02-05T00:00:00.000Z,2006-09-25T00:00:00.000Z,11055,TRUE,FALSE,FALSE,TRUE,FALSE,FALSE,FALSE,FALSE
4406,F,NDE,United States,NDE,english,8,2022-04-20T00:00:00.000Z,2006-12-18T00:00:00.000Z,2694,FALSE,FALSE,FALSE,TRUE,FALSE,FALSE,FALSE,FALSE
4407,F,NDE,Belgium,NDE,french,11,2010-02-05T00:00:00.000Z,2009-01-01T00:00:00.000Z,8113,FALSE,FALSE,FALSE,TRUE,FALSE,FALSE,FALSE,FALSE
4410,M,NDE,United States,NDE,english,2,2010-02-05T00:00:00.000Z,1958-01-01T00:00:00.000Z,10724,FALSE,FALSE,FALSE,FALSE,FALSE,FALSE,FALSE,FALSE
4411,M,NDE,United States,NDE,english,5,2010-02-05T00:00:00.000Z,2009-07-15T00:00:00.000Z,2852,TRUE,FALSE,FALSE,TRUE,FALSE,FALSE,FALSE,FALSE
4413,M,Probable NDE,Canada,Probable NDE,french,11,2010-02-05T00:00:00.000Z,2004-01-01T00:00:00.000Z,3853,TRUE,FALSE,TRUE,TRUE,FALSE,FALSE,FALSE,FALSE
4414,M,Probable NDE,United States,NA,english,9,2010-02-05T00:00:00.000Z,2009-07-08T00:00:00.000Z,2388,TRUE,FALSE,FALSE,TRUE,FALSE,FALSE,FALSE,FALSE
4415,M,FDE,Canada,FDE,english,6,2010-02-05T00:00:00.000Z,1989-05-18T00:00:00.000Z,2568,FALSE,FALSE,FALSE,FALSE,FALSE,FALSE,FALSE,FALSE
4416,F,NDE,Australia,NDE,english,19,2010-02-05T00:00:00.000Z,1998-04-29T00:00:00.000Z,9004,TRUE,TRUE,FALSE,TRUE,FALSE,FALSE,FALSE,FALSE
4417,M,NDE,United States,NDE,english,20,2010-02-15T00:00:00.000Z,1978-06-18T00:00:00.000Z,7906,TRUE,FALSE,FALSE,TRUE,TRUE,FALSE,FALSE,FALSE
4418,M,Probable NDE,United States,Probable NDE,english,14,2010-02-15T00:00:00.000Z,1997-06-08T00:00:00.000Z,5237,FALSE,FALSE,FALSE,TRUE,FALSE,FALSE,FALSE,FALSE
4419,F,Probable NDE,United States,Probable NDE,english,14,2010-02-15T00:00:00.000Z,2008-07-18T00:00:00.000Z,2625,FALSE,TRUE,FALSE,FALSE,FALSE,FALSE,FALSE,FALSE
4422,M,NDE,United States,NDE,english,18,2010-02-15T00:00:00.000Z,1994-12-07T00:00:00.000Z,3068,FALSE,FALSE,FALSE,TRUE,FALSE,FALSE,FALSE,FALSE
4423,M,NDE,United States,NDE,english,3,2010-02-15T00:00:00.000Z,1979-01-18T00:00:00.000Z,3299,TRUE,FALSE,FALSE,TRUE,FALSE,FALSE,FALSE,FALSE
4424,M,NDE,United States,NDE,english,7,2010-02-15T00:00:00.000Z,1951-01-18T00:00:00.000Z,4998,TRUE,FALSE,FALSE,TRUE,FALSE,FALSE,FALSE,FALSE
4428,M,NDE,United States,NDE,english,4,2010-02-15T00:00:00.000Z,2006-06-18T00:00:00.000Z,4250,FALSE,FALSE,FALSE,TRUE,FALSE,FALSE,FALSE,FALSE
4429,M,NDE,United States,NDE,english,13,2010-02-15T00:00:00.000Z,1965-01-18T00:00:00.000Z,6712,FALSE,FALSE,FALSE,TRUE,FALSE,FALSE,FALSE,FALSE
4430,F,Probable NDE,United States,Probable NDE,english,5,2010-02-15T00:00:00.000Z,1978-01-18T00:00:00.000Z,4462,FALSE,FALSE,FALSE,TRUE,FALSE,FALSE,FALSE,FALSE
4435,M,NDE,United States,NDE,english,5,2010-02-15T00:00:00.000Z,1967-10-22T00:00:00.000Z,3887,TRUE,FALSE,FALSE,TRUE,FALSE,FALSE,FALSE,FALSE
4436,M,NDE,United States,NDE,english,4,2010-02-15T00:00:00.000Z,1990-12-10T00:00:00.000Z,2281,TRUE,FALSE,FALSE,TRUE,FALSE,FALSE,FALSE,FALSE
4438,F,FDE,U,FDE,english,11,2010-02-15T00:00:00.000Z,2004-04-23T00:00:00.000Z,8239,FALSE,TRUE,FALSE,TRUE,FALSE,FALSE,FALSE,FALSE
4440,M,NDE,Philippines,NDE,english,9,2010-02-15T00:00:00.000Z,1981-06-12T00:00:00.000Z,4628,TRUE,FALSE,FALSE,TRUE,FALSE,FALSE,FALSE,FALSE
4441,F,NDE,United States,NDE,english,17,2010-02-15T00:00:00.000Z,1977-04-06T00:00:00.000Z,6500,TRUE,FALSE,FALSE,TRUE,TRUE,FALSE,FALSE,FALSE
4442,F,NDE,United States,NDE,english,16,2010-02-15T00:00:00.000Z,1967-01-01T00:00:00.000Z,7325,FALSE,TRUE,FALSE,TRUE,FALSE,FALSE,FALSE,FALSE
4443,F,Probable NDE,United States,Probable NDE,english,7,2010-02-15T00:00:00.000Z,1954-01-18T00:00:00.000Z,4752,FALSE,FALSE,FALSE,TRUE,FALSE,FALSE,FALSE,FALSE
4445,M,NDE,United States,NDE,english,14,2010-02-15T00:00:00.000Z,1977-01-18T00:00:00.000Z,2326,TRUE,FALSE,FALSE,TRUE,TRUE,FALSE,FALSE,FALSE
4446,M,NDE,United States,NDE,english,14,2010-02-15T00:00:00.000Z,1976-01-18T00:00:00.000Z,5074,FALSE,FALSE,FALSE,TRUE,FALSE,FALSE,FALSE,FALSE
4447,F,NDE,United States,NDE,english,13,2010-02-15T00:00:00.000Z,1976-08-18T00:00:00.000Z,3493,TRUE,FALSE,FALSE,TRUE,FALSE,FALSE,FALSE,FALSE
4448,F,NDE,United States,Secondhand NDE,english,9,2010-02-15T00:00:00.000Z,1970-01-01T00:00:00.000Z,4200,FALSE,FALSE,FALSE,TRUE,TRUE,FALSE,FALSE,FALSE
4449,M,Probable NDE,United States,Probable NDE,english,10,2010-02-15T00:00:00.000Z,2000-01-18T00:00:00.000Z,4259,FALSE,FALSE,FALSE,TRUE,FALSE,FALSE,FALSE,FALSE
4450,F,NDE,United States,NDE,english,3,2010-02-15T00:00:00.000Z,2005-09-04T00:00:00.000Z,5246,TRUE,FALSE,FALSE,TRUE,FALSE,FALSE,FALSE,FALSE
4451,F,NDE,United States,NDE,english,11,2010-02-15T00:00:00.000Z,1984-01-18T00:00:00.000Z,2247,FALSE,FALSE,FALSE,FALSE,TRUE,FALSE,FALSE,FALSE
4452,M,NDE,United States,NDE,english,8,2010-02-15T00:00:00.000Z,1976-09-18T00:00:00.000Z,1945,FALSE,FALSE,FALSE,FALSE,FALSE,FALSE,FALSE,FALSE
4453,F,NDE,Barbados,NDE,english,19,2010-02-15T00:00:00.000Z,2009-06-06T00:00:00.000Z,6367,FALSE,FALSE,FALSE,TRUE,FALSE,FALSE,FALSE,FALSE
4454,M,NDE,United States,NDE,english,7,2010-02-15T00:00:00.000Z,2007-06-09T00:00:00.000Z,5705,TRUE,FALSE,FALSE,TRUE,FALSE,FALSE,FALSE,FALSE
4455,F,NDE,United States,NDE,english,0,2010-02-15T00:00:00.000Z,2005-10-22T00:00:00.000Z,2497,FALSE,FALSE,FALSE,TRUE,FALSE,FALSE,FALSE,FALSE
4456,M,NDE,United States,NDE,english,3,2010-02-15T00:00:00.000Z,2009-03-02T00:00:00.000Z,2030,FALSE,FALSE,FALSE,FALSE,FALSE,FALSE,FALSE,FALSE
4457,M,NDE,United States,NDE,english,9,2010-02-15T00:00:00.000Z,1971-12-18T00:00:00.000Z,6894,TRUE,FALSE,FALSE,TRUE,FALSE,FALSE,FALSE,FALSE
4458,M,Probable NDE,United States,Probable NDE,english,13,2010-02-15T00:00:00.000Z,1979-08-26T00:00:00.000Z,3010,FALSE,FALSE,FALSE,TRUE,FALSE,FALSE,FALSE,FALSE
4459,F,NDE,United States,NDE,english,9,2010-02-15T00:00:00.000Z,2009-04-12T00:00:00.000Z,2910,TRUE,FALSE,FALSE,TRUE,TRUE,FALSE,FALSE,FALSE
4460,M,NDE,United States,NDE,english,6,2010-02-15T00:00:00.000Z,1947-01-18T00:00:00.000Z,6250,TRUE,FALSE,FALSE,TRUE,FALSE,FALSE,TRUE,FALSE
4462,F,NDE,United States,NDE,english,10,2010-02-15T00:00:00.000Z,1965-01-01T00:00:00.000Z,6533,FALSE,FALSE,FALSE,FALSE,FALSE,FALSE,FALSE,FALSE
4463,M,NDE,Lebanon,NDE,english,7,2010-02-15T00:00:00.000Z,1982-07-18T00:00:00.000Z,3826,TRUE,FALSE,FALSE,TRUE,FALSE,FALSE,FALSE,FALSE
4464,F,NDE,England,NDE,english,16,2010-02-15T00:00:00.000Z,2003-02-18T00:00:00.000Z,4048,FALSE,FALSE,FALSE,TRUE,FALSE,FALSE,FALSE,FALSE
4466,F,NDE,United States,NDE,english,6,2010-02-15T00:00:00.000Z,1971-01-21T00:00:00.000Z,5522,TRUE,FALSE,FALSE,TRUE,FALSE,FALSE,FALSE,FALSE
4468,F,NDE,United States,NDE,english,16,2010-02-15T00:00:00.000Z,1982-01-18T00:00:00.000Z,3574,TRUE,FALSE,FALSE,TRUE,TRUE,FALSE,FALSE,FALSE
4469,M,NDE,United States,NDE,english,9,2010-02-15T00:00:00.000Z,1988-01-18T00:00:00.000Z,6166,FALSE,FALSE,FALSE,FALSE,FALSE,FALSE,FALSE,FALSE
4471,F,NDE,United States,NDE,english,7,2010-02-21T00:00:00.000Z,2001-07-21T00:00:00.000Z,6135,FALSE,FALSE,FALSE,TRUE,FALSE,FALSE,FALSE,FALSE
4472,M,Probable NDE,United States,Probable NDE,english,7,2010-02-21T00:00:00.000Z,1992-09-20T00:00:00.000Z,11208,TRUE,FALSE,FALSE,TRUE,FALSE,FALSE,FALSE,FALSE
4474,F,NDE,United Kingdom,NDE,english,15,2010-02-21T00:00:00.000Z,1998-01-18T00:00:00.000Z,4754,TRUE,FALSE,FALSE,TRUE,FALSE,FALSE,FALSE,FALSE
4476,M,Probable NDE,United States,Probable NDE,english,9,2010-02-21T00:00:00.000Z,1962-06-18T00:00:00.000Z,4426,FALSE,TRUE,FALSE,FALSE,FALSE,FALSE,FALSE,FALSE
4479,M,NDE,United States,NDE,english,16,2010-02-21T00:00:00.000Z,1983-04-15T17:30:00.000Z,9368,TRUE,FALSE,FALSE,TRUE,FALSE,FALSE,FALSE,FALSE
4481,F,NDE,United States,NDE,english,13,2010-02-21T00:00:00.000Z,1948-03-18T00:00:00.000Z,3112,FALSE,FALSE,FALSE,TRUE,FALSE,FALSE,FALSE,FALSE
4485,M,NDE,United States,NDE,english,8,2010-02-21T00:00:00.000Z,1951-01-18T00:00:00.000Z,4412,FALSE,FALSE,FALSE,TRUE,FALSE,FALSE,FALSE,FALSE
4486,M,Probable NDE,United States,Probable NDE,english,9,2010-02-21T00:00:00.000Z,1995-05-18T00:00:00.000Z,2637,FALSE,FALSE,FALSE,TRUE,FALSE,FALSE,FALSE,FALSE
4490,F,NDE,United States,NDE,english,18,2010-02-21T00:00:00.000Z,1965-12-24T00:00:00.000Z,4351,TRUE,TRUE,FALSE,TRUE,TRUE,FALSE,FALSE,FALSE
4491,F,NDE,United States,NDE,english,15,2010-02-21T00:00:00.000Z,1976-01-01T00:00:00.000Z,8219,TRUE,FALSE,FALSE,TRUE,FALSE,FALSE,FALSE,FALSE
4492,F,NDE,New Zealand,NDE,english,8,2010-02-21T00:00:00.000Z,1984-07-03T00:00:00.000Z,2571,TRUE,FALSE,FALSE,TRUE,FALSE,FALSE,FALSE,FALSE
4493,F,Probable NDE,United States,Probable NDE,english,12,2010-02-21T00:00:00.000Z,1984-03-04T00:00:00.000Z,5397,FALSE,TRUE,FALSE,TRUE,FALSE,FALSE,FALSE,FALSE
4494,M,NDE,United States,NDE,english,11,2010-02-21T00:00:00.000Z,1967-01-01T00:00:00.000Z,11256,TRUE,FALSE,FALSE,FALSE,FALSE,FALSE,FALSE,FALSE
4495,F,Probable NDE,Canada,Probable NDE,english,16,2010-02-21T00:00:00.000Z,1933-01-01T00:00:00.000Z,4637,TRUE,FALSE,FALSE,TRUE,TRUE,FALSE,FALSE,FALSE
4501,F,NDE,United States,NDE,english,10,2010-02-27T00:00:00.000Z,1988-01-18T00:00:00.000Z,3442,TRUE,FALSE,FALSE,FALSE,FALSE,FALSE,FALSE,FALSE
4503,F,NDE,United States,NDE,english,0,2010-02-27T00:00:00.000Z,1997-01-28T00:00:00.000Z,2623,TRUE,FALSE,FALSE,TRUE,FALSE,FALSE,FALSE,FALSE
4505,M,NDE,United States,NDE,english,17,2010-02-27T00:00:00.000Z,1959-01-01T00:00:00.000Z,5880,TRUE,FALSE,FALSE,TRUE,FALSE,FALSE,FALSE,FALSE
4506,F,NDE,United States,NDE,english,8,2010-02-27T00:00:00.000Z,1963-07-18T00:00:00.000Z,3283,TRUE,FALSE,FALSE,TRUE,FALSE,FALSE,FALSE,FALSE
4507,F,NDE,United States,NDE,english,13,2010-02-27T00:00:00.000Z,1976-01-18T00:00:00.000Z,7078,FALSE,FALSE,FALSE,TRUE,FALSE,FALSE,FALSE,FALSE
4510,M,NDE,United States,NDE,english,21,2010-02-27T00:00:00.000Z,1969-12-27T00:00:00.000Z,5649,TRUE,TRUE,FALSE,TRUE,TRUE,TRUE,FALSE,FALSE
4515,F,Probable NDE,United States,Probable NDE,english,10,2010-02-27T00:00:00.000Z,2005-05-26T00:00:00.000Z,4797,FALSE,FALSE,FALSE,TRUE,FALSE,FALSE,FALSE,FALSE
4516,F,NDE,United States,NDE,english,17,2010-03-06T00:00:00.000Z,2005-04-23T00:00:00.000Z,5066,TRUE,FALSE,FALSE,TRUE,FALSE,FALSE,FALSE,FALSE
4517,F,NDE,Canada,NDEs,english,14,2010-03-06T00:00:00.000Z,1960-01-01T00:00:00.000Z,5342,TRUE,FALSE,FALSE,TRUE,FALSE,FALSE,FALSE,FALSE
4520,F,Probable NDE,United States,Probable NDE,english,16,2010-03-06T00:00:00.000Z,1973-10-18T00:00:00.000Z,11307,FALSE,FALSE,FALSE,FALSE,FALSE,FALSE,FALSE,FALSE
4521,M,NDE,United States,NDE,english,7,2010-03-06T00:00:00.000Z,1993-01-18T00:00:00.000Z,2759,TRUE,FALSE,FALSE,TRUE,FALSE,FALSE,FALSE,FALSE
4522,F,Probable NDE,United States,Probable NDE,english,18,2010-03-06T00:00:00.000Z,1983-10-11T00:00:00.000Z,4769,FALSE,FALSE,FALSE,TRUE,FALSE,FALSE,FALSE,FALSE
4525,F,FDE,United States,FDE,english,8,2010-03-06T00:00:00.000Z,1976-01-18T00:00:00.000Z,5691,TRUE,FALSE,FALSE,TRUE,FALSE,FALSE,FALSE,FALSE
4526,M,NDE,United States,NDE,english,11,2010-03-06T00:00:00.000Z,2006-08-18T00:00:00.000Z,2161,FALSE,FALSE,FALSE,TRUE,FALSE,FALSE,FALSE,FALSE
4527,M,Probable NDE,Edinburgh,Probable NDE,english,9,2010-03-06T00:00:00.000Z,1996-05-18T00:00:00.000Z,4139,FALSE,FALSE,FALSE,TRUE,FALSE,FALSE,FALSE,FALSE
4530,M,NDE,Spain,NDE,spanish,6,2010-03-20T00:00:00.000Z,2008-01-01T00:00:00.000Z,6260,FALSE,FALSE,FALSE,TRUE,FALSE,FALSE,FALSE,FALSE
4532,F,Probable NDE,Netherlands,Probable NDE,dutch,15,2010-03-20T00:00:00.000Z,2006-12-20T00:00:00.000Z,7980,TRUE,TRUE,FALSE,FALSE,FALSE,FALSE,FALSE,FALSE
4534,M,NDE,United States,NDE,english,16,2010-03-20T00:00:00.000Z,1989-12-30T00:00:00.000Z,4501,TRUE,FALSE,FALSE,TRUE,FALSE,FALSE,FALSE,FALSE
4535,F,Probable NDE,United States,Probable NDE,english,2,2010-03-20T00:00:00.000Z,2009-02-20T00:00:00.000Z,2280,FALSE,FALSE,FALSE,TRUE,FALSE,FALSE,FALSE,FALSE
4536,F,NDE,United States,NDE,english,9,2010-03-20T00:00:00.000Z,2000-01-18T00:00:00.000Z,9184,FALSE,FALSE,FALSE,TRUE,FALSE,FALSE,FALSE,FALSE
4538,M,Probable NDE,United States,Probable NDE,english,5,2010-03-20T00:00:00.000Z,NA,2556,FALSE,FALSE,TRUE,FALSE,FALSE,FALSE,TRUE,FALSE
4539,M,Probable NDE,New Zealand,Probable NDE,english,6,2010-03-20T00:00:00.000Z,2007-03-19T00:00:00.000Z,58996,TRUE,FALSE,FALSE,TRUE,FALSE,FALSE,FALSE,FALSE
4541,F,NDE,Puerto Rico,NDE,english,11,2010-03-20T00:00:00.000Z,1994-12-19T00:00:00.000Z,4940,FALSE,FALSE,FALSE,TRUE,FALSE,FALSE,TRUE,FALSE
4543,F,NDE,United States,NDE,english,13,2010-03-20T00:00:00.000Z,1945-01-18T00:00:00.000Z,3719,TRUE,FALSE,FALSE,TRUE,FALSE,FALSE,FALSE,FALSE
4544,M,NDE,France,NDE,french,6,2010-03-20T00:00:00.000Z,2000-01-01T00:00:00.000Z,10692,FALSE,FALSE,FALSE,TRUE,TRUE,FALSE,FALSE,FALSE
4547,F,NDE,Spain,NDE,spanish,6,2010-03-20T00:00:00.000Z,1974-01-18T00:00:00.000Z,4505,FALSE,FALSE,FALSE,TRUE,FALSE,FALSE,FALSE,FALSE
4549,M,NDE,United States,Probable NDEs,english,23,2010-03-20T00:00:00.000Z,1954-01-01T00:00:00.000Z,3129,FALSE,FALSE,FALSE,TRUE,FALSE,FALSE,FALSE,FALSE
4551,M,NDE,United States,NDE,english,13,2010-03-20T00:00:00.000Z,1973-01-01T00:00:00.000Z,2414,FALSE,FALSE,FALSE,TRUE,FALSE,FALSE,FALSE,FALSE
4552,F,NDE,United States,NDE,english,9,2010-03-20T00:00:00.000Z,1936-01-01T00:00:00.000Z,4111,TRUE,FALSE,FALSE,TRUE,FALSE,FALSE,FALSE,FALSE
4553,F,NDE,United States,NDE,english,6,2010-03-20T00:00:00.000Z,1957-06-18T00:00:00.000Z,3726,FALSE,FALSE,FALSE,TRUE,FALSE,FALSE,FALSE,FALSE
4556,F,NDE,United States,NDE,english,12,2010-03-20T00:00:00.000Z,1971-01-01T00:00:00.000Z,4024,TRUE,FALSE,FALSE,TRUE,FALSE,FALSE,FALSE,FALSE
4557,M,FDE,United States,FDE,english,5,2010-03-20T00:00:00.000Z,1979-10-20T00:00:00.000Z,7363,TRUE,FALSE,FALSE,TRUE,FALSE,FALSE,FALSE,FALSE
4560,F,NDE,United States,NDE,english,0,2010-03-20T00:00:00.000Z,1980-01-01T00:00:00.000Z,5070,TRUE,FALSE,FALSE,TRUE,FALSE,FALSE,FALSE,FALSE
4561,F,NDE,United States,NDE,english,13,2010-03-20T00:00:00.000Z,NA,3840,TRUE,FALSE,FALSE,TRUE,FALSE,FALSE,FALSE,FALSE
4562,F,NDE,United States,NDE,english,2,2010-03-20T00:00:00.000Z,1971-02-18T00:00:00.000Z,6436,TRUE,FALSE,FALSE,TRUE,FALSE,FALSE,FALSE,FALSE
4563,F,Possible NDE,United States,Possible NDE,english,2,2010-03-27T00:00:00.000Z,2002-01-10T00:00:00.000Z,9540,TRUE,FALSE,FALSE,TRUE,TRUE,FALSE,FALSE,FALSE
4565,F,NDE,Venezuela,NDE,spanish,4,2010-03-27T00:00:00.000Z,1960-01-18T00:00:00.000Z,2691,FALSE,FALSE,FALSE,FALSE,FALSE,FALSE,FALSE,FALSE
4568,F,NDE,Hawaii,NDE,english,16,2010-03-27T00:00:00.000Z,NA,5145,FALSE,FALSE,FALSE,FALSE,FALSE,FALSE,FALSE,FALSE
4570,F,NDE,Canada,NDE,french,15,2010-03-27T00:00:00.000Z,2010-01-03T00:00:00.000Z,4657,FALSE,TRUE,FALSE,TRUE,FALSE,FALSE,FALSE,FALSE
4571,F,NDE,United States,NDE,english,17,2010-03-27T00:00:00.000Z,1973-09-18T00:00:00.000Z,14813,TRUE,TRUE,FALSE,TRUE,FALSE,FALSE,FALSE,FALSE
4572,F,NDE,United States,NDE,english,17,2010-03-27T00:00:00.000Z,2009-12-08T00:00:00.000Z,8474,TRUE,TRUE,FALSE,TRUE,FALSE,FALSE,TRUE,FALSE
4575,M,Probable NDE,United States,Probable NDE,english,12,2010-03-27T00:00:00.000Z,2010-03-14T00:00:00.000Z,6226,TRUE,FALSE,FALSE,TRUE,FALSE,FALSE,FALSE,FALSE
4576,F,NDE,United States,NDE,english,14,2010-03-27T00:00:00.000Z,NA,6097,TRUE,FALSE,FALSE,TRUE,FALSE,FALSE,FALSE,FALSE
4577,F,NDE,United States,NDE,english,12,2010-04-06T00:00:00.000Z,1975-01-18T00:00:00.000Z,6061,TRUE,FALSE,FALSE,TRUE,FALSE,FALSE,FALSE,FALSE
4579,M,NDE,United Kingdom,NDE,english,5,2010-04-06T00:00:00.000Z,2010-02-09T00:00:00.000Z,5046,TRUE,FALSE,FALSE,TRUE,FALSE,FALSE,FALSE,FALSE
4580,F,NDE,United States,NDE,english,8,2010-04-06T00:00:00.000Z,1978-08-18T00:00:00.000Z,2390,TRUE,FALSE,FALSE,TRUE,FALSE,FALSE,FALSE,FALSE
4581,M,NDE,United States,NDE,english,17,2010-04-06T00:00:00.000Z,2004-08-18T00:00:00.000Z,8211,FALSE,FALSE,FALSE,TRUE,TRUE,FALSE,FALSE,FALSE
4582,F,NDE,United States,NDE,english,15,2010-04-06T00:00:00.000Z,1974-07-02T00:00:00.000Z,4454,FALSE,FALSE,FALSE,TRUE,FALSE,FALSE,FALSE,FALSE
4584,M,NDE,France,NDE,french,14,2010-04-06T00:00:00.000Z,2007-01-01T00:00:00.000Z,2716,FALSE,FALSE,FALSE,FALSE,FALSE,FALSE,FALSE,FALSE
4586,F,Probable NDE,United States,Probable NDE,english,13,2010-04-06T00:00:00.000Z,1967-01-01T00:00:00.000Z,6516,FALSE,FALSE,FALSE,TRUE,FALSE,FALSE,FALSE,FALSE
4588,M,Probable NDE,New Zealand,Probable NDE,english,3,2010-05-16T00:00:00.000Z,1973-01-18T00:00:00.000Z,3285,FALSE,FALSE,FALSE,TRUE,FALSE,FALSE,FALSE,FALSE
4589,F,NDE,United States,NDE,english,8,2010-05-16T00:00:00.000Z,2010-03-28T00:00:00.000Z,4328,FALSE,FALSE,TRUE,TRUE,FALSE,FALSE,FALSE,FALSE
4591,F,NDE,United States,NDE,english,22,2010-05-16T00:00:00.000Z,1998-06-02T00:00:00.000Z,8826,TRUE,TRUE,FALSE,TRUE,FALSE,FALSE,FALSE,FALSE
4592,M,NDE,United States,NDE,english,22,2010-05-16T00:00:00.000Z,NA,6576,TRUE,FALSE,FALSE,TRUE,FALSE,FALSE,TRUE,FALSE
4593,M,NDE,United States,NDE,english,4,2010-05-16T00:00:00.000Z,2007-05-23T00:00:00.000Z,10042,TRUE,FALSE,TRUE,TRUE,FALSE,FALSE,FALSE,FALSE
4594,M,NDE,United States,NDE,english,4,2010-05-16T00:00:00.000Z,2004-01-01T00:00:00.000Z,6597,TRUE,FALSE,FALSE,TRUE,FALSE,FALSE,FALSE,FALSE
4597,M,NDE,United States,NDE,english,12,2010-05-16T00:00:00.000Z,1966-06-18T00:00:00.000Z,5923,FALSE,FALSE,FALSE,TRUE,FALSE,FALSE,FALSE,FALSE
4598,M,NDE,United States,NDE,english,18,2010-05-16T00:00:00.000Z,1970-11-18T00:00:00.000Z,10092,FALSE,TRUE,FALSE,TRUE,FALSE,FALSE,FALSE,FALSE
4599,F,NDE,England,NDE,english,10,2010-05-16T00:00:00.000Z,NA,3716,TRUE,FALSE,FALSE,TRUE,TRUE,FALSE,FALSE,FALSE
4601,F,Possible NDE,United States,Possible NDE,english,8,2010-05-16T00:00:00.000Z,1977-02-22T00:00:00.000Z,4080,TRUE,FALSE,FALSE,TRUE,FALSE,FALSE,FALSE,FALSE
4602,M,FDE,United States,FDE,english,5,2010-05-16T00:00:00.000Z,2006-12-18T00:00:00.000Z,5944,TRUE,FALSE,FALSE,TRUE,FALSE,FALSE,FALSE,FALSE
4604,F,Probable NDE,United States,Probable NDE,english,15,2010-05-16T00:00:00.000Z,1996-01-18T00:00:00.000Z,4460,FALSE,TRUE,FALSE,TRUE,FALSE,FALSE,FALSE,FALSE
4605,M,Probable NDE,United States,Probable NDE,english,6,2010-05-16T00:00:00.000Z,1975-05-15T00:00:00.000Z,1868,TRUE,FALSE,FALSE,TRUE,FALSE,FALSE,FALSE,FALSE
4607,F,Probable NDE,United States,Probable NDE,english,12,2010-05-16T00:00:00.000Z,2006-06-18T00:00:00.000Z,3546,FALSE,FALSE,FALSE,TRUE,FALSE,FALSE,FALSE,FALSE
4610,M,NDE,United States,NDE,english,10,2010-05-16T00:00:00.000Z,2010-03-05T00:00:00.000Z,3697,FALSE,FALSE,FALSE,TRUE,FALSE,FALSE,FALSE,FALSE
4611,F,Possible NDE,United States,Possible NDE,english,8,2010-05-16T00:00:00.000Z,1973-01-18T00:00:00.000Z,3430,TRUE,FALSE,FALSE,FALSE,FALSE,FALSE,FALSE,FALSE
4612,M,NDE,Canada,NDE,english,8,2010-05-16T00:00:00.000Z,2008-02-02T00:00:00.000Z,10822,FALSE,FALSE,FALSE,TRUE,FALSE,FALSE,FALSE,FALSE
4613,F,NDE,United States,NDE,english,13,2010-05-16T00:00:00.000Z,1953-07-18T00:00:00.000Z,4717,FALSE,FALSE,FALSE,TRUE,FALSE,FALSE,FALSE,FALSE
4615,M,NDE,United States,NDE,english,1,2010-05-16T00:00:00.000Z,1964-01-01T00:00:00.000Z,4806,TRUE,FALSE,FALSE,TRUE,TRUE,FALSE,FALSE,FALSE
4616,F,Probable NDE,United States,Probable NDE,english,8,2010-05-16T00:00:00.000Z,1976-10-18T00:00:00.000Z,7641,TRUE,FALSE,FALSE,TRUE,TRUE,FALSE,FALSE,FALSE
4617,M,NDE,United States,NE,english,13,2010-05-16T00:00:00.000Z,1953-06-18T00:00:00.000Z,5648,TRUE,FALSE,FALSE,TRUE,TRUE,FALSE,FALSE,FALSE
4620,F,NDE,United States,NDE,english,12,2010-05-16T00:00:00.000Z,2000-05-28T00:00:00.000Z,4016,TRUE,FALSE,FALSE,TRUE,FALSE,FALSE,FALSE,FALSE
4621,F,Probable NDE,China,Probable NDE,english,7,2010-05-16T00:00:00.000Z,2002-08-09T00:00:00.000Z,2660,FALSE,FALSE,FALSE,TRUE,FALSE,TRUE,FALSE,FALSE
4622,M,NDE,United States,NDE,english,6,2010-05-16T00:00:00.000Z,1945-01-18T00:00:00.000Z,2959,FALSE,FALSE,FALSE,TRUE,FALSE,FALSE,FALSE,FALSE
4623,F,Probable NDE,United States,Probable NDE,english,0,2010-05-16T00:00:00.000Z,2006-01-18T00:00:00.000Z,7896,FALSE,TRUE,FALSE,TRUE,FALSE,FALSE,FALSE,FALSE
4625,F,NDE,United States,NDE,english,14,2010-05-16T00:00:00.000Z,1995-09-18T00:00:00.000Z,3610,FALSE,FALSE,FALSE,TRUE,FALSE,FALSE,FALSE,FALSE
4626,F,NDE,Canada,NDE,french,7,2010-05-16T00:00:00.000Z,1983-01-01T00:00:00.000Z,8028,TRUE,FALSE,FALSE,TRUE,FALSE,FALSE,FALSE,FALSE
4628,M,NDE,Sweden,NDE,english,9,2010-05-16T00:00:00.000Z,2009-01-18T00:00:00.000Z,5386,FALSE,FALSE,FALSE,TRUE,FALSE,FALSE,FALSE,FALSE
4630,F,NDE,United States,NDE,english,3,2010-05-16T00:00:00.000Z,1959-08-18T00:00:00.000Z,4647,FALSE,FALSE,FALSE,TRUE,FALSE,FALSE,FALSE,FALSE
4631,F,NDE,United States,NDE,english,16,2010-05-16T00:00:00.000Z,2006-01-18T00:00:00.000Z,11342,FALSE,FALSE,FALSE,TRUE,FALSE,FALSE,FALSE,FALSE
4632,F,NDE,United States,NDE,english,3,2010-05-16T00:00:00.000Z,1951-01-01T00:00:00.000Z,5089,TRUE,FALSE,FALSE,TRUE,TRUE,FALSE,FALSE,FALSE
4633,M,NDE,United States,NDE,english,11,NA,NA,7333,FALSE,FALSE,FALSE,TRUE,FALSE,FALSE,FALSE,FALSE
4634,M,NDE,United States,NDE,english,13,2010-05-16T00:00:00.000Z,NA,7274,FALSE,FALSE,FALSE,TRUE,FALSE,FALSE,FALSE,TRUE
4635,F,Probable NDE,India,Probable NDE,english,15,2010-05-16T00:00:00.000Z,2009-04-10T00:00:00.000Z,5774,FALSE,FALSE,FALSE,TRUE,FALSE,FALSE,FALSE,FALSE
4636,F,NDE,Puerto Rico,NDE,english,11,2010-05-16T00:00:00.000Z,2007-04-06T20:04:00.000Z,4636,FALSE,FALSE,FALSE,TRUE,FALSE,FALSE,FALSE,FALSE
4645,M,NDE,United States,NDE,english,14,2010-05-16T00:00:00.000Z,2009-06-05T00:00:00.000Z,4017,TRUE,FALSE,FALSE,TRUE,FALSE,FALSE,FALSE,FALSE
4646,M,NDE,United States,NDE,english,11,2010-05-30T00:00:00.000Z,1962-01-18T00:00:00.000Z,3414,TRUE,FALSE,FALSE,TRUE,FALSE,FALSE,FALSE,FALSE
4649,F,NDE,United States,NDE,english,17,2010-05-30T00:00:00.000Z,1993-01-18T00:00:00.000Z,8456,FALSE,TRUE,FALSE,TRUE,FALSE,FALSE,FALSE,FALSE
4651,F,FDE,U,FDE,english,7,2010-05-30T00:00:00.000Z,2007-08-18T00:00:00.000Z,7745,FALSE,TRUE,FALSE,TRUE,FALSE,FALSE,FALSE,FALSE
4653,F,NDE,United States,NDE,english,12,2010-05-30T00:00:00.000Z,1951-01-01T00:00:00.000Z,5609,FALSE,FALSE,FALSE,TRUE,FALSE,FALSE,FALSE,FALSE
4655,M,NDE,United States,NDE,english,17,2010-05-30T00:00:00.000Z,2002-09-18T00:00:00.000Z,4805,FALSE,TRUE,FALSE,FALSE,FALSE,FALSE,FALSE,FALSE
4656,F,NDE,Australia,NDE,english,19,NA,NA,13004,FALSE,TRUE,FALSE,TRUE,FALSE,FALSE,FALSE,FALSE
4658,F,NDE,Venezuela,Secondhand NDE,spanish,12,2010-05-30T00:00:00.000Z,1957-01-18T00:00:00.000Z,3706,TRUE,FALSE,FALSE,TRUE,TRUE,FALSE,FALSE,FALSE
4659,M,NDE,United States,NDE,english,2,2010-05-30T00:00:00.000Z,2007-05-18T00:00:00.000Z,2351,TRUE,FALSE,FALSE,TRUE,TRUE,FALSE,FALSE,FALSE
4661,F,NDE,United States,NDE,english,6,2010-05-30T00:00:00.000Z,1998-08-18T00:00:00.000Z,6069,FALSE,FALSE,FALSE,FALSE,FALSE,FALSE,FALSE,FALSE
4662,M,NDE,New Zealand,NDE,english,26,2010-05-30T00:00:00.000Z,2004-01-01T00:00:00.000Z,6519,FALSE,FALSE,FALSE,TRUE,FALSE,FALSE,FALSE,FALSE
4664,M,NDE,Colombia,NDE,spanish,15,2010-05-30T00:00:00.000Z,1985-01-01T00:00:00.000Z,6377,FALSE,TRUE,FALSE,TRUE,FALSE,FALSE,FALSE,FALSE
4665,F,NDE,United States,NDE,english,16,2010-05-30T00:00:00.000Z,1965-01-18T00:00:00.000Z,4955,FALSE,FALSE,FALSE,TRUE,FALSE,FALSE,FALSE,FALSE
4666,F,NDE,U,NDE,english,21,2010-05-30T00:00:00.000Z,1948-01-01T00:00:00.000Z,10823,TRUE,TRUE,FALSE,TRUE,FALSE,FALSE,FALSE,FALSE
4667,M,NDE,United States,NDE,english,14,2010-05-30T00:00:00.000Z,1978-09-28T00:00:00.000Z,4719,FALSE,TRUE,FALSE,FALSE,FALSE,FALSE,FALSE,FALSE
4669,M,Probable NDE,United States,Probable NDE,english,2,2010-05-30T00:00:00.000Z,2009-10-18T00:00:00.000Z,2724,FALSE,FALSE,FALSE,TRUE,FALSE,FALSE,FALSE,FALSE
4671,M,NDE,United Kingdom,NDE,english,21,2010-05-30T00:00:00.000Z,2004-01-01T00:00:00.000Z,18330,TRUE,TRUE,TRUE,TRUE,TRUE,FALSE,TRUE,FALSE
4675,M,Probable NDE,United States,Probable NDE,english,7,2010-06-20T00:00:00.000Z,2005-01-18T00:00:00.000Z,2818,FALSE,FALSE,FALSE,TRUE,FALSE,FALSE,FALSE,FALSE
4676,M,NDE,Philippines,NDE,english,23,2010-06-20T00:00:00.000Z,1981-09-09T00:00:00.000Z,10791,TRUE,TRUE,FALSE,TRUE,FALSE,FALSE,FALSE,TRUE
4678,F,Possible NDE,France,Possible NDE,french,17,2010-06-20T00:00:00.000Z,1980-01-01T00:00:00.000Z,6208,TRUE,FALSE,FALSE,TRUE,FALSE,FALSE,FALSE,FALSE
4679,F,NDE,United States,NDE,english,11,2010-06-20T00:00:00.000Z,2008-11-04T00:00:00.000Z,3586,TRUE,FALSE,FALSE,TRUE,TRUE,FALSE,FALSE,FALSE
4680,F,NDE,France,NDE,francais,12,2014-06-20T00:00:00.000Z,2006-01-01T00:00:00.000Z,17598,TRUE,FALSE,TRUE,TRUE,TRUE,FALSE,FALSE,FALSE
4681,F,NDE,United States,NDE,english,13,2010-06-20T00:00:00.000Z,1969-05-18T00:00:00.000Z,4702,FALSE,FALSE,FALSE,TRUE,FALSE,FALSE,FALSE,FALSE
4683,M,NDE,United States,NDE,english,8,2010-06-20T00:00:00.000Z,NA,2394,TRUE,FALSE,FALSE,TRUE,TRUE,FALSE,FALSE,FALSE
4685,F,Probable NDE,United States,Probable NDE,english,22,2010-06-20T00:00:00.000Z,1993-01-31T00:00:00.000Z,7272,TRUE,FALSE,FALSE,TRUE,FALSE,FALSE,FALSE,FALSE
4687,M,NDE,France,NDE,french,4,2010-06-20T00:00:00.000Z,1996-01-18T00:00:00.000Z,5252,TRUE,FALSE,FALSE,TRUE,FALSE,FALSE,FALSE,FALSE
4690,M,NDE,France,NDE,french,7,2010-06-20T00:00:00.000Z,2008-01-01T00:00:00.000Z,4191,TRUE,FALSE,FALSE,FALSE,TRUE,FALSE,FALSE,FALSE
4693,M,Probable NDE,United States,Probable NDE,english,11,2010-06-20T00:00:00.000Z,1980-01-18T00:00:00.000Z,2287,FALSE,FALSE,FALSE,TRUE,FALSE,FALSE,FALSE,FALSE
4694,F,NDE,United States,NDE,english,18,2010-06-20T00:00:00.000Z,2009-12-29T00:00:00.000Z,6444,FALSE,FALSE,TRUE,TRUE,FALSE,FALSE,FALSE,FALSE
4695,F,Probable NDE,Spain,Probable NDE,spanish,7,2010-06-20T00:00:00.000Z,1979-12-31T00:00:00.000Z,3828,FALSE,FALSE,FALSE,TRUE,FALSE,FALSE,FALSE,FALSE
4696,M,NDE,United States,NDE,english,15,2010-06-20T00:00:00.000Z,1987-01-01T00:00:00.000Z,7979,FALSE,TRUE,FALSE,TRUE,FALSE,FALSE,FALSE,FALSE
4697,F,NDE,United States,NDE,english,13,2010-06-20T00:00:00.000Z,2008-06-03T00:00:00.000Z,7179,TRUE,FALSE,FALSE,TRUE,FALSE,FALSE,FALSE,FALSE
4699,F,Probable NDE,Canada,Probable NDE,english,12,2010-06-20T00:00:00.000Z,1977-08-18T00:00:00.000Z,9250,TRUE,TRUE,TRUE,TRUE,FALSE,FALSE,FALSE,FALSE
4700,F,NDE,Paraguay,NDE,spanish,17,2010-06-20T00:00:00.000Z,2006-01-01T00:00:00.000Z,3825,FALSE,TRUE,FALSE,TRUE,FALSE,FALSE,FALSE,FALSE
4703,F,NDE,United States,NDE,english,17,2010-06-20T00:00:00.000Z,1979-07-09T00:00:00.000Z,13570,TRUE,FALSE,FALSE,TRUE,TRUE,FALSE,FALSE,FALSE
4705,F,NDE,United States,NDE,english,17,2010-06-20T00:00:00.000Z,2000-01-01T00:00:00.000Z,11523,FALSE,TRUE,FALSE,TRUE,FALSE,FALSE,FALSE,FALSE
4707,F,NDE,Australia,NDE,english,11,2010-06-20T00:00:00.000Z,1992-10-10T00:00:00.000Z,12234,FALSE,FALSE,FALSE,TRUE,FALSE,FALSE,FALSE,FALSE
4711,M,NDE,United States,NDE,english,10,2010-06-26T00:00:00.000Z,1995-01-01T00:00:00.000Z,3835,TRUE,FALSE,TRUE,TRUE,FALSE,FALSE,FALSE,FALSE
4714,M,Probable NDE,United Kingdom,Probable NDE,english,2,2010-06-26T00:00:00.000Z,NA,5124,TRUE,FALSE,FALSE,FALSE,FALSE,FALSE,FALSE,FALSE
4716,M,Probable NDE,Netherlands,Probable NDE,dutch,14,2010-07-17T00:00:00.000Z,2004-01-18T00:00:00.000Z,6817,FALSE,FALSE,FALSE,TRUE,FALSE,FALSE,FALSE,FALSE
4720,F,NDE,United States,NDE,english,21,2010-07-17T00:00:00.000Z,2003-04-18T00:00:00.000Z,52889,FALSE,TRUE,FALSE,TRUE,FALSE,FALSE,TRUE,FALSE
4721,M,NDE,Italy,NDE,italian,18,2010-07-17T00:00:00.000Z,1974-01-18T00:00:00.000Z,3534,TRUE,FALSE,FALSE,TRUE,TRUE,FALSE,FALSE,FALSE
4722,M,NDE,United States,NDE,english,15,2010-07-17T00:00:00.000Z,1976-07-04T00:00:00.000Z,5250,TRUE,FALSE,FALSE,FALSE,TRUE,FALSE,FALSE,FALSE
4723,F,NDE,Canada,NDE,english,6,2010-07-17T00:00:00.000Z,1980-01-01T00:00:00.000Z,12088,TRUE,FALSE,FALSE,TRUE,FALSE,FALSE,FALSE,FALSE
4724,M,NDE,United Kingdom,NDE,english,12,2010-07-17T00:00:00.000Z,2005-08-18T00:00:00.000Z,8576,TRUE,FALSE,FALSE,TRUE,TRUE,FALSE,FALSE,FALSE
4725,F,NDE,United States,NDE,english,15,2010-07-17T00:00:00.000Z,1980-12-31T00:00:00.000Z,4166,TRUE,TRUE,FALSE,TRUE,FALSE,FALSE,FALSE,FALSE
4726,F,NDE,India,Second-hand NDE,english,4,2010-07-17T00:00:00.000Z,NA,1868,FALSE,FALSE,FALSE,TRUE,FALSE,FALSE,FALSE,FALSE
4727,M,NDE,United States,NDE,english,5,2010-07-17T00:00:00.000Z,1997-07-18T00:00:00.000Z,2578,FALSE,FALSE,FALSE,TRUE,FALSE,FALSE,FALSE,FALSE
4729,M,NDE,United States,NDE,english,9,2010-07-17T00:00:00.000Z,2005-08-18T00:00:00.000Z,3106,TRUE,FALSE,FALSE,TRUE,FALSE,FALSE,FALSE,FALSE
4730,M,NDE,United States,NDE,english,14,2010-07-17T00:00:00.000Z,2009-02-09T00:00:00.000Z,2477,TRUE,FALSE,FALSE,TRUE,TRUE,FALSE,FALSE,FALSE
4731,F,NDE,United States,NDE,english,15,2010-07-17T00:00:00.000Z,1964-01-18T00:00:00.000Z,5166,TRUE,FALSE,FALSE,TRUE,FALSE,FALSE,FALSE,FALSE
4733,M,NDE,United States,NDE,english,14,2010-07-17T00:00:00.000Z,1988-01-18T00:00:00.000Z,4273,TRUE,FALSE,FALSE,TRUE,FALSE,FALSE,FALSE,FALSE
4734,M,NDE,United States,NDE,english,8,2010-07-17T00:00:00.000Z,2006-10-16T00:00:00.000Z,5823,FALSE,FALSE,FALSE,TRUE,FALSE,FALSE,FALSE,FALSE
4736,M,Probable NDE,Canada,Probable NDE,english,6,2010-07-17T00:00:00.000Z,1994-01-01T00:00:00.000Z,5278,FALSE,FALSE,FALSE,TRUE,FALSE,FALSE,FALSE,FALSE
4737,M,NDE,United States,NDE,english,7,2010-07-17T00:00:00.000Z,2007-12-04T00:00:00.000Z,3617,TRUE,FALSE,FALSE,TRUE,FALSE,FALSE,FALSE,FALSE
4738,F,Probable NDE,Germany,Probable NDE,german,14,2010-07-17T00:00:00.000Z,1986-01-18T00:00:00.000Z,2531,FALSE,FALSE,FALSE,FALSE,FALSE,FALSE,FALSE,FALSE
4740,F,NDE,United States,Second-hand NDE,english,15,2010-07-17T00:00:00.000Z,1965-01-01T00:00:00.000Z,4261,TRUE,FALSE,FALSE,TRUE,TRUE,FALSE,FALSE,FALSE
4741,F,NDE,United States,NDE,english,10,2010-07-17T00:00:00.000Z,2004-02-18T00:00:00.000Z,7238,TRUE,TRUE,FALSE,TRUE,TRUE,FALSE,FALSE,FALSE
4742,F,NDE,United States,NDE,english,4,2010-07-17T00:00:00.000Z,1965-12-19T00:00:00.000Z,5341,FALSE,FALSE,FALSE,TRUE,FALSE,FALSE,FALSE,FALSE
4743,F,Possible NDE,France,Possible NDE,french,5,2010-07-17T00:00:00.000Z,2003-01-01T00:00:00.000Z,2409,FALSE,FALSE,FALSE,TRUE,FALSE,FALSE,FALSE,FALSE
4744,F,NDE,United States,NDE,english,4,2010-07-17T00:00:00.000Z,1985-01-18T00:00:00.000Z,5911,TRUE,FALSE,FALSE,TRUE,FALSE,FALSE,FALSE,FALSE
4745,F,NDE,United States,NDE,english,3,2010-07-24T00:00:00.000Z,1976-01-18T00:00:00.000Z,2734,TRUE,FALSE,TRUE,TRUE,FALSE,FALSE,FALSE,FALSE
4746,F,NDE,United States,NDE,english,15,2010-07-24T00:00:00.000Z,1978-05-18T00:00:00.000Z,3309,TRUE,FALSE,FALSE,TRUE,FALSE,FALSE,FALSE,FALSE
4747,F,NDE,Canada,NDE,english,12,2010-07-24T00:00:00.000Z,1998-08-18T00:00:00.000Z,5839,FALSE,FALSE,FALSE,TRUE,FALSE,FALSE,FALSE,FALSE
4748,F,Probable NDE,United States,Probable NDE,english,9,2010-07-24T00:00:00.000Z,2007-03-18T00:00:00.000Z,7095,FALSE,FALSE,FALSE,TRUE,FALSE,FALSE,FALSE,FALSE
4749,F,NDE,United States,NDE,english,16,NA,NA,17815,TRUE,FALSE,FALSE,TRUE,TRUE,FALSE,FALSE,FALSE
4750,F,FDE,United States,FDE,english,7,2010-07-24T00:00:00.000Z,1974-12-23T00:00:00.000Z,8006,TRUE,FALSE,FALSE,TRUE,FALSE,FALSE,FALSE,FALSE
4752,F,NDE,United States,NDE,english,21,2010-08-08T00:00:00.000Z,2009-02-17T00:00:00.000Z,9246,TRUE,FALSE,FALSE,TRUE,FALSE,FALSE,FALSE,FALSE
4754,M,Probable NDE,United States,Probable NDE,english,13,2010-08-08T00:00:00.000Z,2007-08-20T00:00:00.000Z,7721,TRUE,FALSE,FALSE,TRUE,TRUE,FALSE,FALSE,FALSE
4756,M,NDE,United States,NDE,english,18,2010-08-08T00:00:00.000Z,1987-08-18T00:00:00.000Z,11305,TRUE,FALSE,FALSE,TRUE,FALSE,FALSE,FALSE,FALSE
4757,F,NDE,United States,NDE,english,3,2010-08-08T00:00:00.000Z,2010-07-02T00:00:00.000Z,5894,TRUE,FALSE,FALSE,TRUE,TRUE,FALSE,FALSE,FALSE
4759,M,NDE,United States,NDE,english,5,2010-08-08T00:00:00.000Z,1998-09-18T00:00:00.000Z,3934,TRUE,FALSE,FALSE,TRUE,FALSE,FALSE,FALSE,FALSE
4761,M,NDE,United States,NDE,english,12,2010-08-08T00:00:00.000Z,2008-10-28T00:00:00.000Z,16563,TRUE,FALSE,FALSE,TRUE,FALSE,FALSE,FALSE,FALSE
4764,F,NDE,Quebec,NDE,french,10,2010-08-08T00:00:00.000Z,2000-01-01T00:00:00.000Z,5339,FALSE,FALSE,FALSE,TRUE,FALSE,FALSE,FALSE,FALSE
4765,F,NDE,Mexico,NDE,spanish,9,2010-08-08T00:00:00.000Z,1965-01-01T00:00:00.000Z,6670,TRUE,FALSE,FALSE,TRUE,TRUE,FALSE,FALSE,FALSE
4766,F,NDE,United States,NDE,english,7,2010-08-08T00:00:00.000Z,NA,10478,TRUE,FALSE,FALSE,TRUE,FALSE,FALSE,FALSE,FALSE
4769,M,NDE,United States,NDE,english,11,2010-08-08T00:00:00.000Z,2008-01-01T00:00:00.000Z,4162,FALSE,FALSE,FALSE,TRUE,FALSE,FALSE,FALSE,FALSE
4771,F,NDE,United States,NDE,english,13,2010-08-08T00:00:00.000Z,1966-05-14T00:00:00.000Z,3359,FALSE,FALSE,FALSE,TRUE,FALSE,FALSE,FALSE,FALSE
4772,M,NDE,United States,NDE,english,11,2010-08-08T00:00:00.000Z,2010-06-28T00:00:00.000Z,3958,FALSE,FALSE,FALSE,TRUE,FALSE,FALSE,FALSE,FALSE
4773,F,NDE,United States,NDE,spanish,8,2010-08-08T00:00:00.000Z,2001-01-01T00:00:00.000Z,5267,FALSE,FALSE,FALSE,TRUE,FALSE,FALSE,FALSE,FALSE
4775,F,NDE,United States,NDE,english,6,2010-09-01T00:00:00.000Z,2008-03-18T00:00:00.000Z,4859,TRUE,FALSE,FALSE,TRUE,FALSE,FALSE,FALSE,FALSE
4778,F,NDE,Australia,NDE,english,12,2010-09-01T00:00:00.000Z,2008-04-04T00:00:00.000Z,5235,FALSE,FALSE,FALSE,TRUE,FALSE,FALSE,FALSE,FALSE
4782,M,NDE,United States,NDE,english,11,NA,NA,7333,FALSE,FALSE,FALSE,TRUE,FALSE,FALSE,FALSE,FALSE
4783,M,NDE,England,NDE,english,6,2010-09-01T00:00:00.000Z,2006-01-01T00:00:00.000Z,3058,TRUE,FALSE,TRUE,TRUE,FALSE,FALSE,FALSE,FALSE
4785,M,NDE,England,NDE,english,17,2010-09-01T00:00:00.000Z,1973-09-18T00:00:00.000Z,8414,TRUE,FALSE,FALSE,TRUE,TRUE,FALSE,TRUE,FALSE
4786,M,FDE,Canada,FDE,english,8,2010-09-01T00:00:00.000Z,1994-01-01T00:00:00.000Z,12984,FALSE,FALSE,FALSE,FALSE,FALSE,FALSE,FALSE,FALSE
4788,M,NDE,United States,NDE,english,3,2010-09-01T00:00:00.000Z,2010-05-28T00:00:00.000Z,3396,FALSE,FALSE,FALSE,TRUE,FALSE,FALSE,FALSE,FALSE
4790,F,NDE,France,NDE,french,8,2010-09-01T00:00:00.000Z,1983-01-25T00:00:00.000Z,3450,TRUE,FALSE,FALSE,TRUE,TRUE,FALSE,FALSE,FALSE
4791,F,Possible NDE,Strasbourg,Possible NDE,fr,6,2010-09-01T00:00:00.000Z,1981-01-18T00:00:00.000Z,2669,TRUE,FALSE,FALSE,TRUE,FALSE,FALSE,FALSE,FALSE
4792,M,Probable NDE,United States,Probable NDE,english,9,2010-09-01T00:00:00.000Z,1970-12-15T00:00:00.000Z,26152,TRUE,FALSE,FALSE,TRUE,TRUE,FALSE,FALSE,FALSE
4793,M,NDE,United States,NDE,english,13,2010-09-01T00:00:00.000Z,1996-06-30T00:00:00.000Z,6724,TRUE,FALSE,TRUE,TRUE,FALSE,FALSE,FALSE,FALSE
4794,F,NDE,United States,NDE,english,10,2010-09-01T00:00:00.000Z,2005-01-18T00:00:00.000Z,7609,FALSE,FALSE,FALSE,TRUE,FALSE,FALSE,FALSE,FALSE
4796,M,NDE,Spain,NDE,spanish,11,2010-09-01T00:00:00.000Z,1996-01-01T00:00:00.000Z,4894,TRUE,FALSE,FALSE,FALSE,TRUE,FALSE,FALSE,FALSE
4797,M,NDE,United States,NDE,english,7,2010-09-01T00:00:00.000Z,2009-06-02T00:00:00.000Z,10606,TRUE,FALSE,FALSE,TRUE,FALSE,FALSE,FALSE,FALSE
4798,M,NDE,Paris,NDE,english,14,2010-09-01T00:00:00.000Z,1958-01-18T00:00:00.000Z,3121,TRUE,FALSE,FALSE,TRUE,FALSE,FALSE,FALSE,FALSE
4799,M,NDE,United States,NDE,english,10,2010-09-01T00:00:00.000Z,1978-03-18T00:00:00.000Z,1710,FALSE,FALSE,FALSE,TRUE,FALSE,FALSE,FALSE,FALSE
4801,F,NDE,United States,NDE,english,11,2010-09-01T00:00:00.000Z,2004-02-18T00:00:00.000Z,8843,FALSE,TRUE,FALSE,TRUE,FALSE,FALSE,FALSE,FALSE
4802,F,NDE,United States,NDE,english,20,2010-09-01T00:00:00.000Z,1990-10-18T00:00:00.000Z,7890,FALSE,FALSE,FALSE,TRUE,FALSE,FALSE,FALSE,FALSE
4803,F,NDE,Russia,NDE,english,8,2010-09-01T00:00:00.000Z,1990-01-18T00:00:00.000Z,3120,TRUE,FALSE,FALSE,TRUE,FALSE,FALSE,FALSE,FALSE
4805,F,NDE,New Zealand,NDE,english,11,2010-09-01T00:00:00.000Z,1996-01-18T00:00:00.000Z,4869,TRUE,FALSE,FALSE,FALSE,FALSE,FALSE,FALSE,FALSE
4806,M,Probable NDE,Mexico,Probable NDE,spanish,6,2010-10-09T00:00:00.000Z,2007-01-05T00:00:00.000Z,3416,FALSE,FALSE,FALSE,TRUE,FALSE,FALSE,FALSE,FALSE
4807,M,Probable NDE,United States,Probable NDE,english,4,2010-10-09T00:00:00.000Z,2010-04-10T00:00:00.000Z,8986,TRUE,FALSE,FALSE,TRUE,FALSE,FALSE,FALSE,FALSE
4809,M,Probable NDE,United States,Probable NDE,english,3,2010-10-09T00:00:00.000Z,1973-03-19T00:00:00.000Z,5764,FALSE,TRUE,FALSE,TRUE,FALSE,FALSE,FALSE,FALSE
4811,M,NDE,United Kingdom,NDE,english,7,2010-10-09T00:00:00.000Z,1978-01-18T00:00:00.000Z,3901,FALSE,FALSE,FALSE,TRUE,FALSE,FALSE,FALSE,FALSE
4812,F,NDE,United States,NDE,english,16,2010-10-09T00:00:00.000Z,2006-01-01T00:00:00.000Z,10548,FALSE,FALSE,FALSE,FALSE,FALSE,FALSE,FALSE,FALSE
4814,F,NDE,United States,NDE,english,20,2010-10-09T00:00:00.000Z,1964-01-01T00:00:00.000Z,8434,TRUE,FALSE,TRUE,TRUE,TRUE,FALSE,FALSE,FALSE
4816,F,NDE,United States,NDE,english,12,2010-10-09T00:00:00.000Z,1983-01-18T00:00:00.000Z,6692,FALSE,FALSE,FALSE,TRUE,FALSE,FALSE,FALSE,FALSE
4820,M,NDE,United States,NDE,english,10,2010-10-09T00:00:00.000Z,2003-08-06T00:00:00.000Z,7962,TRUE,FALSE,FALSE,TRUE,FALSE,FALSE,FALSE,FALSE
4823,F,NDE,Italy,NDE,italian,4,2010-10-09T00:00:00.000Z,2001-01-01T00:00:00.000Z,3348,FALSE,FALSE,FALSE,FALSE,FALSE,FALSE,FALSE,FALSE
4824,F,NDE,Germany,NDE,english,13,2010-10-09T00:00:00.000Z,1962-07-18T00:00:00.000Z,7810,TRUE,TRUE,FALSE,TRUE,FALSE,FALSE,FALSE,FALSE
4826,M,NDE,United States,NDE,english,14,2010-10-09T00:00:00.000Z,2008-08-22T00:00:00.000Z,5879,FALSE,TRUE,FALSE,TRUE,FALSE,FALSE,FALSE,FALSE
4828,M,NDE,Israel,NDE,english,11,2010-10-09T00:00:00.000Z,1999-05-05T00:00:00.000Z,3974,TRUE,TRUE,FALSE,TRUE,FALSE,FALSE,FALSE,FALSE
4834,M,FDE,United States,FDE,english,6,2010-10-09T00:00:00.000Z,1958-12-30T00:00:00.000Z,4244,FALSE,FALSE,FALSE,FALSE,FALSE,FALSE,FALSE,FALSE
4835,F,NDE,Canada,NDE,english,18,2010-10-09T00:00:00.000Z,2010-09-19T00:00:00.000Z,5981,TRUE,FALSE,FALSE,TRUE,TRUE,FALSE,FALSE,FALSE
4836,M,Probable NDE,United States,Probable NDE,english,9,2010-10-09T00:00:00.000Z,1995-09-27T00:00:00.000Z,3559,FALSE,FALSE,FALSE,TRUE,FALSE,FALSE,FALSE,FALSE
4837,F,NDE,United States,NDE,english,3,2010-10-09T00:00:00.000Z,1960-01-01T00:00:00.000Z,8312,FALSE,FALSE,FALSE,TRUE,FALSE,FALSE,FALSE,FALSE
4838,M,Probable NDE,France,Probable NDE,french,11,2010-10-09T00:00:00.000Z,2010-01-01T00:00:00.000Z,2986,FALSE,TRUE,FALSE,TRUE,FALSE,FALSE,FALSE,FALSE
4839,F,NDE,United States,NDE,english,7,2010-10-09T00:00:00.000Z,2010-05-25T00:00:00.000Z,5021,FALSE,FALSE,FALSE,TRUE,FALSE,FALSE,FALSE,FALSE
4842,F,Probable NDE,United States,Probable NDE,english,10,2010-10-09T00:00:00.000Z,2010-10-01T00:00:00.000Z,2007,TRUE,FALSE,FALSE,TRUE,FALSE,FALSE,FALSE,FALSE
4844,F,NDE,Canada,NDE,english,7,2011-09-07T00:00:00.000Z,2010-01-01T00:00:00.000Z,5409,FALSE,FALSE,FALSE,TRUE,FALSE,FALSE,FALSE,FALSE
4845,F,NDE,United States,NDE,english,5,2010-10-09T00:00:00.000Z,1992-01-01T00:00:00.000Z,12198,FALSE,FALSE,FALSE,TRUE,FALSE,FALSE,FALSE,FALSE
4846,F,Probable NDE,United States,Probable NDE,english,13,2010-10-09T00:00:00.000Z,1972-01-01T00:00:00.000Z,12960,FALSE,FALSE,FALSE,TRUE,FALSE,FALSE,FALSE,FALSE
4849,F,NDE,United States,NDE,english,11,2010-10-09T00:00:00.000Z,1977-01-18T00:00:00.000Z,7327,FALSE,FALSE,FALSE,TRUE,FALSE,FALSE,FALSE,FALSE
4850,M,NDE,Mexico,NDE,english,6,2011-08-12T00:00:00.000Z,2008-09-18T00:00:00.000Z,15566,TRUE,FALSE,FALSE,TRUE,FALSE,FALSE,FALSE,FALSE
4852,F,Probable NDE,United States,Probable NDE,english,10,2010-10-16T00:00:00.000Z,1995-06-05T00:00:00.000Z,4184,FALSE,FALSE,FALSE,FALSE,FALSE,FALSE,FALSE,FALSE
4854,F,NDE,United States,NDE,english,18,2010-10-16T00:00:00.000Z,1988-08-08T00:00:00.000Z,11909,TRUE,FALSE,FALSE,TRUE,TRUE,FALSE,FALSE,FALSE
4859,F,NDE,Costa Rica,NDE,spanish,24,2010-10-23T00:00:00.000Z,1978-01-01T00:00:00.000Z,10033,FALSE,FALSE,FALSE,TRUE,FALSE,FALSE,FALSE,FALSE
4860,M,Probable NDE,United States,Probable NDE,english,11,2010-10-23T00:00:00.000Z,1981-01-18T00:00:00.000Z,3876,TRUE,FALSE,TRUE,TRUE,FALSE,FALSE,FALSE,FALSE
4861,F,NDE,Canada,NDE,english,6,2010-10-23T00:00:00.000Z,1979-07-02T00:00:00.000Z,3282,FALSE,FALSE,FALSE,TRUE,FALSE,FALSE,FALSE,FALSE
4864,M,NDE,United States,NDE,english,14,2010-10-23T00:00:00.000Z,1970-12-09T00:00:00.000Z,4305,TRUE,FALSE,FALSE,TRUE,FALSE,FALSE,FALSE,FALSE
4865,F,Probable NDE,United States,Probable NDE,english,11,2010-10-23T00:00:00.000Z,2008-01-18T00:00:00.000Z,6856,FALSE,FALSE,FALSE,TRUE,FALSE,FALSE,FALSE,FALSE
4867,F,NDE,United Kingdom,NDE,english,4,2010-10-23T00:00:00.000Z,NA,2359,FALSE,FALSE,FALSE,TRUE,FALSE,FALSE,FALSE,FALSE
4872,M,Probable NDE,Spain,Probable NDE,italian,5,2010-11-01T00:00:00.000Z,2010-07-08T00:00:00.000Z,1804,FALSE,FALSE,FALSE,TRUE,FALSE,FALSE,FALSE,FALSE
4876,M,NDE,United States,NDE,english,6,2010-11-01T00:00:00.000Z,1977-07-18T00:00:00.000Z,3693,TRUE,FALSE,FALSE,TRUE,FALSE,FALSE,FALSE,FALSE
4877,F,NDE,United States,NDE,english,22,NA,NA,17823,TRUE,FALSE,FALSE,TRUE,FALSE,FALSE,FALSE,FALSE
4878,M,NDE,United States,NDE,english,15,2010-11-01T00:00:00.000Z,1980-08-16T00:00:00.000Z,1992,FALSE,FALSE,FALSE,TRUE,FALSE,FALSE,FALSE,FALSE
4879,M,NDE;FDE,Canada,FDE and NDE,english,8,2015-06-09T00:00:00.000Z,NA,4268,FALSE,FALSE,FALSE,TRUE,FALSE,FALSE,FALSE,FALSE
4880,F,Probable NDE,Canada,Probable NDE,english,6,2010-11-01T00:00:00.000Z,1946-01-18T00:00:00.000Z,2969,FALSE,FALSE,FALSE,TRUE,FALSE,FALSE,FALSE,FALSE
4881,F,NDE,United States,NDE,english,6,2010-11-01T00:00:00.000Z,2007-07-17T00:00:00.000Z,3574,FALSE,FALSE,FALSE,TRUE,FALSE,FALSE,FALSE,FALSE
4882,F,NDE,England,NDE,english,9,2010-11-01T00:00:00.000Z,1991-06-18T00:00:00.000Z,5182,TRUE,FALSE,FALSE,TRUE,TRUE,FALSE,FALSE,FALSE
4884,F,NDE,Argentina,NDE,spanish,4,2010-11-01T00:00:00.000Z,2010-01-01T00:00:00.000Z,7629,FALSE,FALSE,FALSE,TRUE,FALSE,FALSE,FALSE,FALSE
4885,F,Probable NDE,United States,Probable NDE,english,19,2010-11-01T00:00:00.000Z,2008-01-18T00:00:00.000Z,5613,FALSE,FALSE,FALSE,TRUE,FALSE,FALSE,FALSE,FALSE
4886,F,NDE,United States,NDE,english,7,2010-11-01T00:00:00.000Z,1964-01-18T00:00:00.000Z,2542,TRUE,TRUE,FALSE,TRUE,FALSE,FALSE,FALSE,FALSE
4888,F,Probable NDE,United States,Probable NDE,english,12,2010-11-01T00:00:00.000Z,1974-08-18T00:00:00.000Z,12040,FALSE,TRUE,FALSE,TRUE,FALSE,FALSE,FALSE,FALSE
4892,M,Probable NDE,United States,Probable NDE,english,9,2010-11-01T00:00:00.000Z,1960-01-18T00:00:00.000Z,3371,FALSE,FALSE,FALSE,FALSE,FALSE,FALSE,FALSE,FALSE
4893,M,NDE,United States,NDE,english,10,2010-11-01T00:00:00.000Z,1975-07-18T00:00:00.000Z,6515,TRUE,FALSE,FALSE,TRUE,FALSE,FALSE,FALSE,FALSE
4895,M,Probable NDE,United States,Probable NDE,english,6,2010-11-01T00:00:00.000Z,1948-01-18T00:00:00.000Z,2753,FALSE,FALSE,FALSE,FALSE,FALSE,FALSE,FALSE,FALSE
4896,M,Possible NDE,United States,Possible NDE,english,4,2010-11-01T00:00:00.000Z,1980-01-18T00:00:00.000Z,8301,FALSE,FALSE,FALSE,TRUE,FALSE,FALSE,FALSE,FALSE
4899,M,NDE,United States,NDE,english,13,2010-11-06T00:00:00.000Z,1989-04-18T00:00:00.000Z,2218,FALSE,FALSE,FALSE,TRUE,FALSE,FALSE,FALSE,FALSE
4900,M,NDE,United States,NDE,english,5,2010-11-06T00:00:00.000Z,1976-08-18T00:00:00.000Z,2986,TRUE,FALSE,FALSE,TRUE,TRUE,FALSE,FALSE,FALSE
4903,M,NDE,United States,NDE,english,6,2010-11-06T00:00:00.000Z,1978-06-18T00:00:00.000Z,4805,TRUE,FALSE,FALSE,TRUE,TRUE,FALSE,FALSE,FALSE
4904,M,NDE,United States,NDE,english,9,2010-11-12T00:00:00.000Z,2009-10-08T00:00:00.000Z,2516,TRUE,FALSE,FALSE,TRUE,TRUE,FALSE,FALSE,FALSE
4905,F,Probable NDE,United States,Probable NDE,english,7,2010-11-12T00:00:00.000Z,1955-01-01T00:00:00.000Z,5066,FALSE,FALSE,FALSE,TRUE,FALSE,FALSE,FALSE,FALSE
4906,M,NDE,United States,NDE,english,22,2010-11-12T00:00:00.000Z,NA,6827,TRUE,FALSE,FALSE,TRUE,TRUE,TRUE,FALSE,FALSE
4907,F,NDE,United States,NDE,english,14,2010-11-12T00:00:00.000Z,1981-01-01T00:00:00.000Z,3710,TRUE,FALSE,FALSE,TRUE,FALSE,FALSE,FALSE,FALSE
4908,M,NDE,Italy,NDE,italian,5,2010-11-12T00:00:00.000Z,2000-01-01T00:00:00.000Z,4007,TRUE,FALSE,FALSE,TRUE,FALSE,FALSE,FALSE,FALSE
4910,F,NDE,Canada,NDE,english,9,2010-11-12T00:00:00.000Z,1997-01-01T00:00:00.000Z,10033,TRUE,TRUE,FALSE,TRUE,FALSE,FALSE,FALSE,FALSE
4912,F,NDE,United States,NDE,english,2,2010-11-12T00:00:00.000Z,1997-01-01T00:00:00.000Z,15985,TRUE,FALSE,FALSE,TRUE,FALSE,FALSE,FALSE,FALSE
4914,F,NDE,United States,NDE,english,8,2010-11-12T00:00:00.000Z,NA,6788,TRUE,FALSE,FALSE,FALSE,FALSE,FALSE,FALSE,FALSE
4915,F,NDE,Ireland,NDE,english,20,2010-11-12T00:00:00.000Z,1997-09-18T00:00:00.000Z,3947,TRUE,FALSE,FALSE,TRUE,FALSE,FALSE,FALSE,FALSE
4917,F,NDE,Nederland,NDE,dutch,14,2010-11-19T00:00:00.000Z,2000-01-01T00:00:00.000Z,5368,TRUE,FALSE,FALSE,TRUE,FALSE,FALSE,FALSE,FALSE
4918,F,Probable NDE,United States,Probable NDE,english,8,2010-11-19T00:00:00.000Z,NA,12029,TRUE,FALSE,FALSE,TRUE,FALSE,FALSE,FALSE,FALSE
4919,M,NDE,United States,NDE,english,18,2010-11-19T00:00:00.000Z,2005-10-09T00:00:00.000Z,14377,TRUE,TRUE,FALSE,TRUE,FALSE,FALSE,FALSE,FALSE
4920,M,NDE,United States,NDE,english,2,2010-11-19T00:00:00.000Z,2009-05-18T00:00:00.000Z,2895,TRUE,FALSE,FALSE,FALSE,FALSE,FALSE,FALSE,FALSE
4921,F,NDE,Spain,NDE,spanish,16,2010-11-19T00:00:00.000Z,1998-01-18T00:00:00.000Z,5340,FALSE,FALSE,FALSE,TRUE,FALSE,FALSE,FALSE,FALSE
4922,M,NDE,United States,NDE,english,19,2013-05-03T00:00:00.000Z,2006-06-11T00:00:00.000Z,19915,TRUE,FALSE,FALSE,TRUE,TRUE,FALSE,FALSE,FALSE
4923,F,NDE,United States,NDE,english,9,2010-11-29T00:00:00.000Z,1974-09-29T00:00:00.000Z,5701,TRUE,FALSE,FALSE,TRUE,FALSE,FALSE,FALSE,FALSE
4924,M,Probable NDE,Australia,Probable NDE,english,7,2010-11-29T00:00:00.000Z,1969-01-01T00:00:00.000Z,4650,TRUE,FALSE,FALSE,TRUE,FALSE,FALSE,FALSE,FALSE
4927,M,NDE,United States,NDE,english,23,2010-11-29T00:00:00.000Z,1993-01-18T00:00:00.000Z,4795,TRUE,FALSE,FALSE,FALSE,FALSE,FALSE,FALSE,FALSE
4929,M,NDE,United States,NDE,english,11,2010-11-29T00:00:00.000Z,1989-01-18T00:00:00.000Z,4609,TRUE,FALSE,FALSE,TRUE,FALSE,FALSE,FALSE,FALSE
4930,M,NDE,United States,NDE,english,17,2010-11-29T00:00:00.000Z,1976-01-18T00:00:00.000Z,3827,TRUE,TRUE,FALSE,TRUE,FALSE,FALSE,FALSE,FALSE
4932,F,NDE,United Kingdom,NDE,english,17,2010-11-29T00:00:00.000Z,1971-01-18T00:00:00.000Z,4486,TRUE,FALSE,FALSE,TRUE,FALSE,FALSE,FALSE,FALSE
4933,M,Probable NDE,Spain,Probable NDE,spanish,17,2010-11-29T00:00:00.000Z,1997-07-18T00:00:00.000Z,4524,FALSE,FALSE,FALSE,TRUE,FALSE,FALSE,FALSE,FALSE
4935,F,NDE,Canada,NDE,english,12,2010-12-06T00:00:00.000Z,2010-11-29T00:00:00.000Z,11124,TRUE,FALSE,FALSE,TRUE,FALSE,FALSE,FALSE,FALSE
4936,M,NDE,France,NDE,french,7,2010-12-06T00:00:00.000Z,2010-11-25T00:00:00.000Z,4277,TRUE,FALSE,FALSE,FALSE,FALSE,FALSE,FALSE,FALSE
4937,F,NDE,Peru,NDE,spanish,5,2010-12-06T00:00:00.000Z,1981-01-01T00:00:00.000Z,2846,FALSE,TRUE,FALSE,TRUE,FALSE,FALSE,FALSE,FALSE
4938,F,NDE,United States,NDE,english,10,2010-12-06T00:00:00.000Z,2010-11-23T00:00:00.000Z,4801,FALSE,FALSE,FALSE,TRUE,FALSE,FALSE,FALSE,FALSE
4939,M,Probable NDE,United States,Probable NDE,english,15,2010-12-06T00:00:00.000Z,1978-01-18T00:00:00.000Z,3337,TRUE,FALSE,FALSE,TRUE,FALSE,FALSE,FALSE,FALSE
4940,M,NDE,United States,NDE,english,5,2010-12-06T00:00:00.000Z,2008-10-22T00:00:00.000Z,6604,TRUE,FALSE,FALSE,TRUE,FALSE,FALSE,FALSE,FALSE
4944,F,NDE,United States,NDE,english,6,2010-12-06T00:00:00.000Z,1991-01-18T00:00:00.000Z,6555,TRUE,FALSE,FALSE,TRUE,FALSE,FALSE,FALSE,FALSE
4945,M,NDE,United States,NDE,english,7,2010-12-06T00:00:00.000Z,2009-10-18T00:00:00.000Z,5092,FALSE,FALSE,FALSE,TRUE,FALSE,FALSE,FALSE,FALSE
4946,M,NDE,United States,NDE,english,24,2010-12-10T00:00:00.000Z,1969-01-01T00:00:00.000Z,6451,TRUE,FALSE,FALSE,TRUE,TRUE,FALSE,FALSE,FALSE
4948,M,NDE,United States,NDE,english,21,NA,NA,26668,TRUE,TRUE,FALSE,TRUE,FALSE,FALSE,FALSE,FALSE
4949,M,Probable NDE,United States,Probable NDE,english,4,2010-12-10T00:00:00.000Z,1948-01-18T00:00:00.000Z,2306,TRUE,FALSE,FALSE,TRUE,FALSE,FALSE,FALSE,FALSE
4950,F,Probable NDE,United States,Probable NDE,english,24,2014-08-08T00:00:00.000Z,1987-11-12T00:00:00.000Z,6019,TRUE,TRUE,FALSE,TRUE,FALSE,FALSE,FALSE,FALSE
4952,M,NDE,United States,NDE,english,15,2010-12-10T00:00:00.000Z,2008-01-18T00:00:00.000Z,4376,TRUE,FALSE,FALSE,TRUE,FALSE,FALSE,FALSE,FALSE
4954,M,Possible NDE,France,Possible NDE,french,6,2010-12-17T00:00:00.000Z,2001-01-01T00:00:00.000Z,2797,FALSE,FALSE,TRUE,TRUE,FALSE,FALSE,FALSE,FALSE
4955,M,NDE,United States,NDE,english,19,2010-12-17T00:00:00.000Z,1968-02-28T00:00:00.000Z,5790,FALSE,TRUE,FALSE,TRUE,FALSE,FALSE,FALSE,FALSE
4957,M,NDE,United States,NDE,english,19,NA,NA,11740,FALSE,FALSE,FALSE,FALSE,FALSE,FALSE,FALSE,FALSE
4958,F,NDE,United States,NDE,english,7,2010-12-24T00:00:00.000Z,1975-01-18T00:00:00.000Z,5299,TRUE,FALSE,FALSE,TRUE,FALSE,FALSE,FALSE,FALSE
4960,M,NDE,United States,NDE,english,11,2010-12-24T00:00:00.000Z,1972-06-18T00:00:00.000Z,14152,TRUE,FALSE,TRUE,TRUE,FALSE,FALSE,FALSE,FALSE
4962,M,NDE,United States,NDE,english,11,2010-12-24T00:00:00.000Z,1981-06-10T00:00:00.000Z,10852,TRUE,TRUE,FALSE,TRUE,TRUE,FALSE,FALSE,FALSE
4963,F,FDE,U,FDE,english,4,2010-12-31T00:00:00.000Z,1989-01-18T00:00:00.000Z,1961,FALSE,FALSE,FALSE,FALSE,FALSE,FALSE,FALSE,FALSE
4964,F,NDE,United States,NDE,english,16,2010-12-31T00:00:00.000Z,2005-01-05T00:00:00.000Z,15143,TRUE,TRUE,FALSE,TRUE,FALSE,FALSE,FALSE,FALSE
4965,F,NDE,United Kingdom,NDE,english,14,2010-12-31T00:00:00.000Z,1981-05-06T00:00:00.000Z,4008,TRUE,FALSE,FALSE,TRUE,FALSE,FALSE,FALSE,FALSE
4966,F,NDE,India,NDE,english,8,2010-12-31T00:00:00.000Z,2007-05-18T00:00:00.000Z,7124,TRUE,FALSE,FALSE,TRUE,FALSE,FALSE,FALSE,FALSE
4967,M,NDE,United States,NDE,english,14,2010-12-31T00:00:00.000Z,1988-01-18T00:00:00.000Z,13619,TRUE,FALSE,FALSE,TRUE,FALSE,FALSE,FALSE,FALSE
4968,M,NDE,United States,NDE,english,12,2010-12-31T00:00:00.000Z,2004-11-11T00:00:00.000Z,5628,FALSE,FALSE,FALSE,TRUE,FALSE,FALSE,FALSE,FALSE
4969,M,NDE,United States,NDE,english,20,2010-12-31T00:00:00.000Z,1964-10-29T00:00:00.000Z,11333,TRUE,TRUE,FALSE,TRUE,TRUE,FALSE,FALSE,FALSE
4970,F,Probable NDE,United States,Probable NDE,english,12,2010-12-31T00:00:00.000Z,1968-08-18T00:00:00.000Z,2057,FALSE,FALSE,FALSE,TRUE,FALSE,FALSE,FALSE,FALSE
4971,F,NDE,Dominican Republic,NDE,german,17,2010-12-31T00:00:00.000Z,1999-01-01T00:00:00.000Z,5254,FALSE,TRUE,TRUE,TRUE,FALSE,FALSE,FALSE,FALSE
4972,F,NDE,United States,NDE,english,20,2010-12-31T00:00:00.000Z,1982-04-04T00:00:00.000Z,7532,TRUE,TRUE,FALSE,TRUE,TRUE,FALSE,FALSE,FALSE
4973,F,Possible NDE,United States,Shared Possible NDE,english,10,2011-01-07T00:00:00.000Z,2005-07-19T00:00:00.000Z,4333,FALSE,FALSE,FALSE,FALSE,FALSE,FALSE,FALSE,FALSE
4974,F,FDE,unknown,Probable FDE,dutch,14,2011-01-07T00:00:00.000Z,1967-01-18T00:00:00.000Z,4580,TRUE,FALSE,FALSE,TRUE,FALSE,FALSE,FALSE,FALSE
4975,M,Probable NDE,Ireland,Probable NDE,dutch,16,2011-01-07T00:00:00.000Z,1997-01-18T00:00:00.000Z,4000,TRUE,TRUE,FALSE,TRUE,FALSE,FALSE,FALSE,FALSE
4980,F,NDE,United States,NDE,english,16,2011-01-07T00:00:00.000Z,1987-01-18T00:00:00.000Z,10027,TRUE,FALSE,FALSE,TRUE,FALSE,FALSE,FALSE,FALSE
4982,F,NDE,England,NDE,english,12,2011-01-07T00:00:00.000Z,1970-01-18T00:00:00.000Z,7200,TRUE,FALSE,FALSE,TRUE,TRUE,FALSE,FALSE,FALSE
4983,F,Possible NDE,Luxembourg,Possible NDE,french,6,2011-01-07T00:00:00.000Z,1993-01-01T00:00:00.000Z,3629,FALSE,FALSE,FALSE,FALSE,FALSE,FALSE,FALSE,FALSE
4984,F,NDE,United States,NDE,english,7,2011-01-07T00:00:00.000Z,1998-09-10T00:00:00.000Z,3133,FALSE,FALSE,FALSE,TRUE,FALSE,FALSE,FALSE,FALSE
4988,M,NDE,Viet Nam,NDE,english,1,2011-01-14T00:00:00.000Z,1968-07-18T00:00:00.000Z,5724,TRUE,FALSE,FALSE,TRUE,TRUE,FALSE,FALSE,FALSE
4989,F,NDE,United States,NDE,english,14,2011-01-14T00:00:00.000Z,1975-04-18T00:00:00.000Z,8879,FALSE,FALSE,FALSE,TRUE,FALSE,FALSE,FALSE,FALSE
4990,F,NDE,United States,NDE,english,19,2011-01-14T00:00:00.000Z,1993-02-18T00:00:00.000Z,4749,TRUE,TRUE,FALSE,TRUE,TRUE,FALSE,FALSE,FALSE
4991,M,NDE,Italy,NDE,italian,12,2011-01-14T00:00:00.000Z,1988-06-18T00:00:00.000Z,2316,TRUE,FALSE,FALSE,TRUE,FALSE,FALSE,FALSE,FALSE
4994,M,NDE,United States,NDE,english,9,2011-01-14T00:00:00.000Z,2009-02-02T00:00:00.000Z,5869,FALSE,TRUE,FALSE,TRUE,FALSE,FALSE,FALSE,FALSE
4995,F,Probable NDE,United States,Probable NDE,english,4,2011-01-14T00:00:00.000Z,1952-05-31T00:00:00.000Z,2690,FALSE,FALSE,FALSE,TRUE,FALSE,FALSE,FALSE,FALSE
4996,F,NDE,United States,NDE,english,15,2011-01-21T00:00:00.000Z,2010-01-01T00:00:00.000Z,6542,FALSE,FALSE,FALSE,TRUE,FALSE,FALSE,FALSE,FALSE
4998,M,NDE,United States,NDE,english,16,2011-01-21T00:00:00.000Z,2011-01-05T00:00:00.000Z,5833,FALSE,FALSE,FALSE,TRUE,FALSE,FALSE,FALSE,FALSE
4999,F,Possible NDE,France,Possible NDE,french,23,2011-01-21T00:00:00.000Z,1987-01-01T00:00:00.000Z,16486,TRUE,TRUE,TRUE,TRUE,FALSE,FALSE,FALSE,FALSE
5001,M,NDE,Kenya,NDE,english,19,2011-01-21T00:00:00.000Z,2011-12-01T00:00:00.000Z,3774,TRUE,FALSE,TRUE,TRUE,TRUE,FALSE,FALSE,FALSE
5002,F,NDE,United States,NDE,english,14,2011-01-21T00:00:00.000Z,2000-06-18T00:00:00.000Z,3876,FALSE,FALSE,FALSE,TRUE,FALSE,FALSE,FALSE,FALSE
5003,M,NDE,United States,NDE,english,20,2012-07-13T00:00:00.000Z,1951-01-01T00:00:00.000Z,30792,TRUE,FALSE,FALSE,TRUE,FALSE,FALSE,FALSE,FALSE
5007,M,NDE,Belgium,NDE,english,14,2011-01-21T00:00:00.000Z,1972-03-20T00:00:00.000Z,12935,TRUE,FALSE,TRUE,TRUE,TRUE,TRUE,FALSE,FALSE
5008,F,Probable NDE,United Kingdom,Probable NDE,english,10,2011-01-21T00:00:00.000Z,1980-01-18T00:00:00.000Z,2342,FALSE,FALSE,FALSE,TRUE,FALSE,FALSE,FALSE,FALSE
5009,M,NDE,United States,NDE,english,1,2011-01-21T00:00:00.000Z,1994-01-01T00:00:00.000Z,5740,TRUE,FALSE,FALSE,TRUE,TRUE,FALSE,FALSE,FALSE
5011,M,NDE,Israel,NDE,english,16,2011-01-28T00:00:00.000Z,1976-01-01T00:00:00.000Z,9003,FALSE,FALSE,FALSE,TRUE,FALSE,FALSE,FALSE,FALSE
5013,M,NDE,Mexico,NDE,english,11,2011-01-28T00:00:00.000Z,1981-01-18T00:00:00.000Z,4085,TRUE,FALSE,FALSE,TRUE,FALSE,FALSE,FALSE,FALSE
5016,F,NDE,Austria,NDE,german,18,2011-01-28T00:00:00.000Z,1992-03-28T00:00:00.000Z,13385,TRUE,TRUE,FALSE,TRUE,TRUE,FALSE,TRUE,FALSE
5017,M,Possible NDE,United States,Possible NDE,english,16,2011-01-28T00:00:00.000Z,1967-01-01T00:00:00.000Z,5329,TRUE,FALSE,FALSE,TRUE,FALSE,FALSE,FALSE,FALSE
5019,M,NDE,United States,NDE,english,19,2011-01-28T00:00:00.000Z,2011-01-06T00:00:00.000Z,6360,FALSE,FALSE,FALSE,TRUE,FALSE,FALSE,FALSE,FALSE
5020,F,Possible NDE,Australia,Possible NDE,english,12,2011-01-28T00:00:00.000Z,1996-01-18T00:00:00.000Z,3369,TRUE,FALSE,FALSE,TRUE,FALSE,FALSE,FALSE,FALSE
5021,F,NDE,American Samoa,NDE,english,7,2011-01-28T00:00:00.000Z,2007-07-08T00:00:00.000Z,19472,FALSE,FALSE,FALSE,TRUE,FALSE,FALSE,FALSE,FALSE
5022,F,NDE,United States,NDE,english,NA,NA,NA,9628,TRUE,TRUE,FALSE,TRUE,FALSE,FALSE,FALSE,FALSE
5023,F,NDE,United States,NDE,english,18,2014-09-05T00:00:00.000Z,1962-01-01T00:00:00.000Z,28773,TRUE,TRUE,FALSE,TRUE,FALSE,FALSE,FALSE,FALSE
5024,M,NDE,United States,NDE,english,14,2011-01-28T00:00:00.000Z,1989-01-18T00:00:00.000Z,4847,TRUE,TRUE,FALSE,TRUE,TRUE,FALSE,FALSE,FALSE
5025,M,NDE,United States,NDE,english,13,2011-01-28T00:00:00.000Z,2000-02-14T00:00:00.000Z,6524,FALSE,TRUE,FALSE,TRUE,FALSE,FALSE,FALSE,FALSE
5026,M,Probable NDE,Spain,Probable NDE,spanish,6,2011-02-04T00:00:00.000Z,2009-03-08T00:00:00.000Z,2806,FALSE,FALSE,FALSE,FALSE,FALSE,FALSE,FALSE,FALSE
5028,F,NDE,Spain,NDE,spanish,5,2011-02-04T00:00:00.000Z,1984-08-09T00:00:00.000Z,5146,TRUE,FALSE,FALSE,TRUE,FALSE,FALSE,FALSE,FALSE
5029,M,Probable NDE,Canada,Probable NDE,english,16,2011-02-04T00:00:00.000Z,2006-04-02T00:00:00.000Z,12445,TRUE,FALSE,TRUE,TRUE,FALSE,FALSE,FALSE,FALSE
5031,F,Possible NDE,United States,Possible NDE,spanish,7,2011-02-04T00:00:00.000Z,2006-01-01T00:00:00.000Z,3512,TRUE,FALSE,FALSE,TRUE,FALSE,FALSE,FALSE,FALSE
5032,F,NDE,Australia,NDE,english,10,2011-02-04T00:00:00.000Z,2010-02-06T00:00:00.000Z,6620,TRUE,FALSE,FALSE,TRUE,FALSE,FALSE,FALSE,FALSE
5035,M,NDE,United States,NDE,english,20,2011-02-04T00:00:00.000Z,1962-01-18T00:00:00.000Z,3272,TRUE,FALSE,FALSE,TRUE,FALSE,FALSE,FALSE,FALSE
5036,M,NDE,United States,NDE,english,15,2011-02-04T00:00:00.000Z,1993-10-18T00:00:00.000Z,8060,FALSE,FALSE,FALSE,TRUE,FALSE,FALSE,TRUE,FALSE
5037,F,NDE,United States,NDE,english,6,2011-02-04T00:00:00.000Z,1999-01-18T00:00:00.000Z,5766,FALSE,FALSE,FALSE,TRUE,FALSE,FALSE,FALSE,FALSE
5038,M,Probable NDE,Greece,Probable NDE,english,1,2011-02-11T00:00:00.000Z,NA,4429,TRUE,FALSE,FALSE,TRUE,FALSE,FALSE,FALSE,FALSE
5039,M,NDE,Mexico,NDE,spanish,15,2011-02-11T00:00:00.000Z,1979-01-01T00:00:00.000Z,5743,TRUE,FALSE,FALSE,TRUE,FALSE,FALSE,FALSE,FALSE
5040,F,Probable NDE,France,Probable NDE,french,18,2011-02-11T00:00:00.000Z,1990-01-01T00:00:00.000Z,5646,FALSE,FALSE,FALSE,FALSE,FALSE,FALSE,FALSE,FALSE
5041,F,Probable NDE,United States,Probable NDE,english,21,2011-02-11T00:00:00.000Z,2010-08-30T00:00:00.000Z,3589,FALSE,TRUE,FALSE,FALSE,TRUE,FALSE,FALSE,FALSE
5042,M,NDE,Canada,NDE,english,1,2022-03-15T00:00:00.000Z,2007-11-18T00:00:00.000Z,2678,FALSE,FALSE,TRUE,TRUE,FALSE,FALSE,FALSE,FALSE
5043,M,Possible NDE,United States,Possible NDE,english,1,2011-02-11T00:00:00.000Z,1970-01-01T00:00:00.000Z,3341,TRUE,FALSE,FALSE,FALSE,FALSE,FALSE,FALSE,FALSE
5045,F,NDE,Germany,NDE,german,16,2011-02-11T00:00:00.000Z,1990-01-01T00:00:00.000Z,7849,TRUE,FALSE,FALSE,TRUE,TRUE,FALSE,FALSE,FALSE
5046,F,Probable NDE,France,Probable NDE,french,9,2011-02-11T00:00:00.000Z,2006-01-01T00:00:00.000Z,2495,FALSE,FALSE,FALSE,TRUE,FALSE,FALSE,FALSE,FALSE
5049,F,NDE,United States,NDE,english,14,2011-02-11T00:00:00.000Z,2009-01-18T00:00:00.000Z,3108,FALSE,TRUE,FALSE,TRUE,FALSE,FALSE,FALSE,FALSE
5050,F,Probable NDE,France,Probable NDE,french,9,2011-02-11T00:00:00.000Z,1993-01-18T00:00:00.000Z,3415,FALSE,FALSE,FALSE,TRUE,FALSE,FALSE,FALSE,FALSE
5053,F,Possible NDE,United States,Possible NDE,english,14,2011-02-18T00:00:00.000Z,2008-10-28T00:00:00.000Z,7966,TRUE,FALSE,FALSE,FALSE,FALSE,FALSE,FALSE,FALSE
5054,M,Possible NDE,Belgium,Possible NDE,dutch,21,2011-02-18T00:00:00.000Z,2009-09-18T00:00:00.000Z,7735,FALSE,FALSE,TRUE,TRUE,FALSE,FALSE,FALSE,FALSE
5055,F,NDE,United States,NDE,english,7,2011-02-18T00:00:00.000Z,2009-01-18T00:00:00.000Z,3043,TRUE,FALSE,FALSE,TRUE,FALSE,FALSE,FALSE,FALSE
5056,F,NDE,United States,NDE,english,10,2011-02-18T00:00:00.000Z,1979-07-08T00:00:00.000Z,7160,FALSE,FALSE,FALSE,FALSE,FALSE,FALSE,FALSE,FALSE
5059,M,NDE,Australia,NDE,english,9,2011-02-18T00:00:00.000Z,1980-01-01T00:00:00.000Z,4285,TRUE,FALSE,FALSE,TRUE,FALSE,FALSE,FALSE,FALSE
5060,F,Possible NDE,France,Possible NDE,french,18,2011-02-18T00:00:00.000Z,1988-01-01T00:00:00.000Z,6103,TRUE,FALSE,FALSE,TRUE,TRUE,FALSE,FALSE,FALSE
5063,F,NDE,United States,NDE,english,12,2011-02-18T00:00:00.000Z,1978-05-09T00:00:00.000Z,6281,TRUE,FALSE,FALSE,TRUE,FALSE,FALSE,FALSE,FALSE
5064,M,NDE,Spain,NDE,spanish,9,2011-02-18T00:00:00.000Z,1974-01-18T00:00:00.000Z,4670,FALSE,FALSE,FALSE,TRUE,FALSE,FALSE,FALSE,FALSE
5066,M,NDE,United States,NDE,english,13,2011-02-25T00:00:00.000Z,1960-01-01T00:00:00.000Z,8120,TRUE,TRUE,FALSE,TRUE,TRUE,FALSE,FALSE,FALSE
5067,M,NDE,United States,NDEs,english,16,2011-02-25T00:00:00.000Z,1974-08-18T00:00:00.000Z,6807,TRUE,TRUE,FALSE,TRUE,FALSE,FALSE,FALSE,FALSE
5068,M,NDE,United States,NDE,english,17,2011-02-25T00:00:00.000Z,1989-06-12T00:00:00.000Z,16181,TRUE,TRUE,FALSE,TRUE,FALSE,FALSE,TRUE,FALSE
5069,M,NDE,United States,NDEs,english,16,2011-02-25T00:00:00.000Z,1974-08-18T00:00:00.000Z,6807,TRUE,TRUE,FALSE,TRUE,FALSE,FALSE,FALSE,FALSE
5070,M,NDE,United States,NDE,english,7,2011-02-25T00:00:00.000Z,1990-01-18T00:00:00.000Z,7104,TRUE,FALSE,FALSE,TRUE,TRUE,FALSE,FALSE,FALSE
5071,F,NDE,United States,NDE,english,17,2011-02-25T00:00:00.000Z,NA,10203,FALSE,FALSE,FALSE,TRUE,FALSE,FALSE,FALSE,FALSE
5073,F,NDE,United States,NDE,english,15,2011-02-25T00:00:00.000Z,2005-06-19T00:00:00.000Z,5249,FALSE,TRUE,FALSE,TRUE,FALSE,FALSE,FALSE,FALSE
5074,M,Dream;ICU,United States,Dream/ICU Psychosis,english,4,2011-02-25T00:00:00.000Z,NA,3275,FALSE,FALSE,FALSE,TRUE,FALSE,FALSE,FALSE,FALSE
5075,F,Probable NDE,Canada,Probable NDE,english,8,2011-03-05T00:00:00.000Z,1996-11-07T00:00:00.000Z,8121,FALSE,FALSE,TRUE,TRUE,FALSE,FALSE,FALSE,FALSE
5076,F,NDE,United States,NDE,english,3,2011-03-05T00:00:00.000Z,2010-01-22T00:00:00.000Z,3280,TRUE,FALSE,FALSE,TRUE,TRUE,FALSE,FALSE,FALSE
5082,F,NDE,United States,NDE,english,2,2011-03-05T00:00:00.000Z,1979-02-19T00:00:00.000Z,3875,TRUE,FALSE,FALSE,TRUE,FALSE,FALSE,FALSE,FALSE
5083,M,NDE,United States,NDE,english,8,2011-03-05T00:00:00.000Z,1999-10-07T00:00:00.000Z,8994,TRUE,TRUE,FALSE,TRUE,TRUE,FALSE,FALSE,FALSE
5084,M,NDE,Belgium,NDE,dutch,21,2011-03-12T00:00:00.000Z,1990-01-18T00:00:00.000Z,2791,TRUE,FALSE,FALSE,TRUE,FALSE,FALSE,FALSE,FALSE
5087,F,Probable NDE,Australia,Probable NDE,french,16,2011-03-12T00:00:00.000Z,2010-04-20T00:00:00.000Z,7656,FALSE,TRUE,FALSE,TRUE,FALSE,FALSE,FALSE,FALSE
5091,M,Possible NDE,United States,Possible NDE,english,3,2011-03-12T00:00:00.000Z,1991-01-18T00:00:00.000Z,1159,FALSE,FALSE,FALSE,TRUE,FALSE,FALSE,FALSE,FALSE
5092,F,NDE,United Kingdom,NDE,english,10,2011-03-12T00:00:00.000Z,1987-01-18T00:00:00.000Z,10960,TRUE,FALSE,FALSE,TRUE,TRUE,FALSE,FALSE,FALSE
5095,M,Probable NDE,United States,Probable NDE,english,15,2011-03-12T00:00:00.000Z,2010-10-28T00:00:00.000Z,8666,TRUE,FALSE,FALSE,TRUE,TRUE,FALSE,TRUE,FALSE
5096,M,NDE,United States,NDE,english,12,2011-03-19T00:00:00.000Z,2008-04-26T00:00:00.000Z,4675,TRUE,FALSE,FALSE,TRUE,FALSE,FALSE,FALSE,FALSE
5098,F,NDE,United States,NDE,english,11,2011-03-19T00:00:00.000Z,1980-01-19T00:00:00.000Z,7636,TRUE,FALSE,FALSE,TRUE,FALSE,FALSE,FALSE,FALSE
5100,F,NDE,Spain,NDE,spanish,14,2011-03-19T00:00:00.000Z,1994-01-01T00:00:00.000Z,6566,FALSE,TRUE,FALSE,FALSE,FALSE,FALSE,FALSE,FALSE
5101,F,NDE,Morocco,NDE,french,4,2011-03-19T00:00:00.000Z,2006-01-01T00:00:00.000Z,3727,TRUE,FALSE,FALSE,TRUE,TRUE,FALSE,FALSE,FALSE
5102,M,NDE,United States,NDE,english,14,2011-03-19T00:00:00.000Z,2010-03-10T00:00:00.000Z,5250,TRUE,FALSE,FALSE,TRUE,TRUE,FALSE,FALSE,FALSE
5103,F,Probable NDE,Sweden,Probable NDE,swedish,14,2011-03-19T00:00:00.000Z,1968-01-01T00:00:00.000Z,10487,TRUE,FALSE,FALSE,TRUE,FALSE,FALSE,FALSE,FALSE
5104,F,NDE,Argentina,NDE,es,17,2011-03-19T00:00:00.000Z,1999-01-01T00:00:00.000Z,5183,TRUE,FALSE,FALSE,TRUE,FALSE,FALSE,TRUE,FALSE
5105,F,NDE,Canada,NDE,french,13,2011-03-19T00:00:00.000Z,1977-01-01T00:00:00.000Z,5178,TRUE,FALSE,FALSE,TRUE,FALSE,FALSE,FALSE,FALSE
5107,M,NDE,Australia,NDE,english,8,2011-03-26T00:00:00.000Z,2006-06-18T00:00:00.000Z,3982,FALSE,FALSE,FALSE,TRUE,FALSE,FALSE,FALSE,FALSE
5110,F,Probable NDE,Portugal,Probable NDE,portuguese,3,2011-03-26T00:00:00.000Z,1988-01-01T00:00:00.000Z,5493,TRUE,FALSE,FALSE,TRUE,FALSE,FALSE,FALSE,FALSE
5112,F,Probable NDE,Kentucky,Probable NDE,english,17,2013-01-04T00:00:00.000Z,2012-01-18T00:00:00.000Z,9712,TRUE,FALSE,FALSE,TRUE,FALSE,FALSE,FALSE,FALSE
5115,F,NDE,Italy,NDE,english,11,2011-03-26T00:00:00.000Z,1975-07-17T00:00:00.000Z,4469,FALSE,FALSE,FALSE,TRUE,FALSE,FALSE,FALSE,FALSE
5116,M,NDE,France,NDE,french,2,2011-03-26T00:00:00.000Z,2009-01-12T00:00:00.000Z,4122,FALSE,FALSE,FALSE,TRUE,FALSE,FALSE,FALSE,FALSE
5117,F,NDE,France,NDE,french,8,2011-03-26T00:00:00.000Z,1965-01-01T00:00:00.000Z,4373,TRUE,FALSE,FALSE,TRUE,FALSE,FALSE,TRUE,FALSE
5118,F,NDE,United States,NDE,english,14,2011-03-26T00:00:00.000Z,1994-11-17T00:00:00.000Z,9981,TRUE,FALSE,FALSE,TRUE,FALSE,FALSE,FALSE,FALSE
5120,F,Possible NDE,United States,Possible NDE,english,4,2011-03-26T00:00:00.000Z,1991-03-18T00:00:00.000Z,8240,FALSE,FALSE,FALSE,TRUE,FALSE,FALSE,FALSE,FALSE
5121,M,NDE,United States,NDE,english,18,2011-03-26T00:00:00.000Z,2011-03-22T00:00:00.000Z,2861,FALSE,FALSE,FALSE,TRUE,FALSE,FALSE,FALSE,FALSE
5122,F,NDE,United States,NDE,english,15,2011-03-26T00:00:00.000Z,1995-04-18T00:00:00.000Z,8181,FALSE,TRUE,FALSE,TRUE,TRUE,FALSE,FALSE,FALSE
5123,F,NDE,Brazil,NDE,portuguese,18,2011-03-26T00:00:00.000Z,2007-08-20T00:00:00.000Z,10243,FALSE,TRUE,FALSE,FALSE,FALSE,FALSE,TRUE,FALSE
5124,F,NDE,United States,NDE,english,5,2011-03-26T00:00:00.000Z,1999-09-23T00:00:00.000Z,2653,TRUE,FALSE,FALSE,TRUE,FALSE,FALSE,FALSE,FALSE
5125,F,NDE,United States,NDE,english,16,2011-03-26T00:00:00.000Z,1972-07-10T00:00:00.000Z,9456,TRUE,FALSE,FALSE,TRUE,FALSE,FALSE,FALSE,FALSE
5126,F,Probable NDE,United States,Probable NDE,english,12,2011-03-26T00:00:00.000Z,2000-06-18T00:00:00.000Z,15169,FALSE,FALSE,FALSE,TRUE,FALSE,FALSE,FALSE,FALSE
5128,M,NDE,Spain,NDE,spanish,6,2011-04-02T00:00:00.000Z,1981-01-18T00:00:00.000Z,2329,FALSE,FALSE,FALSE,TRUE,FALSE,FALSE,FALSE,FALSE
5129,M,NDE,United States,NDE,english,6,2011-04-02T00:00:00.000Z,1971-11-18T00:00:00.000Z,4603,TRUE,FALSE,FALSE,TRUE,TRUE,FALSE,FALSE,FALSE
5130,M,NDE,United States,NDE,english,13,2011-04-02T00:00:00.000Z,2006-01-01T00:00:00.000Z,3601,FALSE,FALSE,FALSE,FALSE,FALSE,FALSE,FALSE,FALSE
5131,F,NDE,United States,NDE,english,5,2011-04-02T00:00:00.000Z,1980-03-23T00:00:00.000Z,3776,FALSE,FALSE,FALSE,FALSE,FALSE,FALSE,FALSE,FALSE
5132,M,NDE,United States,NDE,english,14,2011-04-02T00:00:00.000Z,1991-05-21T00:00:00.000Z,4106,FALSE,FALSE,FALSE,TRUE,FALSE,FALSE,FALSE,FALSE
5133,M,NDE,Netherlands,NDE,dutch,14,2011-04-02T00:00:00.000Z,1956-01-18T00:00:00.000Z,4314,TRUE,TRUE,FALSE,TRUE,FALSE,FALSE,FALSE,FALSE
5134,F,NDE,United States,NDE,english,16,2011-04-02T00:00:00.000Z,2003-11-03T00:00:00.000Z,5927,TRUE,FALSE,FALSE,TRUE,FALSE,FALSE,TRUE,FALSE
5136,F,FDE,United States,FDE,english,8,2013-02-22T00:00:00.000Z,1975-01-18T00:00:00.000Z,14672,FALSE,FALSE,FALSE,FALSE,FALSE,FALSE,FALSE,FALSE
5138,M,FDE,United States,FDE,english,15,2011-04-09T00:00:00.000Z,1969-01-01T00:00:00.000Z,5199,FALSE,FALSE,FALSE,TRUE,FALSE,FALSE,FALSE,FALSE
5139,F,NDE,Cyprus,NDE,english,13,2011-04-09T00:00:00.000Z,2003-11-18T00:00:00.000Z,5310,TRUE,FALSE,FALSE,TRUE,FALSE,FALSE,FALSE,FALSE
5140,F,NDE,United States,NDE,english,9,2011-04-09T00:00:00.000Z,2009-10-08T00:00:00.000Z,5872,FALSE,TRUE,FALSE,TRUE,FALSE,FALSE,FALSE,FALSE
5142,F,NDE,United States,NDE,english,15,2011-04-09T00:00:00.000Z,2011-03-07T00:00:00.000Z,5941,TRUE,FALSE,FALSE,TRUE,FALSE,FALSE,FALSE,FALSE
5143,F,NDE,United States,NDE,english,8,2011-04-09T00:00:00.000Z,1977-01-01T00:00:00.000Z,3813,FALSE,FALSE,FALSE,TRUE,FALSE,TRUE,FALSE,FALSE
5145,M,NDE,United States,NDE,english,12,2011-04-09T00:00:00.000Z,1966-01-18T00:00:00.000Z,10697,TRUE,FALSE,FALSE,TRUE,TRUE,FALSE,FALSE,FALSE
5146,M,NDE,Germany,NDE,german,13,2011-04-09T00:00:00.000Z,2009-09-25T00:00:00.000Z,12942,TRUE,FALSE,FALSE,TRUE,FALSE,FALSE,FALSE,FALSE
5148,M,Possible NDE,Philippines,Possible NDE,english,7,2011-04-16T00:00:00.000Z,1996-01-01T00:00:00.000Z,4078,TRUE,FALSE,FALSE,TRUE,FALSE,FALSE,FALSE,FALSE
5150,M,NDE,United States,NDE,english,0,2011-04-16T00:00:00.000Z,1982-11-18T00:00:00.000Z,2412,TRUE,FALSE,FALSE,TRUE,FALSE,FALSE,FALSE,FALSE
5152,F,Probable NDE,United States,Probable NDE,english,4,2011-04-16T00:00:00.000Z,2009-10-30T00:00:00.000Z,5340,TRUE,FALSE,FALSE,TRUE,FALSE,FALSE,FALSE,FALSE
5154,F,NDE,United States,NDE,english,14,2011-05-21T00:00:00.000Z,1968-01-18T00:00:00.000Z,6246,TRUE,FALSE,FALSE,TRUE,TRUE,FALSE,FALSE,FALSE
5155,F,NDE,United States,NDE,english,10,2011-04-22T00:00:00.000Z,2004-01-18T00:00:00.000Z,3203,FALSE,FALSE,FALSE,FALSE,FALSE,TRUE,FALSE,FALSE
5160,M,Probable NDE,United States,Probable NDE,english,5,2011-04-22T00:00:00.000Z,2009-06-15T00:00:00.000Z,2022,FALSE,FALSE,FALSE,TRUE,FALSE,FALSE,FALSE,FALSE
5165,F,NDE,France,NDE,french,16,2011-04-29T00:00:00.000Z,2011-01-01T00:00:00.000Z,12346,TRUE,FALSE,TRUE,TRUE,FALSE,FALSE,FALSE,FALSE
5166,M,NDE,United States,NDE,english,23,NA,NA,20442,FALSE,TRUE,TRUE,TRUE,FALSE,FALSE,FALSE,FALSE
5167,M,Birth,United States,Other,english,15,2011-04-29T00:00:00.000Z,1983-01-01T00:00:00.000Z,10781,FALSE,FALSE,FALSE,TRUE,TRUE,FALSE,FALSE,FALSE
5168,F,NDE,United States,NDE,english,6,2017-01-18T00:00:00.000Z,NA,2200,TRUE,FALSE,FALSE,TRUE,TRUE,FALSE,FALSE,FALSE
5169,M,NDE,United States,NDE,english,9,2011-04-29T00:00:00.000Z,2007-03-18T00:00:00.000Z,4598,TRUE,FALSE,FALSE,TRUE,FALSE,FALSE,FALSE,FALSE
5170,M,NDE,United States,NDE,english,7,2011-04-29T00:00:00.000Z,1974-01-18T00:00:00.000Z,3094,TRUE,FALSE,FALSE,TRUE,FALSE,FALSE,FALSE,FALSE
5171,M,NDE,Argentina,NDE,spanish,19,2011-04-29T00:00:00.000Z,2005-05-17T00:00:00.000Z,3120,FALSE,FALSE,FALSE,TRUE,FALSE,FALSE,FALSE,FALSE
5174,M,NDE,United States,NDE,english,15,2011-05-06T00:00:00.000Z,1988-04-03T00:00:00.000Z,6308,TRUE,TRUE,FALSE,TRUE,TRUE,FALSE,FALSE,FALSE
5179,M,NDE,United States,NDE,english,9,2011-05-06T00:00:00.000Z,1977-08-18T00:00:00.000Z,11209,TRUE,FALSE,FALSE,TRUE,FALSE,FALSE,FALSE,FALSE
5180,M,NDE,United States,NDE,english,4,2011-05-06T00:00:00.000Z,1981-07-18T00:00:00.000Z,3890,TRUE,FALSE,FALSE,TRUE,FALSE,FALSE,FALSE,FALSE
5181,M,FDE,Canada,FDE,english,11,2011-05-06T00:00:00.000Z,1984-06-18T00:00:00.000Z,5943,TRUE,FALSE,FALSE,TRUE,TRUE,FALSE,FALSE,FALSE
5184,M,NDE,Canada,NDE,english,9,2011-05-13T00:00:00.000Z,1976-01-01T00:00:00.000Z,3981,TRUE,FALSE,FALSE,FALSE,FALSE,FALSE,FALSE,FALSE
5185,F,NDE,United States,NDE,english,8,2011-05-13T00:00:00.000Z,2004-01-18T00:00:00.000Z,6176,TRUE,FALSE,FALSE,TRUE,FALSE,FALSE,FALSE,FALSE
5186,F,Probable NDE,United States,Probable NDE,english,8,2011-05-13T00:00:00.000Z,2011-05-10T00:00:00.000Z,7441,TRUE,FALSE,FALSE,TRUE,FALSE,FALSE,FALSE,FALSE
5188,F,NDE,United States,NDE,english,13,2011-05-13T00:00:00.000Z,1980-08-22T00:00:00.000Z,7468,FALSE,TRUE,FALSE,TRUE,FALSE,FALSE,FALSE,FALSE
5190,F,NDE,United States,NDE,english,14,2011-05-21T00:00:00.000Z,1968-01-18T00:00:00.000Z,6246,TRUE,FALSE,FALSE,TRUE,TRUE,FALSE,FALSE,FALSE
5191,M,NDE,Zimbabwe,NDE,english,12,2011-05-21T00:00:00.000Z,1976-12-18T00:00:00.000Z,3902,TRUE,TRUE,FALSE,TRUE,TRUE,FALSE,FALSE,FALSE
5192,F,NDE,United States,NDE,english,12,2011-05-21T00:00:00.000Z,1987-05-28T00:00:00.000Z,4411,FALSE,TRUE,FALSE,TRUE,FALSE,FALSE,FALSE,FALSE
5195,M,Possible NDE,Germany,Possible NDE,english,17,2011-05-21T00:00:00.000Z,1973-11-17T00:00:00.000Z,11303,TRUE,FALSE,FALSE,TRUE,FALSE,FALSE,FALSE,FALSE
5197,M,NDE,Italy,NDE,italian,22,2011-05-27T00:00:00.000Z,2010-10-31T00:00:00.000Z,6011,TRUE,TRUE,FALSE,TRUE,FALSE,FALSE,FALSE,FALSE
5198,M,NDE,Canada,NDE,english,3,2011-05-27T00:00:00.000Z,1956-01-18T00:00:00.000Z,5218,TRUE,FALSE,FALSE,TRUE,FALSE,FALSE,FALSE,FALSE
5201,F,NDE,United States,NDE,english,17,2011-05-27T00:00:00.000Z,2009-06-07T00:00:00.000Z,7622,FALSE,FALSE,FALSE,TRUE,FALSE,FALSE,FALSE,FALSE
5207,M,NDE,United States,NDE,english,0,2011-06-03T00:00:00.000Z,1978-01-01T00:00:00.000Z,4726,TRUE,FALSE,FALSE,TRUE,FALSE,FALSE,FALSE,FALSE
5209,F,NDE,Italy,NDE,italian,4,2011-06-03T00:00:00.000Z,2002-01-18T00:00:00.000Z,3584,FALSE,FALSE,FALSE,TRUE,FALSE,FALSE,FALSE,FALSE
5210,F,NDE,Norway,Secondhand NDE,english,1,2011-06-03T00:00:00.000Z,1934-11-18T00:00:00.000Z,3493,TRUE,FALSE,FALSE,TRUE,TRUE,FALSE,FALSE,FALSE
5211,F,Probable NDE,Serbia,Probable NDE,italian,15,2011-06-03T00:00:00.000Z,2006-11-14T00:00:00.000Z,3117,FALSE,FALSE,FALSE,TRUE,FALSE,FALSE,FALSE,FALSE
5212,M,NDE,United States,NDE,english,20,2011-06-03T00:00:00.000Z,2011-02-07T00:00:00.000Z,6370,TRUE,FALSE,FALSE,TRUE,FALSE,TRUE,TRUE,FALSE
5215,M,FDE,United States,FDE,english,3,2011-06-03T00:00:00.000Z,2009-06-18T00:00:00.000Z,7496,FALSE,FALSE,FALSE,TRUE,FALSE,FALSE,FALSE,FALSE
5216,M,NDE,France,NDE,french,7,2011-06-03T00:00:00.000Z,1992-01-18T00:00:00.000Z,8268,FALSE,TRUE,FALSE,FALSE,FALSE,FALSE,FALSE,FALSE
5219,M,NDE,United States,NDE,english,6,2011-06-10T00:00:00.000Z,1952-01-01T00:00:00.000Z,6408,FALSE,FALSE,FALSE,TRUE,FALSE,FALSE,FALSE,FALSE
5220,M,NDE,France,NDE,french,9,2011-06-10T00:00:00.000Z,1986-01-18T00:00:00.000Z,3863,TRUE,FALSE,FALSE,TRUE,TRUE,FALSE,FALSE,FALSE
5222,M,Probable NDE,United States,Probable NDE,english,5,2011-06-10T00:00:00.000Z,1981-12-02T00:00:00.000Z,11492,TRUE,FALSE,FALSE,TRUE,FALSE,FALSE,FALSE,FALSE
5223,M,NDE,United States,NDE,english,5,2011-06-17T00:00:00.000Z,2001-01-01T00:00:00.000Z,3699,TRUE,FALSE,FALSE,TRUE,FALSE,FALSE,FALSE,FALSE
5225,M,Probable NDE,Australia,Probable NDE,english,16,2011-06-17T00:00:00.000Z,1992-08-20T00:00:00.000Z,2391,TRUE,FALSE,FALSE,TRUE,TRUE,FALSE,FALSE,FALSE
5226,M,Probable NDE,United States,Probable NDE,english,6,2011-06-17T00:00:00.000Z,1933-01-18T00:00:00.000Z,3540,TRUE,TRUE,FALSE,TRUE,FALSE,FALSE,FALSE,FALSE
5228,M,Probable NDE,United States,Probable NDE,english,18,2011-06-17T00:00:00.000Z,2005-07-04T00:00:00.000Z,5339,FALSE,TRUE,FALSE,TRUE,FALSE,FALSE,FALSE,FALSE
5229,F,Probable NDE,Spain,Probable NDE,es,9,2011-06-17T00:00:00.000Z,2011-12-06T00:00:00.000Z,4842,TRUE,FALSE,FALSE,TRUE,FALSE,FALSE,FALSE,FALSE
5231,M,NDE,Canada,NDE,english,20,2011-06-17T00:00:00.000Z,2008-06-17T00:00:00.000Z,6119,FALSE,FALSE,FALSE,TRUE,FALSE,FALSE,TRUE,FALSE
5234,M,Probable NDE,United States,Probable NDE,english,15,2011-06-17T00:00:00.000Z,1964-01-01T00:00:00.000Z,23501,FALSE,FALSE,FALSE,TRUE,FALSE,FALSE,FALSE,FALSE
5236,M,Possible NDE,United States,Possible NDE,english,0,2011-06-17T00:00:00.000Z,1964-01-01T00:00:00.000Z,4187,FALSE,FALSE,FALSE,FALSE,FALSE,FALSE,FALSE,FALSE
5238,F,NDE,United States,NDE,english,7,2011-06-24T00:00:00.000Z,1965-11-11T00:00:00.000Z,5424,TRUE,FALSE,FALSE,TRUE,FALSE,FALSE,FALSE,FALSE
5239,M,NDE,United States,NDE,english,7,2011-06-24T00:00:00.000Z,1979-07-05T00:00:00.000Z,4931,TRUE,TRUE,FALSE,TRUE,FALSE,FALSE,FALSE,FALSE
5241,F,NDE,United States,NDE,english,22,2011-06-24T00:00:00.000Z,2006-04-22T00:00:00.000Z,13180,TRUE,TRUE,TRUE,TRUE,TRUE,FALSE,FALSE,FALSE
5243,F,NDE,India,NDE,english,13,2011-07-01T00:00:00.000Z,1984-11-15T00:00:00.000Z,7935,TRUE,TRUE,FALSE,TRUE,TRUE,FALSE,FALSE,FALSE
5245,F,NDE,France,NDE,french,8,2011-07-01T00:00:00.000Z,1994-07-09T00:00:00.000Z,2206,FALSE,FALSE,FALSE,TRUE,FALSE,FALSE,FALSE,FALSE
5246,M,Probable NDE,United States,Probable NDE,english,3,2011-07-01T00:00:00.000Z,1959-01-14T00:00:00.000Z,3027,TRUE,FALSE,FALSE,TRUE,TRUE,FALSE,FALSE,FALSE
5248,M,NDE,United States,NDE,english,20,2011-07-01T00:00:00.000Z,2001-09-22T00:00:00.000Z,11794,TRUE,TRUE,TRUE,FALSE,FALSE,FALSE,FALSE,FALSE
5251,M,NDE,United States,Shared NDE,english,20,2011-07-01T00:00:00.000Z,2010-01-01T00:00:00.000Z,8377,FALSE,FALSE,FALSE,TRUE,FALSE,FALSE,FALSE,FALSE
5252,M,NDE,United States,NDE,english,21,2011-07-01T00:00:00.000Z,1978-10-18T00:00:00.000Z,11033,TRUE,FALSE,TRUE,TRUE,FALSE,FALSE,FALSE,FALSE
5253,M,NDE,United States,NDE,english,14,2011-07-01T00:00:00.000Z,2011-11-18T00:00:00.000Z,6426,FALSE,FALSE,FALSE,TRUE,FALSE,FALSE,FALSE,FALSE
5254,F,NDE,United States,NDE,english,17,2011-07-03T00:00:00.000Z,2000-01-18T00:00:00.000Z,6014,TRUE,FALSE,FALSE,TRUE,FALSE,FALSE,FALSE,FALSE
5255,M,Probable NDE,United States,Probable NDE,english,6,2011-07-03T00:00:00.000Z,1984-01-18T00:00:00.000Z,1886,FALSE,FALSE,FALSE,TRUE,FALSE,FALSE,FALSE,FALSE
5256,F,NDE,Japan,NDE,english,10,2011-07-03T00:00:00.000Z,1972-09-18T00:00:00.000Z,12091,TRUE,FALSE,FALSE,TRUE,FALSE,FALSE,FALSE,FALSE
5258,F,NDE,United States,NDE,english,18,2011-07-03T00:00:00.000Z,1963-09-13T00:00:00.000Z,4195,TRUE,FALSE,TRUE,TRUE,FALSE,FALSE,FALSE,FALSE
5259,F,NDE,United States,NDEs,english,13,2012-02-17T00:00:00.000Z,2006-03-16T00:00:00.000Z,27054,FALSE,FALSE,FALSE,TRUE,FALSE,FALSE,FALSE,FALSE
5261,F,NDE,United States,NDE,english,13,2011-07-03T00:00:00.000Z,1959-01-18T00:00:00.000Z,7950,FALSE,FALSE,FALSE,TRUE,FALSE,FALSE,FALSE,FALSE
5263,F,NDE,United States,NDE,english,21,NA,NA,8904,TRUE,FALSE,FALSE,TRUE,FALSE,FALSE,FALSE,FALSE
5265,F,NDE,Germany,NDE,english,8,2011-07-03T00:00:00.000Z,1967-01-01T00:00:00.000Z,5720,FALSE,FALSE,FALSE,TRUE,FALSE,FALSE,FALSE,FALSE
5266,F,NDE,United States,NDE,english,19,2011-07-03T00:00:00.000Z,2001-07-18T00:00:00.000Z,6189,FALSE,FALSE,FALSE,TRUE,FALSE,FALSE,FALSE,FALSE
5267,M,Probable NDE,United Kingdom,Probable NDE,english,17,2011-07-03T00:00:00.000Z,2011-04-04T00:00:00.000Z,3577,FALSE,FALSE,TRUE,FALSE,FALSE,FALSE,FALSE,FALSE
5268,F,Probable NDE,United States,Probable NDE,english,5,2011-07-08T00:00:00.000Z,1996-01-01T00:00:00.000Z,3245,TRUE,FALSE,FALSE,TRUE,FALSE,TRUE,FALSE,FALSE
5269,F,NDE,United States,NDE,english,18,2011-07-08T00:00:00.000Z,1998-01-18T00:00:00.000Z,4611,FALSE,FALSE,FALSE,TRUE,FALSE,FALSE,FALSE,FALSE
5270,M,NDE,United States,NDE,english,23,2011-07-08T00:00:00.000Z,NA,7378,TRUE,FALSE,FALSE,TRUE,FALSE,FALSE,FALSE,FALSE
5271,F,NDE,United States,NDE,english,13,2011-07-08T00:00:00.000Z,1973-01-01T00:00:00.000Z,8168,TRUE,FALSE,FALSE,TRUE,FALSE,TRUE,FALSE,FALSE
5272,F,NDE,United States,NDE,english,2,2011-07-08T00:00:00.000Z,1970-01-01T00:00:00.000Z,6498,FALSE,FALSE,FALSE,TRUE,FALSE,FALSE,FALSE,FALSE
5274,M,NDE,Turkey,NDE,turkish,4,2011-07-08T00:00:00.000Z,1976-01-18T00:00:00.000Z,4537,TRUE,FALSE,FALSE,TRUE,FALSE,FALSE,FALSE,FALSE
5275,F,NDE,France,Shared NDE,english,19,2011-07-08T00:00:00.000Z,1980-01-18T00:00:00.000Z,4570,TRUE,TRUE,FALSE,FALSE,FALSE,FALSE,FALSE,FALSE
5276,M,NDE,Netherlands,NDE,spanish,12,2011-07-08T00:00:00.000Z,2010-07-23T00:00:00.000Z,2044,FALSE,FALSE,FALSE,TRUE,FALSE,FALSE,FALSE,FALSE
5278,M,FDE,U,FDE,english,11,2011-07-08T00:00:00.000Z,1997-07-18T00:00:00.000Z,8355,TRUE,FALSE,TRUE,TRUE,FALSE,FALSE,FALSE,FALSE
5281,M,Probable NDE,Australia,Probable NDE,english,1,2011-07-08T00:00:00.000Z,1980-01-18T00:00:00.000Z,5459,FALSE,TRUE,FALSE,TRUE,FALSE,FALSE,FALSE,FALSE
5282,F,Possible NDE,Italy,Possible NDE,italian,5,2011-07-15T00:00:00.000Z,1996-01-18T00:00:00.000Z,3139,FALSE,FALSE,FALSE,TRUE,FALSE,FALSE,FALSE,FALSE
5284,M,NDE,United States,NDE,english,17,2011-07-15T00:00:00.000Z,1993-09-11T00:00:00.000Z,3642,TRUE,FALSE,FALSE,TRUE,FALSE,FALSE,FALSE,FALSE
5285,M,Probable NDE,United Kingdom,Probable NDE/Shared Death Experience,english,2,2011-07-22T00:00:00.000Z,2006-07-18T00:00:00.000Z,4453,TRUE,FALSE,FALSE,TRUE,TRUE,FALSE,FALSE,FALSE
5286,F,NDE,United States,NDE,english,6,2011-07-22T00:00:00.000Z,1985-09-18T00:00:00.000Z,3213,TRUE,FALSE,FALSE,TRUE,TRUE,FALSE,FALSE,FALSE
5287,F,NDE,United States,NDE,english,10,2011-07-22T00:00:00.000Z,1969-01-18T00:00:00.000Z,4123,TRUE,FALSE,FALSE,TRUE,FALSE,FALSE,FALSE,FALSE
5288,F,NDE,United States,NDE,english,16,2011-07-28T00:00:00.000Z,2011-07-18T00:00:00.000Z,8988,TRUE,FALSE,FALSE,TRUE,FALSE,FALSE,FALSE,FALSE
5289,M,NDE,United States,NDE,english,15,2011-07-28T00:00:00.000Z,2010-04-08T00:00:00.000Z,4865,TRUE,FALSE,FALSE,TRUE,FALSE,FALSE,FALSE,FALSE
5290,M,NDE,United States,NDE,english,12,2011-07-28T00:00:00.000Z,2003-01-18T00:00:00.000Z,4474,TRUE,FALSE,TRUE,TRUE,FALSE,FALSE,FALSE,FALSE
5293,M,NDE,United States,NDE,english,12,2010-08-08T00:00:00.000Z,2008-10-28T00:00:00.000Z,16563,TRUE,FALSE,FALSE,TRUE,FALSE,FALSE,FALSE,FALSE
5294,F,NDE,Mexico,NDE,spanish,17,2011-08-05T00:00:00.000Z,2005-01-01T00:00:00.000Z,3915,FALSE,FALSE,FALSE,TRUE,FALSE,FALSE,FALSE,FALSE
5295,F,NDE,United States,NDE,english,12,2011-08-05T00:00:00.000Z,NA,4544,FALSE,FALSE,FALSE,TRUE,FALSE,FALSE,FALSE,FALSE
5296,F,NDE,France,NDE,french,7,2011-08-05T00:00:00.000Z,NA,4607,TRUE,TRUE,FALSE,TRUE,FALSE,FALSE,FALSE,FALSE
5297,M,NDE,United States,NDE,english,18,2011-08-05T00:00:00.000Z,2008-02-17T00:00:00.000Z,3779,TRUE,FALSE,FALSE,TRUE,FALSE,FALSE,FALSE,FALSE
5298,M,Probable NDE,United States,Probable NDE,english,15,2011-08-05T00:00:00.000Z,2008-02-18T00:00:00.000Z,6679,FALSE,FALSE,FALSE,TRUE,FALSE,FALSE,FALSE,FALSE
5299,F,NDE,United States,NDE,english,13,2011-08-05T00:00:00.000Z,2000-03-18T00:00:00.000Z,9274,FALSE,FALSE,FALSE,TRUE,FALSE,FALSE,FALSE,FALSE
5300,M,NDE,United States,NDE,english,15,2011-08-05T00:00:00.000Z,1959-08-18T00:00:00.000Z,4436,TRUE,TRUE,FALSE,TRUE,TRUE,FALSE,FALSE,FALSE
5301,M,NDE,United States,NDE,english,18,2011-08-05T00:00:00.000Z,1975-01-01T00:00:00.000Z,5375,FALSE,FALSE,FALSE,TRUE,FALSE,TRUE,FALSE,FALSE
5302,F,Probable NDE,United States,Probable NDE,english,9,2011-08-05T00:00:00.000Z,1982-01-18T00:00:00.000Z,5766,FALSE,FALSE,FALSE,TRUE,FALSE,FALSE,FALSE,FALSE
5304,F,NDE,United States,Secondhand NDE,english,8,2011-08-05T00:00:00.000Z,1971-01-18T00:00:00.000Z,6518,TRUE,FALSE,FALSE,TRUE,FALSE,FALSE,FALSE,FALSE
5305,F,NDE,United States,NDE,english,7,2011-08-05T00:00:00.000Z,1974-12-15T00:00:00.000Z,3590,TRUE,FALSE,FALSE,TRUE,TRUE,FALSE,FALSE,FALSE
5306,M,NDE,United States,NDE,english,4,2011-08-05T00:00:00.000Z,1955-01-01T00:00:00.000Z,3471,TRUE,FALSE,FALSE,TRUE,FALSE,FALSE,FALSE,FALSE
5307,F,Probable NDE,Gabon,Probable NDE,french,4,2011-08-05T00:00:00.000Z,1984-09-25T00:00:00.000Z,6440,TRUE,FALSE,FALSE,TRUE,FALSE,FALSE,FALSE,FALSE
5309,F,NDE,Germany,NDE,german,16,2011-08-12T00:00:00.000Z,2005-10-11T00:00:00.000Z,7355,TRUE,FALSE,FALSE,TRUE,FALSE,FALSE,FALSE,FALSE
5312,M,NDE,Mexico,NDE,english,6,2011-08-12T00:00:00.000Z,2008-09-18T00:00:00.000Z,15566,TRUE,FALSE,FALSE,TRUE,FALSE,FALSE,FALSE,FALSE
5313,F,NDE,United Kingdom,NDE,english,19,2011-08-12T00:00:00.000Z,1998-01-01T00:00:00.000Z,9991,TRUE,FALSE,FALSE,TRUE,TRUE,FALSE,TRUE,FALSE
5314,F,Probable NDE,England,Probable NDE,english,8,2011-08-12T00:00:00.000Z,1995-09-15T00:00:00.000Z,3989,FALSE,FALSE,TRUE,TRUE,FALSE,FALSE,FALSE,FALSE
5315,F,NDE,Australia,NDE,english,4,2011-08-12T00:00:00.000Z,2010-01-01T00:00:00.000Z,3117,FALSE,FALSE,FALSE,FALSE,FALSE,FALSE,FALSE,FALSE
5317,M,NDE,United States,NDE,english,9,2011-08-12T00:00:00.000Z,2011-04-22T00:00:00.000Z,2187,FALSE,FALSE,FALSE,TRUE,FALSE,FALSE,FALSE,FALSE
5320,F,NDE,United States,NDE,english,15,2011-08-12T00:00:00.000Z,2009-01-22T00:00:00.000Z,8267,FALSE,TRUE,FALSE,TRUE,FALSE,FALSE,FALSE,FALSE
5322,F,NDE,United States,NDE,english,11,2011-08-12T00:00:00.000Z,2010-01-18T00:00:00.000Z,4109,FALSE,FALSE,FALSE,TRUE,FALSE,FALSE,FALSE,FALSE
5323,F,NDE,United States,NDE,english,13,2011-08-12T00:00:00.000Z,1978-05-07T00:00:00.000Z,15094,TRUE,FALSE,FALSE,TRUE,FALSE,FALSE,FALSE,FALSE
5325,F,NDE,United States,NDE,english,10,2011-08-19T00:00:00.000Z,NA,4662,TRUE,FALSE,FALSE,FALSE,FALSE,FALSE,FALSE,FALSE
5326,F,Possible NDE,United States,Possible NDE,english,11,2011-08-19T00:00:00.000Z,1959-01-18T00:00:00.000Z,3317,FALSE,FALSE,FALSE,FALSE,FALSE,FALSE,FALSE,FALSE
5329,M,NDE,United States,NDE,english,8,2011-08-19T00:00:00.000Z,NA,7983,FALSE,TRUE,FALSE,TRUE,FALSE,FALSE,FALSE,FALSE
5330,M,NDE,Colombia,NDE,spanish,13,2011-08-19T00:00:00.000Z,1988-01-18T00:00:00.000Z,8018,TRUE,TRUE,FALSE,TRUE,FALSE,FALSE,FALSE,FALSE
5331,F,NDE,United States,NDE,english,14,2011-08-19T00:00:00.000Z,2004-05-18T00:00:00.000Z,10745,FALSE,TRUE,FALSE,FALSE,FALSE,FALSE,FALSE,FALSE
5332,M,NDE,United States,NDE,english,15,2011-08-19T00:00:00.000Z,2005-03-03T00:00:00.000Z,6712,FALSE,FALSE,FALSE,TRUE,FALSE,FALSE,FALSE,FALSE
5334,F,NDE,United States,NDE,english,13,2011-08-19T00:00:00.000Z,NA,4819,TRUE,TRUE,FALSE,TRUE,TRUE,FALSE,FALSE,FALSE
5338,M,NDE,United States,NDE,english,6,2011-08-19T00:00:00.000Z,1974-08-18T00:00:00.000Z,4345,FALSE,FALSE,FALSE,TRUE,FALSE,FALSE,FALSE,FALSE
5340,F,Probable NDE,United States,Probable NDE,english,7,2011-08-26T00:00:00.000Z,2011-07-21T00:00:00.000Z,7164,FALSE,FALSE,FALSE,TRUE,FALSE,FALSE,FALSE,FALSE
5342,F,Possible NDE,United Kingdom,Possible NDE,english,15,2011-08-26T00:00:00.000Z,1997-08-29T00:00:00.000Z,2722,FALSE,FALSE,FALSE,FALSE,FALSE,FALSE,FALSE,FALSE
5343,F,NDE,United States,NDE,english,14,2011-08-26T00:00:00.000Z,2020-11-19T20:04:00.000Z,6343,FALSE,TRUE,FALSE,TRUE,FALSE,FALSE,FALSE,FALSE
5344,F,Probable NDE,Canada,Probable NDE,english,15,2011-08-26T00:00:00.000Z,1984-02-01T00:00:00.000Z,4350,FALSE,FALSE,FALSE,TRUE,FALSE,FALSE,FALSE,FALSE
5345,F,NDE,United States,NDE,english,12,2011-08-26T00:00:00.000Z,1999-01-18T00:00:00.000Z,2723,FALSE,FALSE,FALSE,TRUE,FALSE,FALSE,FALSE,FALSE
5346,M,FDE,U,FDE,english,13,2011-08-26T00:00:00.000Z,NA,2876,TRUE,FALSE,FALSE,TRUE,FALSE,FALSE,FALSE,FALSE
5349,M,NDE,United States,NDE,english,15,2011-09-07T00:00:00.000Z,2011-08-27T00:00:00.000Z,6202,TRUE,FALSE,FALSE,TRUE,TRUE,FALSE,FALSE,FALSE
5350,M,NDE,United States,NDE,english,19,2011-09-07T00:00:00.000Z,1967-08-18T00:00:00.000Z,6483,FALSE,FALSE,FALSE,TRUE,FALSE,FALSE,TRUE,FALSE
5352,M,NDE,United States,NDE,english,10,2011-09-07T00:00:00.000Z,2009-03-01T00:00:00.000Z,8990,FALSE,FALSE,FALSE,TRUE,FALSE,FALSE,FALSE,FALSE
5354,F,NDE,United States,NDE,english,2,2011-09-07T00:00:00.000Z,NA,7933,TRUE,FALSE,FALSE,TRUE,FALSE,FALSE,FALSE,FALSE
5357,F,NDE,United States,NDE,english,9,2011-09-07T00:00:00.000Z,1990-06-23T00:00:00.000Z,4939,FALSE,FALSE,FALSE,TRUE,FALSE,FALSE,FALSE,FALSE
5358,F,NDE,Canada,NDE,english,7,2011-09-07T00:00:00.000Z,2010-01-01T00:00:00.000Z,5409,FALSE,FALSE,FALSE,TRUE,FALSE,FALSE,FALSE,FALSE
5360,F,NDE,United States,NDE,english,15,2011-09-07T00:00:00.000Z,1967-07-18T00:00:00.000Z,7019,FALSE,FALSE,FALSE,FALSE,FALSE,FALSE,FALSE,FALSE
5361,F,NDE,United States,NDE,english,15,2011-09-07T00:00:00.000Z,1983-09-18T00:00:00.000Z,6671,TRUE,TRUE,FALSE,TRUE,FALSE,FALSE,FALSE,FALSE
5362,F,Probable NDE,United States,Probable NDE,english,3,2011-09-07T00:00:00.000Z,1999-01-18T00:00:00.000Z,7466,FALSE,FALSE,FALSE,TRUE,FALSE,FALSE,FALSE,FALSE
5363,F,NDE,United States,NDE,english,15,2011-09-07T00:00:00.000Z,1978-12-28T00:00:00.000Z,10718,TRUE,TRUE,FALSE,TRUE,FALSE,FALSE,FALSE,FALSE
5364,F,Probable NDE,United States,Probable NDE,english,18,2011-09-07T00:00:00.000Z,1975-01-01T00:00:00.000Z,12085,TRUE,TRUE,FALSE,TRUE,FALSE,FALSE,FALSE,FALSE
5366,F,NDE,United States,NDE,english,21,2011-09-07T00:00:00.000Z,2009-11-25T00:00:00.000Z,3009,TRUE,FALSE,FALSE,TRUE,FALSE,FALSE,FALSE,FALSE
5367,F,NDE,US,NDE,english,13,2011-09-09T00:00:00.000Z,1997-04-13T00:00:00.000Z,6233,TRUE,FALSE,FALSE,TRUE,TRUE,FALSE,FALSE,FALSE
5369,F,NDE,Sweden,NDE,swedish,24,2011-09-09T00:00:00.000Z,1998-01-01T00:00:00.000Z,7980,FALSE,TRUE,FALSE,TRUE,FALSE,FALSE,FALSE,FALSE
5370,F,Probable NDE,Germany,Probable NDE,german,4,2011-09-09T00:00:00.000Z,1963-01-18T00:00:00.000Z,7855,TRUE,FALSE,FALSE,TRUE,TRUE,FALSE,FALSE,FALSE
5371,M,NDE,Ireland,NDE,english,3,2011-09-16T00:00:00.000Z,1998-01-01T00:00:00.000Z,3320,TRUE,FALSE,FALSE,TRUE,FALSE,FALSE,FALSE,FALSE
5372,F,NDE,Turkey,NDE,turkish,5,2011-09-16T00:00:00.000Z,1997-01-18T00:00:00.000Z,2492,FALSE,FALSE,FALSE,TRUE,FALSE,FALSE,TRUE,FALSE
5373,F,NDE,Argentina,NDE,spanish,15,2011-09-16T00:00:00.000Z,2011-01-01T00:00:00.000Z,8646,FALSE,TRUE,FALSE,TRUE,FALSE,FALSE,FALSE,FALSE
5374,F,NDE,France,NDE,french,9,2011-09-23T00:00:00.000Z,1973-01-18T00:00:00.000Z,3489,TRUE,FALSE,FALSE,TRUE,FALSE,FALSE,FALSE,FALSE
5375,M,FDE,F,FDE,french,9,2011-09-23T00:00:00.000Z,1980-01-01T00:00:00.000Z,3158,TRUE,FALSE,FALSE,TRUE,FALSE,TRUE,FALSE,FALSE
5376,F,NDE,Mexico,NDE,spanish,15,2011-10-07T00:00:00.000Z,2000-01-01T00:00:00.000Z,6748,FALSE,FALSE,TRUE,TRUE,FALSE,FALSE,FALSE,FALSE
5378,F,Possible NDE,Spain,Possible NDE,spanish,12,2011-10-15T00:00:00.000Z,1989-01-01T00:00:00.000Z,3982,FALSE,FALSE,FALSE,FALSE,FALSE,FALSE,FALSE,FALSE
5379,M,NDE,Chile,NDE,spanish,7,2011-10-28T00:00:00.000Z,2011-01-01T00:00:00.000Z,2525,FALSE,FALSE,FALSE,FALSE,FALSE,FALSE,FALSE,FALSE
5383,M,NDE,Chile,NDE,spanish,22,2011-11-18T00:00:00.000Z,1993-01-01T00:00:00.000Z,11059,FALSE,TRUE,FALSE,FALSE,TRUE,FALSE,FALSE,FALSE
5384,F,Probable NDE,France,Probable NDE,french,24,2011-11-25T00:00:00.000Z,2010-08-30T00:00:00.000Z,3215,FALSE,FALSE,FALSE,TRUE,FALSE,FALSE,FALSE,FALSE
5387,M,NDE,Germany,NDE,german,5,2011-12-07T00:00:00.000Z,1990-01-18T00:00:00.000Z,4895,TRUE,FALSE,FALSE,FALSE,FALSE,FALSE,FALSE,FALSE
5389,M,NDE,Spain,NDE,spanish,22,2011-12-16T00:00:00.000Z,2000-01-01T00:00:00.000Z,5395,TRUE,FALSE,FALSE,TRUE,TRUE,FALSE,FALSE,FALSE
5390,F,NDE,Germany,NDE,german,9,2011-12-26T00:00:00.000Z,2002-04-18T00:00:00.000Z,2781,TRUE,FALSE,FALSE,TRUE,TRUE,FALSE,FALSE,FALSE
5395,M,NDE,Italy,NDE,italian,13,2012-02-10T00:00:00.000Z,1991-06-19T00:00:00.000Z,7165,TRUE,TRUE,FALSE,TRUE,FALSE,FALSE,FALSE,FALSE
5396,M,NDE,Chile,NDE,spanish,8,2012-02-10T00:00:00.000Z,1950-07-27T00:00:00.000Z,2511,FALSE,FALSE,FALSE,TRUE,FALSE,FALSE,FALSE,FALSE
5398,M,NDE,Mexico,NDE,spanish,10,2012-02-17T00:00:00.000Z,1978-01-18T00:00:00.000Z,7015,TRUE,FALSE,FALSE,FALSE,FALSE,FALSE,FALSE,FALSE
5399,M,NDE,Brazil,NDE,portuguese,14,2012-02-17T00:00:00.000Z,1994-01-18T00:00:00.000Z,5728,TRUE,TRUE,FALSE,TRUE,FALSE,FALSE,FALSE,FALSE
5401,F,NDE,Sweden,NDE,swedish,5,2012-02-24T00:00:00.000Z,2003-08-06T00:00:00.000Z,4546,FALSE,FALSE,FALSE,FALSE,FALSE,FALSE,FALSE,FALSE
5402,F,Probable NDE,Uruguay,Probable NDE,spanish,2,2012-02-24T00:00:00.000Z,1995-01-18T00:00:00.000Z,3608,TRUE,FALSE,FALSE,TRUE,FALSE,FALSE,FALSE,FALSE
5403,M,NDE,Mexico,NDE,spanish,4,2012-03-02T00:00:00.000Z,2012-01-01T00:00:00.000Z,6607,FALSE,FALSE,FALSE,FALSE,FALSE,FALSE,FALSE,FALSE
5404,F,NDE,Schweiz,Possible NDE,german,17,2012-03-02T00:00:00.000Z,1969-01-01T00:00:00.000Z,4792,TRUE,FALSE,FALSE,TRUE,FALSE,FALSE,FALSE,FALSE
5405,F,Possible NDE,Canada,Possible NDE,french,6,2012-03-09T00:00:00.000Z,2007-01-01T00:00:00.000Z,2445,FALSE,FALSE,FALSE,TRUE,FALSE,FALSE,FALSE,FALSE
5406,M,NDE,France,NDE,french,12,2012-03-09T00:00:00.000Z,2011-01-01T00:00:00.000Z,7076,FALSE,TRUE,FALSE,TRUE,FALSE,FALSE,FALSE,FALSE
5408,F,NDE,Cuba,NDE,spanish,15,2012-03-16T00:00:00.000Z,1994-01-01T00:00:00.000Z,2739,FALSE,FALSE,FALSE,TRUE,FALSE,FALSE,FALSE,FALSE
5411,F,Probable NDE,Spain,Probable NDE,spanish,15,2012-03-30T00:00:00.000Z,1991-01-01T00:00:00.000Z,5857,FALSE,FALSE,FALSE,TRUE,FALSE,FALSE,FALSE,FALSE
5413,M,NDE,Argentina,Secondhand NDE,spanish,14,2012-04-06T00:00:00.000Z,1980-01-01T00:00:00.000Z,6947,FALSE,FALSE,TRUE,TRUE,FALSE,FALSE,FALSE,FALSE
5415,F,NDE,Italy,NDE,italian,4,2012-04-13T00:00:00.000Z,1992-01-01T00:00:00.000Z,2642,TRUE,FALSE,FALSE,TRUE,FALSE,FALSE,FALSE,FALSE
5417,M,NDE,Argentina,NDE,spanish,4,2012-04-20T00:00:00.000Z,2012-05-03T00:00:00.000Z,2921,TRUE,FALSE,FALSE,TRUE,FALSE,FALSE,FALSE,FALSE
5418,F,NDE,United States,NDE,spanish,16,2012-04-20T00:00:00.000Z,1996-01-01T00:00:00.000Z,10492,TRUE,FALSE,FALSE,TRUE,FALSE,TRUE,FALSE,FALSE
5419,F,Probable NDE,Austria,Probable NDE,german,17,2012-05-04T00:00:00.000Z,2009-04-19T00:00:00.000Z,10371,FALSE,FALSE,FALSE,TRUE,TRUE,FALSE,FALSE,FALSE
5420,M,NDE,France,NDE,italian,12,2012-05-04T00:00:00.000Z,1986-01-03T00:00:00.000Z,6421,FALSE,TRUE,FALSE,TRUE,FALSE,FALSE,FALSE,FALSE
5422,M,NDE,Brazil,NDE,portuguese,16,2012-06-22T00:00:00.000Z,NA,6482,TRUE,FALSE,FALSE,TRUE,TRUE,TRUE,FALSE,FALSE
5423,F,NDE,Belgium,NDE,dutch,14,2012-06-22T00:00:00.000Z,1987-01-01T00:00:00.000Z,3425,TRUE,FALSE,FALSE,TRUE,TRUE,FALSE,FALSE,FALSE
5424,M,Probable NDE,Germany,Probable NDE,german,9,2012-07-13T00:00:00.000Z,1987-12-27T00:00:00.000Z,6316,TRUE,FALSE,FALSE,TRUE,FALSE,FALSE,FALSE,FALSE
5425,F,Possible NDE,USSR,Possible NDE,russian,12,2012-08-06T00:00:00.000Z,1973-01-01T00:00:00.000Z,7870,TRUE,FALSE,FALSE,TRUE,TRUE,FALSE,FALSE,FALSE
5426,F,NDE,Netherlands,NDE,english,15,2012-08-24T00:00:00.000Z,2009-09-22T00:00:00.000Z,7313,TRUE,FALSE,FALSE,TRUE,FALSE,FALSE,FALSE,FALSE
5427,M,NDE,Italy,NDE,italian,12,2012-09-28T00:00:00.000Z,2005-05-14T00:00:00.000Z,3595,FALSE,FALSE,FALSE,TRUE,FALSE,FALSE,FALSE,FALSE
5428,F,Probable NDE,Germany,Probable NDE,german,15,2012-09-28T00:00:00.000Z,1992-01-01T00:00:00.000Z,9143,FALSE,FALSE,FALSE,TRUE,FALSE,FALSE,FALSE,FALSE
5432,M,NDE,Belgium,NDE,dutch,25,2012-11-16T00:00:00.000Z,2000-01-01T00:00:00.000Z,6200,TRUE,TRUE,FALSE,TRUE,FALSE,FALSE,FALSE,FALSE
5434,F,NDE,Germany,NDE,german,9,2012-11-23T00:00:00.000Z,2003-10-21T00:00:00.000Z,5396,TRUE,FALSE,FALSE,TRUE,FALSE,FALSE,FALSE,FALSE
5435,F,NDE,Brazil,NDE,portuguese,17,2012-11-30T00:00:00.000Z,1994-08-04T00:00:00.000Z,4009,FALSE,FALSE,FALSE,TRUE,FALSE,FALSE,FALSE,FALSE
5436,M,NDE,Vietnam,NDE,english,14,2012-11-30T00:00:00.000Z,1967-01-18T00:00:00.000Z,3722,TRUE,FALSE,FALSE,TRUE,FALSE,FALSE,FALSE,FALSE
5437,F,NDE,Denmark,NDE,danish,22,2012-11-30T00:00:00.000Z,1996-11-12T00:00:00.000Z,25588,TRUE,TRUE,FALSE,TRUE,FALSE,FALSE,FALSE,FALSE
5438,F,Probable NDE,Portugal,Probable NDE,portuguese,13,2012-12-07T00:00:00.000Z,2004-01-18T00:00:00.000Z,4927,TRUE,TRUE,FALSE,TRUE,FALSE,FALSE,FALSE,FALSE
5444,M,Probable NDE,China,Probable NDE,chinese,13,2013-02-22T00:00:00.000Z,2008-01-01T00:00:00.000Z,16486,FALSE,FALSE,TRUE,TRUE,FALSE,FALSE,FALSE,FALSE
5445,M,NDE,Brasil,NDE,portuguese,7,2013-03-01T00:00:00.000Z,2009-03-21T00:00:00.000Z,2905,TRUE,FALSE,FALSE,TRUE,TRUE,FALSE,FALSE,FALSE
5447,F,Probable NDE,Germany,Probable NDE,german,11,2013-03-13T00:00:00.000Z,1973-01-18T00:00:00.000Z,3950,TRUE,FALSE,FALSE,TRUE,TRUE,FALSE,FALSE,FALSE
5448,M,Possible NDE,Switzerland,Possible NDE,german,5,2013-03-20T00:00:00.000Z,1930-01-01T00:00:00.000Z,4819,FALSE,FALSE,FALSE,TRUE,FALSE,FALSE,FALSE,FALSE
5449,F,NDE,Belgium,NDE,dutch,19,2013-03-29T00:00:00.000Z,2005-01-18T00:00:00.000Z,7784,TRUE,FALSE,FALSE,TRUE,TRUE,FALSE,TRUE,FALSE
5452,M,Probable NDE,Portugal,Probable NDE,portuguese,3,2013-05-31T00:00:00.000Z,1989-01-01T00:00:00.000Z,4315,FALSE,FALSE,FALSE,TRUE,FALSE,FALSE,FALSE,FALSE
5454,F,NDE,Italy,Secondhand NDE,italian,11,2013-07-27T00:00:00.000Z,2006-01-01T00:00:00.000Z,2615,FALSE,FALSE,FALSE,TRUE,FALSE,FALSE,FALSE,FALSE
5455,F,NDE,Italy,NDE,italian,14,2013-08-11T00:00:00.000Z,1996-01-01T00:00:00.000Z,5930,FALSE,TRUE,FALSE,FALSE,FALSE,FALSE,FALSE,FALSE
5456,M,NDE,Italy,NDE,italian,6,2013-09-20T00:00:00.000Z,2005-01-01T00:00:00.000Z,3265,FALSE,FALSE,FALSE,TRUE,FALSE,FALSE,FALSE,FALSE
5460,M,Probable NDE,Italy,Probable NDE,italian,16,2007-09-21T00:00:00.000Z,2010-01-01T00:00:00.000Z,11550,FALSE,TRUE,TRUE,TRUE,FALSE,FALSE,FALSE,FALSE
5461,F,NDE,Italy,NDEs,italian,8,2013-12-02T00:00:00.000Z,1991-01-01T00:00:00.000Z,6372,TRUE,FALSE,FALSE,TRUE,TRUE,FALSE,FALSE,FALSE
5462,F,Possible NDE,Italy,Possible NDE,italian,15,2013-12-02T00:00:00.000Z,1971-01-18T00:00:00.000Z,4749,TRUE,FALSE,FALSE,TRUE,FALSE,FALSE,FALSE,FALSE
5463,M,NDE,Italy,NDE,italian,12,2014-01-17T00:00:00.000Z,1995-01-01T00:00:00.000Z,5837,TRUE,TRUE,FALSE,TRUE,FALSE,FALSE,FALSE,FALSE
5468,M,Probable NDE,Lebanon,Probable NDE,arabic,12,2014-05-09T00:00:00.000Z,2014-06-03T00:00:00.000Z,3393,TRUE,TRUE,TRUE,TRUE,FALSE,FALSE,FALSE,FALSE
6000,F,FDE,Mexico,Probable FDE,english,3,2014-10-03T00:00:00.000Z,1993-01-01T00:00:00.000Z,10696,TRUE,FALSE,FALSE,TRUE,FALSE,FALSE,FALSE,FALSE
6002,F,Possible NDE,United States,Possible NDE,english,6,2011-09-16T00:00:00.000Z,1984-01-01T00:00:00.000Z,6544,FALSE,FALSE,FALSE,TRUE,FALSE,FALSE,FALSE,FALSE
6008,F,NDE,United States,NDE,english,13,2011-09-23T00:00:00.000Z,1981-01-18T00:00:00.000Z,10712,TRUE,FALSE,TRUE,TRUE,FALSE,TRUE,FALSE,FALSE
6010,M,Probable NDE,United States,Probable NDE,english,25,2011-09-23T00:00:00.000Z,2003-12-18T00:00:00.000Z,7412,FALSE,TRUE,FALSE,TRUE,FALSE,FALSE,FALSE,FALSE
6012,F,NDE,Scotland,NDE,english,19,NA,2007-01-01T00:00:00.000Z,7157,TRUE,FALSE,FALSE,TRUE,TRUE,FALSE,FALSE,FALSE
6014,M,NDE,United States,NDEs,english,8,2011-09-23T00:00:00.000Z,NA,4754,TRUE,TRUE,FALSE,TRUE,TRUE,FALSE,FALSE,FALSE
6015,M,Probable NDE,Egypt,Probable NDE,english,20,2011-09-23T00:00:00.000Z,NA,4287,TRUE,TRUE,FALSE,TRUE,FALSE,FALSE,FALSE,FALSE
6016,M,FDE,Canada,FDE,english,13,2011-09-23T00:00:00.000Z,1990-01-01T00:00:00.000Z,8271,FALSE,FALSE,FALSE,TRUE,FALSE,FALSE,FALSE,FALSE
6017,F,NDE,Finland,NDEs,finnish,13,2011-10-01T00:00:00.000Z,1968-01-01T00:00:00.000Z,2893,TRUE,FALSE,FALSE,TRUE,FALSE,FALSE,FALSE,FALSE
6018,M,NDE,United States,NDE,english,15,2011-10-01T00:00:00.000Z,2009-07-18T00:00:00.000Z,6751,FALSE,FALSE,FALSE,TRUE,FALSE,FALSE,TRUE,FALSE
6020,M,Probable NDE,United States,Probable NDE,english,11,2011-10-01T00:00:00.000Z,2010-01-18T00:00:00.000Z,12286,FALSE,FALSE,FALSE,TRUE,FALSE,FALSE,FALSE,FALSE
6023,F,NDE,United States,NDE,english,17,2011-10-01T00:00:00.000Z,2000-01-18T00:00:00.000Z,6648,FALSE,FALSE,FALSE,TRUE,FALSE,FALSE,FALSE,FALSE
6024,F,Probable NDE,England,Probable NDE,english,16,2011-10-01T00:00:00.000Z,1948-12-18T00:00:00.000Z,6675,TRUE,FALSE,FALSE,TRUE,FALSE,FALSE,FALSE,FALSE
6025,F,NDE,United States,NDE,english,14,2011-10-01T00:00:00.000Z,2007-08-14T00:00:00.000Z,13769,TRUE,FALSE,TRUE,TRUE,FALSE,FALSE,FALSE,FALSE
6026,F,NDE,New Zealand,NDE,english,20,2011-10-07T00:00:00.000Z,2005-05-18T00:00:00.000Z,14293,TRUE,TRUE,FALSE,TRUE,FALSE,FALSE,FALSE,FALSE
6027,F,Probable NDE,United States,Probable NDE,english,25,2011-10-07T00:00:00.000Z,1952-01-01T00:00:00.000Z,18145,FALSE,TRUE,FALSE,TRUE,FALSE,FALSE,FALSE,FALSE
6029,F,NDE,United States,NDE,englis,16,2011-10-07T00:00:00.000Z,1971-11-18T00:00:00.000Z,3277,TRUE,FALSE,FALSE,TRUE,FALSE,FALSE,FALSE,FALSE
6030,M,Possible NDE,Nigeria,Possible NDE,english,6,2011-10-07T00:00:00.000Z,2011-01-01T00:00:00.000Z,7160,FALSE,FALSE,FALSE,TRUE,FALSE,FALSE,FALSE,FALSE
6031,M,NDE,United States,NDE,english,9,2011-10-07T00:00:00.000Z,2011-01-01T00:00:00.000Z,4039,FALSE,TRUE,FALSE,TRUE,FALSE,FALSE,FALSE,FALSE
6032,F,NDE,United States,NDE,english,12,2011-10-07T00:00:00.000Z,2005-01-18T00:00:00.000Z,11820,FALSE,TRUE,FALSE,TRUE,FALSE,FALSE,FALSE,FALSE
6033,F,NDE,Brazil,NDE,português,15,2011-10-07T00:00:00.000Z,NA,5442,FALSE,FALSE,FALSE,TRUE,FALSE,FALSE,FALSE,FALSE
6034,M,Other,United States,Sleep Paralysis,english,6,2011-10-15T00:00:00.000Z,1999-01-18T00:00:00.000Z,11427,FALSE,FALSE,FALSE,FALSE,FALSE,FALSE,FALSE,FALSE
6036,M,NDE,United States,NDE,english,12,2011-10-15T00:00:00.000Z,2011-09-24T00:00:00.000Z,6623,FALSE,FALSE,FALSE,TRUE,FALSE,FALSE,FALSE,FALSE
6037,M,NDE,United States,NDE,english,7,2011-10-15T00:00:00.000Z,1995-01-18T00:00:00.000Z,8303,FALSE,FALSE,FALSE,TRUE,FALSE,FALSE,FALSE,FALSE
6038,M,Possible NDE,United States,Possible NDE,english,8,2011-10-15T00:00:00.000Z,1995-05-15T00:00:00.000Z,4187,FALSE,FALSE,FALSE,TRUE,FALSE,FALSE,FALSE,FALSE
6039,F,NDE,United States,NDE,english,27,2011-10-15T00:00:00.000Z,1998-01-01T00:00:00.000Z,8141,TRUE,FALSE,FALSE,TRUE,FALSE,TRUE,FALSE,FALSE
6040,M,Probable NDE,United States,NA,english,15,2011-10-15T00:00:00.000Z,2008-04-02T00:00:00.000Z,6308,FALSE,FALSE,FALSE,TRUE,FALSE,FALSE,FALSE,FALSE
6041,F,NDE,Australia,NDE,english,1,2011-10-15T00:00:00.000Z,1994-01-18T00:00:00.000Z,3575,TRUE,FALSE,FALSE,TRUE,FALSE,FALSE,FALSE,FALSE
6042,F,Possible NDE,United States,Possible NDE,english,18,2011-10-15T00:00:00.000Z,1979-08-28T00:00:00.000Z,6584,TRUE,FALSE,FALSE,TRUE,FALSE,FALSE,FALSE,FALSE
6045,F,NDE,Canada,NDE,english,20,2011-10-25T00:00:00.000Z,2001-11-05T00:00:00.000Z,7027,FALSE,FALSE,FALSE,TRUE,TRUE,TRUE,FALSE,FALSE
6047,M,NDE,United States,NDE,english,14,2011-10-25T00:00:00.000Z,2006-01-01T00:00:00.000Z,4792,TRUE,FALSE,TRUE,TRUE,TRUE,FALSE,FALSE,FALSE
6048,M,NDE,United States,NDE,english,14,2011-10-25T00:00:00.000Z,2011-07-01T00:00:00.000Z,3616,FALSE,FALSE,FALSE,TRUE,FALSE,FALSE,FALSE,FALSE
6049,F,FDE,United States,FDE,english,10,2011-10-25T00:00:00.000Z,2007-04-16T00:00:00.000Z,5450,FALSE,FALSE,FALSE,TRUE,FALSE,FALSE,FALSE,FALSE
6057,M,Probable NDE,Canada,Probable NDE,english,24,2011-11-04T00:00:00.000Z,1982-04-18T00:00:00.000Z,7117,FALSE,TRUE,FALSE,TRUE,FALSE,FALSE,TRUE,FALSE
6059,F,NDE,United States,NDE,english,2,2011-11-11T00:00:00.000Z,1986-08-25T00:00:00.000Z,5259,TRUE,FALSE,FALSE,TRUE,FALSE,FALSE,FALSE,FALSE
6060,M,Probable NDE,United States,Probable NDE,english,4,2011-11-11T00:00:00.000Z,2011-10-26T00:00:00.000Z,3280,FALSE,FALSE,FALSE,TRUE,FALSE,FALSE,FALSE,FALSE
6101,M,Probable NDE,United States,Probable NDE,english,19,NA,1963-01-18T00:00:00.000Z,9589,FALSE,TRUE,TRUE,TRUE,FALSE,TRUE,FALSE,FALSE
6102,M,NDE,United States,NDE,english,19,2011-11-14T00:00:00.000Z,1975-01-18T00:00:00.000Z,18689,FALSE,TRUE,FALSE,FALSE,FALSE,FALSE,FALSE,FALSE
6105,M,Probable NDE,United States,Probable NDE.,english,14,2011-11-14T00:00:00.000Z,1978-07-01T00:00:00.000Z,2586,FALSE,FALSE,FALSE,FALSE,FALSE,FALSE,FALSE,FALSE
6106,F,NDE,United States,NDE,english,27,2011-11-14T00:00:00.000Z,1984-12-18T00:00:00.000Z,12896,FALSE,TRUE,FALSE,TRUE,FALSE,FALSE,FALSE,FALSE
6107,M,NDE,United States,NDE,english,4,2011-11-18T00:00:00.000Z,2011-10-18T00:00:00.000Z,2633,FALSE,FALSE,TRUE,FALSE,FALSE,FALSE,FALSE,FALSE
6110,F,NDE,England,NDE,english,8,2011-11-18T00:00:00.000Z,1963-01-18T00:00:00.000Z,4486,TRUE,FALSE,FALSE,TRUE,TRUE,FALSE,FALSE,FALSE
6111,F,Probable NDE,United States,Probable NDE,english,11,2011-11-25T00:00:00.000Z,1967-01-18T00:00:00.000Z,4093,TRUE,FALSE,FALSE,TRUE,FALSE,TRUE,FALSE,FALSE
6113,M,NDE,England,NDE,english,7,2011-11-25T00:00:00.000Z,2006-01-22T00:00:00.000Z,5403,TRUE,FALSE,FALSE,TRUE,FALSE,FALSE,FALSE,FALSE
6114,M,FDE,United States,FDE,english,6,2011-11-25T00:00:00.000Z,1998-03-06T00:00:00.000Z,11820,TRUE,FALSE,FALSE,TRUE,FALSE,FALSE,FALSE,FALSE
6115,M,Probable NDE,United Arab Emirates,Probable NDE,english,17,2011-11-25T00:00:00.000Z,2011-11-23T00:00:00.000Z,3539,FALSE,FALSE,FALSE,TRUE,FALSE,FALSE,FALSE,FALSE
6116,F,Probable NDE,US,Probable NDE,english,10,2011-11-25T00:00:00.000Z,2009-01-08T00:00:00.000Z,2745,TRUE,FALSE,FALSE,FALSE,FALSE,FALSE,FALSE,FALSE
6117,M,NDE,United States,NDE,english,17,2011-11-25T00:00:00.000Z,1963-10-18T00:00:00.000Z,7572,TRUE,FALSE,FALSE,TRUE,FALSE,FALSE,FALSE,FALSE
6119,F,NDE,Lebanon,NDE,english,16,2011-11-25T00:00:00.000Z,2011-08-17T00:00:00.000Z,10200,FALSE,TRUE,FALSE,TRUE,FALSE,FALSE,FALSE,FALSE
6120,F,NDE,United States,NDE,english,24,2011-11-25T00:00:00.000Z,2010-08-18T00:00:00.000Z,7751,FALSE,TRUE,FALSE,TRUE,FALSE,FALSE,FALSE,FALSE
6124,F,NDE,United States,NDE,english,8,2011-12-07T00:00:00.000Z,2005-02-18T00:00:00.000Z,6047,TRUE,FALSE,FALSE,TRUE,FALSE,FALSE,FALSE,FALSE
6125,F,NDE,United States,NDE,english,15,2011-12-07T00:00:00.000Z,2011-07-13T00:00:00.000Z,6823,FALSE,TRUE,FALSE,TRUE,FALSE,FALSE,FALSE,FALSE
6126,F,NDE,Canada,NDE,english,7,2011-12-07T00:00:00.000Z,2010-10-25T00:00:00.000Z,2183,FALSE,FALSE,FALSE,TRUE,FALSE,FALSE,FALSE,FALSE
6130,F,NDE,United Kingdom,NDE,english,9,2011-12-16T00:00:00.000Z,2005-05-30T00:00:00.000Z,5653,TRUE,FALSE,FALSE,TRUE,FALSE,FALSE,FALSE,FALSE
6131,F,NDE,United States,NDE,english,18,2011-12-16T00:00:00.000Z,1988-01-18T00:00:00.000Z,6628,FALSE,FALSE,FALSE,TRUE,FALSE,FALSE,FALSE,FALSE
6132,F,NDE,United States,NDE,english,25,2011-12-16T00:00:00.000Z,1996-03-18T00:00:00.000Z,29145,TRUE,TRUE,FALSE,TRUE,TRUE,FALSE,FALSE,FALSE
6135,M,Possible NDE,Australia,NDE,english,25,2011-12-16T00:00:00.000Z,1993-01-18T00:00:00.000Z,22914,TRUE,FALSE,FALSE,TRUE,FALSE,FALSE,FALSE,FALSE
6136,F,NDE,United States,NDE,english,23,2011-12-26T00:00:00.000Z,2009-01-18T00:00:00.000Z,16521,FALSE,TRUE,FALSE,TRUE,FALSE,FALSE,FALSE,FALSE
6137,M,NDE,Canada,NDE,english,16,2011-12-26T00:00:00.000Z,1990-12-25T00:00:00.000Z,22006,TRUE,TRUE,FALSE,TRUE,TRUE,FALSE,FALSE,FALSE
6138,F,NDE,United States,NDE,english,16,2011-12-26T00:00:00.000Z,2010-08-09T00:00:00.000Z,9033,FALSE,TRUE,FALSE,TRUE,FALSE,FALSE,FALSE,FALSE
6139,M,NDE,India,NDE,english,11,2011-12-26T00:00:00.000Z,2009-05-30T00:00:00.000Z,4337,TRUE,FALSE,FALSE,TRUE,FALSE,FALSE,FALSE,FALSE
6140,M,NDE,United States,NDE,english,12,2011-12-26T00:00:00.000Z,1993-06-20T00:00:00.000Z,2129,FALSE,FALSE,FALSE,FALSE,FALSE,FALSE,FALSE,FALSE
6141,M,NDE,United States,NDE,english,18,2011-12-26T00:00:00.000Z,1960-01-18T00:00:00.000Z,6558,FALSE,TRUE,FALSE,TRUE,FALSE,FALSE,FALSE,FALSE
6142,F,NDE,United States,NDE,english,22,2011-12-26T00:00:00.000Z,1991-12-31T00:00:00.000Z,12541,TRUE,FALSE,TRUE,TRUE,FALSE,FALSE,FALSE,FALSE
6143,F,Probable NDE,United States,Probable NDE,english,8,2011-12-26T00:00:00.000Z,2011-05-18T00:00:00.000Z,4140,FALSE,FALSE,FALSE,TRUE,FALSE,FALSE,FALSE,FALSE
6144,M,NDE,United States,NDE,english,17,2011-12-26T00:00:00.000Z,2011-11-08T00:00:00.000Z,9930,FALSE,FALSE,FALSE,TRUE,FALSE,FALSE,FALSE,FALSE
6145,F,Possible NDE,United States,Possible NDE,english,16,2011-12-26T00:00:00.000Z,1984-01-18T00:00:00.000Z,8077,FALSE,TRUE,FALSE,TRUE,FALSE,FALSE,FALSE,FALSE
6147,F,NDE,United States,NDE,english,7,2011-12-30T00:00:00.000Z,1984-01-01T00:00:00.000Z,3539,TRUE,FALSE,FALSE,FALSE,TRUE,FALSE,FALSE,FALSE
6148,F,NDE,United States,NDE,english,13,2011-12-30T00:00:00.000Z,1999-01-01T00:00:00.000Z,7024,FALSE,TRUE,FALSE,FALSE,FALSE,FALSE,FALSE,FALSE
6149,F,NDE,United Kingdom,NDE,english,10,2011-12-30T00:00:00.000Z,2001-11-18T00:00:00.000Z,9981,TRUE,FALSE,FALSE,TRUE,FALSE,FALSE,FALSE,FALSE
6150,F,NDE,United States,NDE,english,16,2011-12-30T00:00:00.000Z,1992-06-18T00:00:00.000Z,8828,FALSE,FALSE,FALSE,TRUE,FALSE,FALSE,FALSE,FALSE
6151,F,NDE,United States,NDE,english,18,2011-12-30T00:00:00.000Z,1971-10-31T00:00:00.000Z,15271,TRUE,TRUE,FALSE,TRUE,FALSE,FALSE,FALSE,FALSE
6155,F,NDE,United States,NDE,english,11,2012-01-05T00:00:00.000Z,NA,6364,TRUE,FALSE,FALSE,FALSE,FALSE,FALSE,FALSE,FALSE
6158,F,NDE,Canada,NDE,english,21,2012-01-05T00:00:00.000Z,1963-01-01T00:00:00.000Z,9998,TRUE,FALSE,TRUE,TRUE,FALSE,FALSE,FALSE,FALSE
6159,F,NDE,United States,NDE,english,21,2012-01-05T00:00:00.000Z,2005-06-20T00:00:00.000Z,10062,FALSE,TRUE,FALSE,TRUE,FALSE,FALSE,FALSE,FALSE
6160,M,NDE,United States,NDE,english,11,2012-01-05T00:00:00.000Z,1992-08-18T00:00:00.000Z,2528,TRUE,FALSE,FALSE,TRUE,FALSE,FALSE,FALSE,FALSE
6162,M,Probable NDE,El Salvador,NDE,spanish,13,2012-01-13T00:00:00.000Z,1995-01-18T00:00:00.000Z,8515,TRUE,FALSE,FALSE,TRUE,FALSE,FALSE,FALSE,FALSE
6163,F,NDE,United States,NDE,english,13,NA,NA,0,TRUE,FALSE,FALSE,TRUE,TRUE,FALSE,FALSE,FALSE
6164,F,NDE,United States,NDE,english,13,NA,NA,0,TRUE,FALSE,FALSE,TRUE,TRUE,FALSE,FALSE,FALSE
6165,F,NDE,United States,Probable NDE,english,13,2012-01-13T00:00:00.000Z,2011-05-11T00:00:00.000Z,4089,FALSE,FALSE,FALSE,TRUE,FALSE,FALSE,FALSE,FALSE
6166,F,NDE,United States,NDE,english,25,2012-01-13T00:00:00.000Z,1981-08-18T00:00:00.000Z,20907,FALSE,FALSE,TRUE,TRUE,FALSE,FALSE,TRUE,FALSE
6167,M,NDE,United States,NDE,english,22,2012-01-13T00:00:00.000Z,1994-05-03T00:00:00.000Z,6189,TRUE,FALSE,FALSE,TRUE,FALSE,FALSE,FALSE,FALSE
6168,M,NDE,United States,NDE,english,13,2012-01-13T00:00:00.000Z,1996-08-29T00:00:00.000Z,8481,FALSE,TRUE,FALSE,TRUE,FALSE,FALSE,FALSE,FALSE
6170,M,Probable NDE,Canada,Probable NDE,english,13,2012-01-13T00:00:00.000Z,1962-01-01T00:00:00.000Z,3025,FALSE,FALSE,FALSE,TRUE,FALSE,FALSE,FALSE,FALSE
6171,F,NDE,United Kingdom,NDE,english,12,2013-01-13T00:00:00.000Z,1977-08-18T00:00:00.000Z,7657,FALSE,FALSE,FALSE,TRUE,FALSE,FALSE,FALSE,FALSE
6172,M,NDE,Canada,NDE,english,6,2012-01-20T00:00:00.000Z,1998-12-16T00:00:00.000Z,8146,FALSE,FALSE,FALSE,TRUE,FALSE,FALSE,FALSE,FALSE
6174,F,FDE,U,FDE,english,12,2012-01-20T00:00:00.000Z,2011-07-27T00:00:00.000Z,5125,FALSE,FALSE,FALSE,FALSE,FALSE,FALSE,FALSE,FALSE
6175,F,NDE,United States,NDEs,english,14,2012-01-20T00:00:00.000Z,2006-10-13T00:00:00.000Z,6552,TRUE,FALSE,FALSE,TRUE,TRUE,FALSE,FALSE,FALSE
6176,F,NDE,United States,NDE,english,12,2012-01-20T00:00:00.000Z,2008-06-14T00:00:00.000Z,6821,TRUE,FALSE,FALSE,TRUE,FALSE,FALSE,FALSE,FALSE
6178,F,NDE,United Kingdom,NDE,english,22,2005-04-30T00:00:00.000Z,1996-06-18T00:00:00.000Z,11781,TRUE,TRUE,FALSE,TRUE,TRUE,FALSE,FALSE,FALSE
6179,M,NDE,United States,NDE,english,11,2012-01-20T00:00:00.000Z,2011-12-23T00:00:00.000Z,2727,FALSE,FALSE,FALSE,TRUE,FALSE,FALSE,FALSE,FALSE
6181,M,NDE,Wales,NDE,english,9,2012-01-27T00:00:00.000Z,1960-07-01T00:00:00.000Z,6916,TRUE,FALSE,FALSE,TRUE,FALSE,FALSE,FALSE,FALSE
6182,M,NDE,United States,NDE,english,18,2012-01-27T00:00:00.000Z,1981-12-05T00:00:00.000Z,4458,FALSE,TRUE,FALSE,TRUE,FALSE,FALSE,FALSE,FALSE
6183,M,Possible NDE,England,Possible NDE,english,14,2012-01-27T00:00:00.000Z,2007-09-18T00:00:00.000Z,8361,TRUE,TRUE,FALSE,TRUE,FALSE,FALSE,FALSE,FALSE
6184,F,NDE,United States,NDE,english,19,2012-01-27T00:00:00.000Z,1999-12-24T00:00:00.000Z,18318,TRUE,TRUE,FALSE,TRUE,TRUE,FALSE,FALSE,FALSE
6186,M,NDE,United States,NDE,english,17,2012-01-27T00:00:00.000Z,1998-01-01T00:00:00.000Z,5867,FALSE,FALSE,FALSE,FALSE,FALSE,FALSE,FALSE,FALSE
6187,F,Probable NDE,United States,Probable NDE,english,4,2012-01-27T00:00:00.000Z,1976-10-18T00:00:00.000Z,4616,TRUE,FALSE,FALSE,TRUE,FALSE,FALSE,FALSE,FALSE
6188,F,Probable NDE,United States,Probable NDE,english,9,2012-01-27T00:00:00.000Z,2000-01-18T00:00:00.000Z,5487,FALSE,FALSE,FALSE,TRUE,FALSE,TRUE,FALSE,FALSE
6192,M,NDE,Portugal,NDE,english,22,2012-02-03T00:00:00.000Z,1962-01-18T00:00:00.000Z,7146,FALSE,TRUE,FALSE,TRUE,FALSE,FALSE,FALSE,FALSE
6195,F,NDE,United States,NDE,english,10,2012-02-10T00:00:00.000Z,1980-01-01T00:00:00.000Z,8018,TRUE,FALSE,FALSE,TRUE,FALSE,FALSE,FALSE,FALSE
6196,F,NDE,United States,NDE,english,14,2012-02-10T00:00:00.000Z,1996-01-18T00:00:00.000Z,7274,FALSE,FALSE,FALSE,TRUE,FALSE,FALSE,FALSE,FALSE
6197,M,NDE,United States,NDE,english,21,2012-02-10T00:00:00.000Z,2011-05-13T00:00:00.000Z,11879,FALSE,TRUE,FALSE,TRUE,FALSE,FALSE,FALSE,FALSE
6198,F,Probable NDE,United States,Probable NDE,english,13,2012-02-10T00:00:00.000Z,2012-02-12T00:00:00.000Z,5459,FALSE,TRUE,FALSE,TRUE,FALSE,FALSE,FALSE,FALSE
6199,M,Probable NDE,Sweden,Probable NDE,english,20,2012-02-17T00:00:00.000Z,1978-01-01T00:00:00.000Z,4145,FALSE,FALSE,FALSE,FALSE,FALSE,FALSE,FALSE,FALSE
6200,M,NDE,United States,NDE,english,17,2012-02-17T00:00:00.000Z,1996-03-23T00:00:00.000Z,6004,FALSE,FALSE,FALSE,TRUE,FALSE,FALSE,FALSE,FALSE
6202,F,NDE,United States,NDEs,english,13,2012-02-17T00:00:00.000Z,2006-03-16T00:00:00.000Z,27054,FALSE,FALSE,FALSE,TRUE,FALSE,FALSE,FALSE,FALSE
6204,F,Probable NDE,United States,Probable NDE,english,14,2012-02-17T00:00:00.000Z,1992-01-18T00:00:00.000Z,12953,FALSE,TRUE,FALSE,FALSE,FALSE,FALSE,FALSE,FALSE
6205,F,NDE,United States,NDE,english,22,2012-02-17T00:00:00.000Z,1976-09-18T00:00:00.000Z,19558,TRUE,TRUE,FALSE,TRUE,TRUE,FALSE,FALSE,FALSE
6206,F,NDE,England,NDE,english,16,2012-02-24T00:00:00.000Z,2008-08-02T00:00:00.000Z,4551,TRUE,FALSE,FALSE,TRUE,TRUE,FALSE,FALSE,FALSE
6207,F,NDE,United States,NDE,english,8,2012-02-24T00:00:00.000Z,1992-10-18T00:00:00.000Z,5305,FALSE,FALSE,FALSE,FALSE,FALSE,FALSE,FALSE,FALSE
6208,M,Probable NDE,United States,Probable NDE,english,6,2012-02-24T00:00:00.000Z,1993-02-04T00:00:00.000Z,3673,TRUE,FALSE,TRUE,TRUE,TRUE,FALSE,FALSE,FALSE
6211,M,NDE,Canada,NDE,english,6,2012-03-02T00:00:00.000Z,1974-01-01T00:00:00.000Z,6065,TRUE,TRUE,FALSE,TRUE,FALSE,FALSE,FALSE,FALSE
6213,F,NDE,United States,NDE,english,10,2012-03-02T00:00:00.000Z,1975-03-18T00:00:00.000Z,12726,TRUE,FALSE,FALSE,TRUE,FALSE,FALSE,FALSE,FALSE
6214,F,NDE,Slovakia,NDE,english,8,2012-03-02T00:00:00.000Z,1975-01-18T00:00:00.000Z,3270,TRUE,FALSE,FALSE,FALSE,FALSE,FALSE,FALSE,FALSE
6215,F,NDE,Canada,NDE,english,11,2012-03-02T00:00:00.000Z,1979-04-14T00:00:00.000Z,5906,TRUE,TRUE,FALSE,TRUE,TRUE,FALSE,FALSE,FALSE
6217,F,Probable NDE,United States,Probable NDE,english,21,2012-03-09T00:00:00.000Z,2012-03-03T00:00:00.000Z,6242,FALSE,TRUE,FALSE,TRUE,FALSE,FALSE,FALSE,FALSE
6219,F,FDE,U,FDE,english,11,2012-03-09T00:00:00.000Z,2010-11-18T00:00:00.000Z,3340,FALSE,FALSE,FALSE,FALSE,FALSE,FALSE,FALSE,FALSE
6221,F,NDE,Canada,NDE,english,17,2012-03-16T00:00:00.000Z,1970-01-01T00:00:00.000Z,14403,FALSE,TRUE,FALSE,TRUE,FALSE,FALSE,FALSE,FALSE
6222,M,NDE,United States,NDE,english,17,2012-03-16T00:00:00.000Z,1971-04-18T00:00:00.000Z,3697,TRUE,TRUE,FALSE,TRUE,FALSE,FALSE,FALSE,FALSE
6227,M,NDE,Canada,NDE,english,14,2012-03-23T00:00:00.000Z,2006-07-14T00:00:00.000Z,10202,FALSE,TRUE,FALSE,TRUE,FALSE,FALSE,FALSE,FALSE
6229,F,Probable NDE,United States,Probable NDE,english,16,2012-03-23T00:00:00.000Z,1962-01-01T00:00:00.000Z,12017,FALSE,TRUE,FALSE,TRUE,FALSE,FALSE,FALSE,FALSE
6231,F,NDE,United States,NDE,english,9,2012-03-23T00:00:00.000Z,1979-01-01T00:00:00.000Z,5734,FALSE,FALSE,FALSE,TRUE,FALSE,FALSE,FALSE,FALSE
6233,F,NDE,United States,NDE,english,18,2012-03-23T00:00:00.000Z,NA,16848,FALSE,FALSE,FALSE,TRUE,FALSE,TRUE,FALSE,FALSE
6234,M,NDE,United States,NDE,english,5,2012-03-30T00:00:00.000Z,1980-01-18T00:00:00.000Z,2867,TRUE,FALSE,FALSE,TRUE,FALSE,FALSE,FALSE,FALSE
6235,F,NDE,United States,NDEs,englisg,25,2012-03-30T00:00:00.000Z,1979-07-18T00:00:00.000Z,20139,TRUE,TRUE,FALSE,TRUE,FALSE,FALSE,FALSE,FALSE
6238,F,NDE,United States,NDE,english,18,2012-03-30T00:00:00.000Z,2005-05-24T00:00:00.000Z,17774,FALSE,FALSE,FALSE,TRUE,FALSE,FALSE,FALSE,FALSE
6239,F,Probable NDE,United States,Probable NDE,english,21,2012-03-30T00:00:00.000Z,1980-10-18T00:00:00.000Z,4667,FALSE,TRUE,FALSE,TRUE,FALSE,FALSE,FALSE,FALSE
6240,F,NDE,United States,NDE,english,17,2012-03-30T00:00:00.000Z,1966-01-18T00:00:00.000Z,7809,FALSE,TRUE,FALSE,FALSE,FALSE,FALSE,FALSE,FALSE
6241,F,NDE,United States,NDE,english,17,2012-03-30T00:00:00.000Z,1996-10-31T00:00:00.000Z,6551,TRUE,FALSE,FALSE,TRUE,FALSE,FALSE,FALSE,FALSE
6242,F,NDE,United States,NDE,english,12,2012-03-30T00:00:00.000Z,1994-06-18T00:00:00.000Z,6744,TRUE,FALSE,TRUE,TRUE,FALSE,TRUE,FALSE,FALSE
6243,M,NDE,United States,Shared NDE,english,11,2012-03-30T00:00:00.000Z,1992-01-01T00:00:00.000Z,6291,FALSE,FALSE,FALSE,FALSE,FALSE,FALSE,FALSE,FALSE
6244,M,NDE,United States,NDE,english,20,2012-04-01T00:00:00.000Z,2002-11-18T00:00:00.000Z,7684,TRUE,TRUE,FALSE,TRUE,FALSE,FALSE,FALSE,FALSE
6246,F,NDE,Iraq,NDE,english,17,2012-04-06T00:00:00.000Z,2007-11-24T00:00:00.000Z,21605,TRUE,TRUE,FALSE,TRUE,FALSE,FALSE,FALSE,FALSE
6247,M,Other,United States,Other,english,13,2012-04-06T00:00:00.000Z,2010-12-25T00:00:00.000Z,17659,FALSE,TRUE,FALSE,FALSE,FALSE,FALSE,FALSE,FALSE
6248,F,NDE,United States,NDE,english,17,2012-04-06T00:00:00.000Z,NA,4022,TRUE,TRUE,FALSE,TRUE,TRUE,TRUE,FALSE,FALSE
6249,M,NDE,United Kingdom,NDE,english,11,2012-04-06T00:00:00.000Z,1981-01-18T00:00:00.000Z,3189,TRUE,FALSE,FALSE,TRUE,FALSE,FALSE,FALSE,FALSE
6250,F,Possible NDE,United States,Possible NDE,english,2,2012-04-06T00:00:00.000Z,1965-01-18T00:00:00.000Z,6135,FALSE,FALSE,FALSE,FALSE,FALSE,FALSE,FALSE,FALSE
6251,F,NDE,United States,NDE,english,19,2012-04-06T00:00:00.000Z,NA,7789,TRUE,FALSE,FALSE,TRUE,FALSE,FALSE,FALSE,FALSE
6252,M,NDE,United States,NDE,english,6,2012-04-13T00:00:00.000Z,1972-01-18T00:00:00.000Z,2160,TRUE,FALSE,FALSE,TRUE,TRUE,FALSE,FALSE,FALSE
6253,F,NDE,Argentina,NDE,english,8,2012-04-13T00:00:00.000Z,1965-01-18T00:00:00.000Z,4731,TRUE,FALSE,TRUE,TRUE,FALSE,FALSE,FALSE,FALSE
6256,M,Probable NDE,United States,Probable NDE,english,8,2012-04-13T00:00:00.000Z,1967-01-01T00:00:00.000Z,2591,FALSE,FALSE,FALSE,TRUE,FALSE,FALSE,FALSE,FALSE
6257,M,Possible NDE,England,Possible NDE,english,6,2012-04-13T00:00:00.000Z,1943-01-01T00:00:00.000Z,4460,TRUE,FALSE,FALSE,FALSE,FALSE,FALSE,FALSE,FALSE
6258,M,NDE,United States,NDE,english,9,2012-04-13T00:00:00.000Z,2010-04-29T00:00:00.000Z,7534,FALSE,FALSE,FALSE,TRUE,FALSE,FALSE,FALSE,FALSE
6259,F,NDE,Canada,NDE,english,14,2012-04-13T00:00:00.000Z,1969-01-18T00:00:00.000Z,5956,FALSE,FALSE,FALSE,TRUE,FALSE,FALSE,FALSE,FALSE
6260,F,Probable NDE,United States,Probable NDE,english,18,2012-04-20T00:00:00.000Z,1975-01-18T00:00:00.000Z,7079,FALSE,TRUE,FALSE,TRUE,FALSE,FALSE,FALSE,FALSE
6264,M,ICU,U,ICU,english,8,2012-04-20T00:00:00.000Z,2011-11-23T00:00:00.000Z,4933,TRUE,FALSE,TRUE,TRUE,FALSE,FALSE,FALSE,FALSE
6265,M,NDE,United States,NDE,english,3,2012-04-20T00:00:00.000Z,1964-07-18T00:00:00.000Z,4035,FALSE,FALSE,FALSE,TRUE,FALSE,FALSE,FALSE,FALSE
6267,F,NDE,United States,NDE,english,20,2012-04-20T00:00:00.000Z,1975-07-12T00:00:00.000Z,16994,TRUE,FALSE,FALSE,TRUE,TRUE,FALSE,FALSE,FALSE
6268,F,NDE,Canada,Second-Person NDE,english,2,2012-04-20T00:00:00.000Z,1974-01-01T00:00:00.000Z,3892,FALSE,FALSE,FALSE,TRUE,FALSE,TRUE,FALSE,FALSE
6269,F,NDE,Italy,NDE,english,13,2012-04-20T00:00:00.000Z,1970-01-01T00:00:00.000Z,4285,TRUE,FALSE,FALSE,FALSE,FALSE,FALSE,FALSE,FALSE
6271,F,Probable NDE,England,Probable NDE,english,15,2012-04-20T00:00:00.000Z,1956-01-18T00:00:00.000Z,11624,TRUE,TRUE,FALSE,FALSE,FALSE,TRUE,FALSE,FALSE
6272,F,Probable NDE,United States,Probable NDE,english,18,2012-04-20T00:00:00.000Z,1973-10-18T00:00:00.000Z,9186,TRUE,FALSE,FALSE,TRUE,FALSE,FALSE,FALSE,FALSE
6274,F,NDE,United States,NDE,english,16,2012-04-20T00:00:00.000Z,2008-08-18T00:00:00.000Z,13312,TRUE,TRUE,FALSE,TRUE,FALSE,FALSE,FALSE,FALSE
6275,M,NDE,South Africa,NDE,english,11,2012-04-27T00:00:00.000Z,2005-04-18T00:00:00.000Z,8491,TRUE,FALSE,FALSE,TRUE,FALSE,FALSE,FALSE,FALSE
6277,F,Probable NDE,United States,Probable NDE,english,21,2012-05-04T00:00:00.000Z,2010-06-03T20:06:00.000Z,9914,FALSE,FALSE,FALSE,TRUE,FALSE,FALSE,FALSE,FALSE
6278,M,Probable NDE,United States,Probable NDE,english,16,2012-05-04T00:00:00.000Z,1956-03-18T00:00:00.000Z,5294,FALSE,FALSE,FALSE,TRUE,FALSE,FALSE,FALSE,FALSE
6279,F,NDE,United States,NDE,english,18,2012-05-04T00:00:00.000Z,2007-08-11T00:00:00.000Z,13853,FALSE,TRUE,FALSE,TRUE,TRUE,FALSE,FALSE,FALSE
6280,M,NDE,United States,NDE,english,25,2012-05-04T00:00:00.000Z,1978-06-18T00:00:00.000Z,11109,TRUE,TRUE,FALSE,TRUE,TRUE,FALSE,FALSE,FALSE
6281,F,Possible NDE,United States,Possible NDE,english,10,2012-05-11T00:00:00.000Z,2012-05-06T00:00:00.000Z,12867,FALSE,FALSE,FALSE,FALSE,FALSE,FALSE,FALSE,FALSE
6282,M,NDE,United States,NDE,english,15,2012-05-11T00:00:00.000Z,1992-12-14T00:00:00.000Z,11237,TRUE,FALSE,FALSE,TRUE,FALSE,FALSE,FALSE,FALSE
6283,F,NDE,United States,NDE,english,16,2012-05-11T00:00:00.000Z,2010-07-28T00:00:00.000Z,8052,FALSE,FALSE,FALSE,TRUE,TRUE,FALSE,FALSE,FALSE
6284,M,NDE,United States,NDE,english,14,2012-05-11T00:00:00.000Z,1976-02-18T00:00:00.000Z,6074,TRUE,FALSE,FALSE,TRUE,FALSE,FALSE,FALSE,FALSE
6286,M,NDE,Brazil,NDE,english,14,2012-05-18T00:00:00.000Z,2009-06-18T00:00:00.000Z,6560,TRUE,FALSE,TRUE,FALSE,FALSE,FALSE,FALSE,FALSE
6287,F,Possible NDE,United States,Possible NDE,english,10,2012-05-18T00:00:00.000Z,1998-01-18T00:00:00.000Z,8493,FALSE,FALSE,FALSE,TRUE,FALSE,FALSE,FALSE,FALSE
6288,F,NDE,United States,NDE,english,6,2012-06-01T00:00:00.000Z,2005-01-18T00:00:00.000Z,19357,FALSE,FALSE,FALSE,TRUE,FALSE,FALSE,FALSE,FALSE
6289,M,NDE,Kenya,NDE,english,19,2012-05-18T00:00:00.000Z,2008-07-12T00:00:00.000Z,4663,FALSE,TRUE,FALSE,FALSE,FALSE,FALSE,FALSE,FALSE
6290,M,NDE,United States,NDE,english,16,2012-05-18T00:00:00.000Z,1969-10-18T00:00:00.000Z,4257,FALSE,TRUE,FALSE,FALSE,TRUE,FALSE,FALSE,FALSE
6291,F,NDE,Sierra Leone,NDE,english,8,2012-05-18T00:00:00.000Z,1976-01-18T00:00:00.000Z,9388,TRUE,TRUE,FALSE,TRUE,FALSE,FALSE,FALSE,FALSE
6292,M,NDE,United States,NDE,english,16,2012-05-18T00:00:00.000Z,1985-01-18T00:00:00.000Z,7767,FALSE,TRUE,FALSE,TRUE,FALSE,FALSE,FALSE,FALSE
6293,F,NDE,United States,NDE,english,7,2012-05-18T00:00:00.000Z,1993-01-18T00:00:00.000Z,11890,TRUE,FALSE,FALSE,TRUE,TRUE,FALSE,FALSE,FALSE
6294,M,NDE,United States,NDEs,english,15,2012-05-25T00:00:00.000Z,1964-01-18T00:00:00.000Z,7029,TRUE,FALSE,FALSE,TRUE,FALSE,FALSE,FALSE,FALSE
6297,F,NDE,United States,NDE,english,19,2012-05-25T00:00:00.000Z,2002-11-18T00:00:00.000Z,5544,FALSE,TRUE,FALSE,TRUE,FALSE,FALSE,FALSE,FALSE
6298,F,Probable NDE,Australia,Probable NDE,english,17,2012-05-25T00:00:00.000Z,1976-01-01T00:00:00.000Z,12767,TRUE,FALSE,FALSE,TRUE,FALSE,FALSE,FALSE,FALSE
6303,M,NDE,Canada,NDE,english,11,2012-06-01T00:00:00.000Z,1977-02-12T00:00:00.000Z,6769,TRUE,FALSE,FALSE,TRUE,FALSE,FALSE,FALSE,FALSE
6304,F,NDE,France,NDE,francais,13,2012-06-01T00:00:00.000Z,2007-02-07T00:00:00.000Z,5859,TRUE,TRUE,FALSE,TRUE,TRUE,FALSE,FALSE,FALSE
6305,F,NDE,United States,NDE,english,6,2012-06-01T00:00:00.000Z,2005-01-18T00:00:00.000Z,19357,FALSE,FALSE,FALSE,TRUE,FALSE,FALSE,FALSE,FALSE
6306,F,NDE,Mexico,NDE,español,14,2012-06-08T00:00:00.000Z,2009-01-01T00:00:00.000Z,11094,TRUE,FALSE,FALSE,TRUE,FALSE,FALSE,FALSE,FALSE
6307,F,NDE,United States,Shared NDE,english,12,2012-06-08T00:00:00.000Z,2012-02-04T00:00:00.000Z,4517,TRUE,FALSE,FALSE,FALSE,FALSE,FALSE,FALSE,FALSE
6308,F,NDE,United States,NDE,english,12,2012-06-08T00:00:00.000Z,2011-09-16T00:00:00.000Z,8226,TRUE,FALSE,FALSE,TRUE,FALSE,FALSE,FALSE,FALSE
6310,F,Possible NDE,Spain,Possible NDE,español,6,2012-06-08T00:00:00.000Z,NA,9442,FALSE,FALSE,FALSE,TRUE,FALSE,FALSE,FALSE,FALSE
6311,F,NDE,Spain,NDE,castellano,12,2012-06-08T00:00:00.000Z,1976-01-01T00:00:00.000Z,11433,TRUE,TRUE,FALSE,TRUE,FALSE,FALSE,FALSE,FALSE
6312,M,Probable NDE,United States,Probable NDE,english,19,2012-06-08T00:00:00.000Z,2012-06-02T00:00:00.000Z,2305,FALSE,FALSE,FALSE,FALSE,FALSE,FALSE,FALSE,FALSE
6313,M,NDE,Ireland,NDE,english,14,2012-06-08T00:00:00.000Z,1968-08-18T00:00:00.000Z,2855,FALSE,FALSE,FALSE,TRUE,FALSE,FALSE,FALSE,FALSE
6314,F,Probable NDE,United States,Probable NDE,english,21,2012-06-08T00:00:00.000Z,NA,12247,FALSE,TRUE,FALSE,FALSE,FALSE,FALSE,FALSE,FALSE
6315,M,NDE,United States,NDE,english,8,2012-06-08T00:00:00.000Z,1974-01-01T00:00:00.000Z,6559,TRUE,FALSE,FALSE,TRUE,TRUE,FALSE,FALSE,FALSE
6316,M,NDE,United States,NDE,english,10,2012-06-15T00:00:00.000Z,1969-01-01T00:00:00.000Z,2882,TRUE,FALSE,FALSE,TRUE,FALSE,FALSE,FALSE,FALSE
6317,F,NDE,France,NDE,english,22,2012-06-15T00:00:00.000Z,1964-01-18T00:00:00.000Z,4323,TRUE,TRUE,FALSE,TRUE,FALSE,FALSE,FALSE,FALSE
6319,M,NDE,France,NDE,français,15,2012-06-15T00:00:00.000Z,1997-01-18T00:00:00.000Z,3399,TRUE,FALSE,FALSE,TRUE,FALSE,FALSE,FALSE,FALSE
6320,M,Probable NDE,United States,NDE,espanol,26,2012-06-15T00:00:00.000Z,2004-01-01T00:00:00.000Z,9352,FALSE,TRUE,FALSE,TRUE,FALSE,FALSE,FALSE,FALSE
6325,M,NDE,France,NDE,français,19,2012-06-22T00:00:00.000Z,1992-01-18T00:00:00.000Z,9912,FALSE,FALSE,FALSE,TRUE,FALSE,FALSE,FALSE,FALSE
6326,F,NDE,France,NDE,français,16,2012-06-22T00:00:00.000Z,1976-01-18T00:00:00.000Z,5299,FALSE,TRUE,FALSE,TRUE,FALSE,FALSE,FALSE,FALSE
6327,F,NDE,Philippines,NDE,english,14,2012-06-22T00:00:00.000Z,1974-01-01T00:00:00.000Z,11494,FALSE,FALSE,FALSE,TRUE,FALSE,FALSE,FALSE,FALSE
6328,F,NDE,United States,NDE,english,7,2012-06-22T00:00:00.000Z,2005-12-22T00:00:00.000Z,4830,FALSE,FALSE,FALSE,TRUE,FALSE,FALSE,FALSE,FALSE
6332,F,NDE,United States,NDE,english,18,2012-07-06T00:00:00.000Z,1977-01-18T00:00:00.000Z,5024,TRUE,TRUE,FALSE,TRUE,FALSE,FALSE,FALSE,FALSE
6334,F,Probable NDE,United States,Probable NDE,english,17,2012-07-06T00:00:00.000Z,1984-03-20T00:00:00.000Z,5905,FALSE,FALSE,FALSE,TRUE,FALSE,FALSE,FALSE,FALSE
6335,F,STE,U,STE,english,7,2012-07-06T00:00:00.000Z,2005-09-30T00:00:00.000Z,13096,TRUE,FALSE,FALSE,TRUE,FALSE,FALSE,FALSE,FALSE
6336,M,NDE,United States,NDE,english,23,2012-07-13T00:00:00.000Z,2006-01-01T00:00:00.000Z,14605,TRUE,FALSE,FALSE,TRUE,FALSE,FALSE,FALSE,FALSE
6337,F,Possible NDE,United States,Possible NDE,english,18,2012-07-13T00:00:00.000Z,NA,8650,FALSE,TRUE,FALSE,TRUE,FALSE,FALSE,FALSE,FALSE
6338,M,NDE,United States,NDE,english,10,2012-07-13T00:00:00.000Z,2010-10-22T00:00:00.000Z,6601,TRUE,FALSE,FALSE,TRUE,TRUE,FALSE,FALSE,FALSE
6339,M,NDE,United States,NDE,english,20,2012-07-13T00:00:00.000Z,1951-01-01T00:00:00.000Z,30792,TRUE,FALSE,FALSE,TRUE,FALSE,FALSE,FALSE,FALSE
6340,F,NDE,South Africa,NDE,english,31,2012-07-20T00:00:00.000Z,NA,2545,FALSE,FALSE,FALSE,TRUE,FALSE,FALSE,FALSE,FALSE
6341,M,Probable NDE,United States,Probable NDE,english,19,2012-07-20T00:00:00.000Z,2003-01-01T00:00:00.000Z,6966,FALSE,TRUE,FALSE,FALSE,FALSE,FALSE,FALSE,FALSE
6342,F,NDE,United States,NDE,english,16,2012-07-20T00:00:00.000Z,1989-01-18T00:00:00.000Z,5419,FALSE,FALSE,FALSE,TRUE,FALSE,FALSE,FALSE,FALSE
6343,F,NDE,United States,NDE,english,17,2012-07-20T00:00:00.000Z,2001-05-18T00:00:00.000Z,6116,TRUE,FALSE,FALSE,TRUE,FALSE,FALSE,FALSE,FALSE
6344,F,NDE,United States,NDE,english,11,2012-07-20T00:00:00.000Z,1997-10-25T00:00:00.000Z,4606,FALSE,TRUE,FALSE,TRUE,FALSE,FALSE,FALSE,FALSE
6345,F,NDE,United States,NDEs,english,21,2012-07-20T00:00:00.000Z,1953-01-01T00:00:00.000Z,25939,TRUE,FALSE,FALSE,TRUE,TRUE,FALSE,FALSE,FALSE
6346,M,NDE,United States,NDE,english,8,2012-07-27T00:00:00.000Z,NA,4403,FALSE,FALSE,FALSE,TRUE,FALSE,FALSE,FALSE,FALSE
6347,F,Probable NDE,United States,Probable NDE,english,14,2012-07-27T00:00:00.000Z,1951-01-01T00:00:00.000Z,16201,TRUE,FALSE,FALSE,TRUE,FALSE,FALSE,FALSE,FALSE
6348,F,NDE,Africa,NDE,english,0,2010-03-09T00:00:00.000Z,NA,7767,TRUE,TRUE,FALSE,TRUE,TRUE,FALSE,FALSE,FALSE
6350,M,NDE,United States,Secondhand NDE,english,22,2012-07-27T00:00:00.000Z,2004-10-18T00:00:00.000Z,16491,TRUE,FALSE,TRUE,TRUE,TRUE,FALSE,FALSE,FALSE
6351,F,Probable NDE,England,Probable NDE,english,17,2012-07-27T00:00:00.000Z,2010-05-13T00:00:00.000Z,16769,FALSE,TRUE,FALSE,TRUE,FALSE,FALSE,FALSE,FALSE
6352,F,NDE,United States,Possible NDEs,english,16,2012-07-27T00:00:00.000Z,2005-08-18T00:00:00.000Z,7252,FALSE,FALSE,FALSE,FALSE,TRUE,FALSE,FALSE,FALSE
6353,F,Possible NDE,Spain,Possible NDE,español,9,2012-08-06T00:00:00.000Z,1963-01-01T00:00:00.000Z,6135,FALSE,FALSE,FALSE,FALSE,FALSE,FALSE,FALSE,FALSE
6354,F,NDE,United States,NDE,english,15,2012-08-06T00:00:00.000Z,2005-10-29T00:00:00.000Z,8268,TRUE,FALSE,FALSE,TRUE,TRUE,FALSE,FALSE,FALSE
6356,F,NDE,United States,NDE,english,14,2012-08-06T00:00:00.000Z,2006-07-01T00:00:00.000Z,24356,FALSE,FALSE,FALSE,TRUE,FALSE,FALSE,FALSE,FALSE
6358,M,NDE,United States,NDE,english,9,2012-08-06T00:00:00.000Z,1957-01-01T00:00:00.000Z,3183,TRUE,FALSE,FALSE,TRUE,FALSE,FALSE,FALSE,FALSE
6359,F,NDE,Netherlands,NDEs,english,21,2012-08-06T00:00:00.000Z,1998-01-01T00:00:00.000Z,9831,FALSE,FALSE,FALSE,TRUE,FALSE,FALSE,FALSE,FALSE
6360,M,NDE,United States,NDEs,english,16,2012-08-06T00:00:00.000Z,2012-01-01T00:00:00.000Z,3661,TRUE,TRUE,FALSE,TRUE,TRUE,FALSE,FALSE,FALSE
6365,F,Probable NDE,United States,NA,english,7,2012-08-06T00:00:00.000Z,1990-12-18T00:00:00.000Z,3404,FALSE,FALSE,FALSE,TRUE,FALSE,FALSE,FALSE,FALSE
6367,M,NDE,United States,NDE,english,17,2012-08-10T00:00:00.000Z,1994-01-18T00:00:00.000Z,14029,TRUE,FALSE,FALSE,TRUE,FALSE,FALSE,FALSE,FALSE
6368,M,Possible NDE,United States,Possible NDE,english,8,2012-08-10T00:00:00.000Z,2008-12-18T00:00:00.000Z,4753,FALSE,FALSE,FALSE,TRUE,FALSE,FALSE,FALSE,FALSE
6369,F,Probable NDE,United States,Probable NDE,english,20,2012-08-10T00:00:00.000Z,2012-08-08T00:00:00.000Z,7861,TRUE,FALSE,FALSE,TRUE,FALSE,FALSE,FALSE,FALSE
6371,F,NDE,New Zealand,NDE,english,22,2012-08-10T00:00:00.000Z,1985-09-13T00:00:00.000Z,8622,FALSE,TRUE,FALSE,FALSE,FALSE,FALSE,FALSE,FALSE
6372,M,NDE,India,NDE,english,15,2012-08-10T00:00:00.000Z,2012-02-29T00:00:00.000Z,7995,TRUE,FALSE,FALSE,TRUE,FALSE,FALSE,FALSE,FALSE
6373,F,Probable NDE,United States,Probable NDE,english,8,2012-08-10T00:00:00.000Z,1995-07-04T00:00:00.000Z,2580,FALSE,FALSE,FALSE,FALSE,FALSE,FALSE,FALSE,FALSE
6374,M,NDE,United States,NDE,english,14,2012-08-20T00:00:00.000Z,2008-05-14T00:00:00.000Z,5381,TRUE,FALSE,FALSE,TRUE,TRUE,FALSE,FALSE,FALSE
6375,F,NDE,Scotland,NDE,english,6,2012-08-20T00:00:00.000Z,1970-01-18T00:00:00.000Z,6100,FALSE,FALSE,FALSE,TRUE,FALSE,FALSE,FALSE,FALSE
6376,F,NDE,United States,NDE,english,12,2012-08-20T00:00:00.000Z,1992-01-22T00:00:00.000Z,9574,TRUE,TRUE,FALSE,TRUE,FALSE,FALSE,FALSE,FALSE
6377,M,NDE,United States,NDE,english,22,2012-08-20T00:00:00.000Z,2006-04-14T00:00:00.000Z,11662,TRUE,TRUE,TRUE,TRUE,FALSE,TRUE,FALSE,TRUE
6378,F,NDE,United States,NDE,english,19,2012-08-20T00:00:00.000Z,1971-10-21T00:00:00.000Z,6309,FALSE,FALSE,FALSE,TRUE,FALSE,FALSE,FALSE,FALSE
6379,M,NDE,United States,NDE,english,12,2012-08-20T00:00:00.000Z,2004-08-16T00:00:00.000Z,9764,TRUE,FALSE,FALSE,TRUE,FALSE,FALSE,FALSE,FALSE
6385,F,NDE,United States,NDE,english,11,2012-08-20T00:00:00.000Z,1991-07-18T00:00:00.000Z,8862,TRUE,FALSE,FALSE,TRUE,FALSE,FALSE,FALSE,FALSE
6386,F,Probable NDE,Louisiana,Probable NDE,english,22,2012-08-20T00:00:00.000Z,NA,7226,FALSE,TRUE,FALSE,TRUE,TRUE,FALSE,FALSE,FALSE
6387,F,Probable NDE,United States,Probable NDE,english,15,2012-08-20T00:00:00.000Z,1962-11-18T00:00:00.000Z,10584,FALSE,TRUE,FALSE,FALSE,FALSE,FALSE,FALSE,FALSE
6389,F,NDE,United States,NDE,english,5,2012-08-24T00:00:00.000Z,2003-01-01T00:00:00.000Z,13881,TRUE,FALSE,FALSE,TRUE,TRUE,FALSE,FALSE,FALSE
6390,M,Probable NDE,Canada,Probable NDE,english,12,2012-08-24T00:00:00.000Z,1987-05-18T00:00:00.000Z,17663,TRUE,TRUE,FALSE,TRUE,FALSE,FALSE,FALSE,FALSE
6391,F,NDE,United States,NDE,english,11,2012-08-24T00:00:00.000Z,2007-06-18T00:00:00.000Z,8809,TRUE,FALSE,FALSE,TRUE,FALSE,FALSE,FALSE,FALSE
6394,M,NDE,United States,NDE,english,14,2012-08-31T00:00:00.000Z,2012-06-01T00:00:00.000Z,9894,TRUE,FALSE,FALSE,TRUE,FALSE,FALSE,FALSE,FALSE
6395,F,NDE,United States,NDE,english,15,2012-08-31T00:00:00.000Z,1980-03-06T00:00:00.000Z,4467,TRUE,FALSE,FALSE,TRUE,FALSE,FALSE,FALSE,FALSE
6396,F,NDE,United States,NDE,english,24,2012-08-31T00:00:00.000Z,1998-12-18T00:00:00.000Z,15838,FALSE,FALSE,TRUE,TRUE,FALSE,FALSE,FALSE,FALSE
6398,F,NDE,United States,NDE,english,8,2012-08-31T00:00:00.000Z,2008-01-01T00:00:00.000Z,6992,FALSE,FALSE,FALSE,TRUE,FALSE,FALSE,FALSE,FALSE
6399,F,NDE,Canada,NDE,english,6,2012-08-31T00:00:00.000Z,2005-01-01T00:00:00.000Z,5884,TRUE,FALSE,FALSE,TRUE,TRUE,FALSE,FALSE,FALSE
6400,F,NDE,England,NDE,english,16,2012-08-31T00:00:00.000Z,1969-01-18T00:00:00.000Z,10021,TRUE,FALSE,FALSE,TRUE,FALSE,FALSE,FALSE,FALSE
6404,F,NDE,United States,NDE,english,5,2012-09-07T00:00:00.000Z,1983-01-01T00:00:00.000Z,8638,TRUE,FALSE,FALSE,TRUE,TRUE,FALSE,FALSE,FALSE
6405,F,NDE,United States,NDE,english,22,2012-09-07T00:00:00.000Z,1962-01-18T00:00:00.000Z,17257,TRUE,TRUE,FALSE,TRUE,FALSE,FALSE,FALSE,FALSE
6406,F,NDE,United States,NDE,english,17,2012-09-07T00:00:00.000Z,1986-01-18T00:00:00.000Z,10419,TRUE,TRUE,FALSE,TRUE,FALSE,FALSE,FALSE,FALSE
6408,F,Probable NDE,India,Probable NDE,english,22,2012-09-14T00:00:00.000Z,2004-12-02T00:00:00.000Z,10240,TRUE,FALSE,FALSE,TRUE,FALSE,FALSE,FALSE,FALSE
6409,M,NDE,India,NDE,english,20,2012-09-14T00:00:00.000Z,2005-05-08T00:00:00.000Z,5659,TRUE,FALSE,FALSE,FALSE,FALSE,FALSE,FALSE,FALSE
6410,F,NDE,United States,NDE,english,11,2012-09-14T00:00:00.000Z,1971-01-18T00:00:00.000Z,4517,TRUE,TRUE,FALSE,FALSE,FALSE,FALSE,FALSE,FALSE
6415,M,Probable NDE,United States,Probable NDE,english,21,2012-09-21T00:00:00.000Z,2003-01-01T00:00:00.000Z,14887,TRUE,FALSE,FALSE,FALSE,FALSE,FALSE,FALSE,FALSE
6417,M,NDE,Vietnam,NDE,english,21,2012-09-21T00:00:00.000Z,1965-01-18T00:00:00.000Z,4181,TRUE,TRUE,FALSE,TRUE,FALSE,FALSE,FALSE,FALSE
6418,F,Probable NDE,Puerto Rico,Probable NDE,español,11,2012-09-21T00:00:00.000Z,2008-01-01T00:00:00.000Z,4406,FALSE,FALSE,FALSE,TRUE,FALSE,FALSE,FALSE,FALSE
6420,F,Possible NDE,United States,Possible NDE,englsih,15,2012-09-21T00:00:00.000Z,1977-03-18T00:00:00.000Z,5404,FALSE,TRUE,FALSE,FALSE,FALSE,FALSE,FALSE,FALSE
6425,F,Probable NDE,United States,Probable NDE,english,16,2012-09-28T00:00:00.000Z,2002-10-18T00:00:00.000Z,20471,TRUE,FALSE,TRUE,TRUE,FALSE,FALSE,FALSE,FALSE
6427,F,NDE,United States,NDE,english,10,2012-10-05T00:00:00.000Z,1969-01-01T00:00:00.000Z,5648,FALSE,FALSE,FALSE,TRUE,FALSE,FALSE,FALSE,FALSE
6428,F,NDE,Canada,NDE,english,24,2012-10-05T00:00:00.000Z,1991-05-15T00:00:00.000Z,31556,TRUE,TRUE,FALSE,TRUE,FALSE,FALSE,FALSE,FALSE
6429,F,NDE,Peru,NDE,english,17,2012-10-05T00:00:00.000Z,2006-06-15T00:00:00.000Z,9979,FALSE,TRUE,FALSE,TRUE,FALSE,FALSE,FALSE,FALSE
6430,M,NDE,United States,NDE,english,21,2012-10-05T00:00:00.000Z,1974-05-17T00:00:00.000Z,3209,TRUE,TRUE,FALSE,TRUE,TRUE,FALSE,FALSE,FALSE
6431,F,Probable NDE,Estonia,Probable NDE,english,15,2012-10-05T00:00:00.000Z,1992-01-01T00:00:00.000Z,8329,TRUE,FALSE,FALSE,TRUE,FALSE,FALSE,FALSE,FALSE
6432,F,NDE,England,NDE,english,12,2012-10-05T00:00:00.000Z,2010-12-20T00:00:00.000Z,9657,FALSE,TRUE,FALSE,TRUE,FALSE,FALSE,FALSE,FALSE
6433,M,NDE,United States,NDE,english,13,2012-10-12T00:00:00.000Z,2001-11-22T00:00:00.000Z,9505,FALSE,TRUE,FALSE,TRUE,FALSE,FALSE,FALSE,FALSE
6436,F,NDE,United States,NDE,english,17,2012-10-12T00:00:00.000Z,2012-09-29T00:00:00.000Z,6653,FALSE,FALSE,FALSE,FALSE,FALSE,FALSE,FALSE,FALSE
6437,F,NDE,United States,NDE,english,11,2012-10-12T00:00:00.000Z,1970-10-18T00:00:00.000Z,8402,TRUE,FALSE,FALSE,TRUE,FALSE,FALSE,FALSE,FALSE
6440,M,NDE,United States,NDE,english,26,2012-10-12T00:00:00.000Z,2008-05-31T00:00:00.000Z,14706,TRUE,TRUE,TRUE,TRUE,FALSE,FALSE,FALSE,FALSE
6443,F,NDE,United States,NDE,english,16,2012-10-16T00:00:00.000Z,1994-07-18T00:00:00.000Z,39914,FALSE,TRUE,TRUE,TRUE,FALSE,FALSE,FALSE,FALSE
6448,F,Probable NDE,Canada,Probable NDE,english,23,2012-10-16T00:00:00.000Z,1974-03-18T00:00:00.000Z,17878,TRUE,FALSE,FALSE,FALSE,TRUE,FALSE,FALSE,FALSE
6450,M,Possible NDE,United States,Possible NDE,english,6,2012-10-16T00:00:00.000Z,1951-01-01T00:00:00.000Z,4703,FALSE,FALSE,FALSE,FALSE,FALSE,FALSE,FALSE,FALSE
6452,F,NDE,United States,NDE And Probable NDE,english,20,2012-10-16T00:00:00.000Z,2002-04-24T00:00:00.000Z,14034,TRUE,FALSE,TRUE,TRUE,TRUE,FALSE,FALSE,FALSE
6453,F,Probable NDE,United States,Probable NDE,english,26,2012-10-16T00:00:00.000Z,1981-03-18T00:00:00.000Z,10196,TRUE,TRUE,FALSE,TRUE,FALSE,FALSE,TRUE,FALSE
6454,F,NDE,United States,NDE,español,18,2012-10-16T00:00:00.000Z,1997-01-01T00:00:00.000Z,16264,FALSE,TRUE,FALSE,TRUE,FALSE,FALSE,FALSE,FALSE
6455,F,Probable NDE,Colombia,Probable NDE,english,30,2012-10-16T00:00:00.000Z,1996-02-18T00:00:00.000Z,23596,FALSE,TRUE,TRUE,TRUE,FALSE,FALSE,TRUE,FALSE
6456,F,Possible NDE,Colombia,Possible NDE,español,7,2012-10-16T00:00:00.000Z,1991-01-01T00:00:00.000Z,3229,TRUE,FALSE,FALSE,TRUE,FALSE,FALSE,FALSE,FALSE
6458,M,NDE,United States,NDE,english,9,2012-10-16T00:00:00.000Z,1996-01-01T00:00:00.000Z,9214,TRUE,FALSE,FALSE,TRUE,FALSE,FALSE,FALSE,FALSE
6460,F,NDE,Mexico,NDE,español,19,2012-10-16T00:00:00.000Z,1993-01-01T00:00:00.000Z,13704,TRUE,FALSE,FALSE,TRUE,TRUE,FALSE,FALSE,FALSE
6462,M,NDE,Venezuela,NDE,epañol,5,2012-10-16T00:00:00.000Z,1967-01-18T00:00:00.000Z,6024,FALSE,FALSE,FALSE,TRUE,FALSE,FALSE,FALSE,FALSE
6463,F,NDE,United States,NDE,english,26,2012-10-16T00:00:00.000Z,1974-01-18T00:00:00.000Z,10294,TRUE,FALSE,FALSE,TRUE,FALSE,FALSE,FALSE,FALSE
6464,F,NDE,Germany,NDE,eglish,13,2012-10-19T00:00:00.000Z,NA,5897,TRUE,FALSE,FALSE,TRUE,TRUE,FALSE,FALSE,FALSE
6467,M,Probable NDE,United States,Probable NDE,english,4,2012-10-26T00:00:00.000Z,2004-01-18T00:00:00.000Z,4134,TRUE,FALSE,FALSE,TRUE,FALSE,FALSE,FALSE,FALSE
6468,F,Possible NDE,United States,Possible NDE,english,17,2012-10-26T00:00:00.000Z,1965-07-18T00:00:00.000Z,7779,TRUE,TRUE,FALSE,FALSE,FALSE,FALSE,FALSE,FALSE
6469,F,NDE,United States,NDE,english,5,2012-10-26T00:00:00.000Z,2012-01-01T00:00:00.000Z,5538,FALSE,FALSE,FALSE,TRUE,FALSE,FALSE,FALSE,FALSE
6472,F,Probable NDE,United States,Probable NDE,english,22,2012-10-26T00:00:00.000Z,2006-09-18T00:00:00.000Z,9742,FALSE,TRUE,FALSE,TRUE,FALSE,FALSE,FALSE,FALSE
6474,F,NDE,Japan,NDE,japanese,21,2012-10-26T00:00:00.000Z,1993-10-18T00:00:00.000Z,5107,TRUE,FALSE,FALSE,TRUE,FALSE,FALSE,FALSE,FALSE
6475,F,NDE,United States,NDE,english,7,2012-10-26T00:00:00.000Z,1962-01-18T00:00:00.000Z,17776,TRUE,TRUE,FALSE,TRUE,TRUE,FALSE,FALSE,FALSE
6476,F,SDE,United States,Shared Death,english,19,2012-10-26T00:00:00.000Z,1982-01-01T00:00:00.000Z,9146,TRUE,FALSE,FALSE,TRUE,FALSE,FALSE,FALSE,FALSE
6477,M,NDE,United States,NDE,english,5,2012-10-26T00:00:00.000Z,1972-01-18T00:00:00.000Z,5655,TRUE,FALSE,FALSE,TRUE,FALSE,FALSE,FALSE,FALSE
6478,F,Probable NDE,United States,Probable NDE,english,17,2012-10-26T00:00:00.000Z,1962-08-04T00:00:00.000Z,3452,FALSE,TRUE,FALSE,TRUE,FALSE,FALSE,FALSE,FALSE
6479,M,Probable NDE,Austria,Probable NDE,deutsch,11,2012-11-02T00:00:00.000Z,2012-09-18T00:00:00.000Z,5397,FALSE,FALSE,FALSE,TRUE,FALSE,FALSE,FALSE,FALSE
6483,M,NDE,United States,NDE,english,19,2012-11-02T00:00:00.000Z,1971-01-01T00:00:00.000Z,25744,FALSE,FALSE,FALSE,TRUE,FALSE,TRUE,FALSE,FALSE
6484,M,NDE,United States,NDEs,english,26,2012-11-09T00:00:00.000Z,1969-01-18T00:00:00.000Z,34968,TRUE,FALSE,TRUE,TRUE,FALSE,FALSE,FALSE,FALSE
6485,F,NDE,United States,NDE,english,14,2012-01-01T00:00:00.000Z,2012-08-06T00:00:00.000Z,4373,FALSE,FALSE,FALSE,TRUE,FALSE,FALSE,FALSE,FALSE
6486,F,Probable NDE,U,Probable NDE,english,12,2012-11-09T00:00:00.000Z,1999-01-01T00:00:00.000Z,15915,FALSE,TRUE,FALSE,FALSE,FALSE,FALSE,FALSE,FALSE
6490,F,NDE,United States,NDEs,english,22,2012-11-16T00:00:00.000Z,2009-01-01T00:00:00.000Z,9764,FALSE,FALSE,FALSE,TRUE,FALSE,FALSE,FALSE,FALSE
6492,M,NDE,United States,NDE,english,20,2012-11-16T00:00:00.000Z,1984-01-18T00:00:00.000Z,5200,FALSE,FALSE,FALSE,TRUE,FALSE,FALSE,FALSE,FALSE
6493,M,Possible NDE,United States,Possible NDE,english,13,2012-11-16T00:00:00.000Z,2006-01-01T00:00:00.000Z,4580,FALSE,FALSE,FALSE,FALSE,FALSE,FALSE,FALSE,FALSE
6494,M,NDE,Canada,NDE,english,17,NA,NA,17596,FALSE,FALSE,FALSE,TRUE,FALSE,FALSE,FALSE,FALSE
6496,F,NDE,United States,NDE,english,18,2012-11-23T00:00:00.000Z,1956-01-18T00:00:00.000Z,10282,TRUE,FALSE,FALSE,TRUE,FALSE,FALSE,FALSE,FALSE
6497,F,NDE,India,NDE,english,11,2012-11-23T00:00:00.000Z,2005-05-18T00:00:00.000Z,13199,FALSE,TRUE,FALSE,TRUE,FALSE,TRUE,FALSE,FALSE
6499,F,NDE,United States,NDE,english,17,2012-11-23T00:00:00.000Z,1990-01-18T00:00:00.000Z,3770,TRUE,TRUE,FALSE,TRUE,FALSE,FALSE,FALSE,FALSE
6500,F,Probable NDE,United States,Probable NDE,english,25,2012-11-23T00:00:00.000Z,1999-09-01T00:00:00.000Z,2643,TRUE,FALSE,FALSE,TRUE,TRUE,FALSE,FALSE,FALSE
6503,M,NDE,United States,NDE,english,16,2012-11-23T00:00:00.000Z,1960-06-18T00:00:00.000Z,6511,TRUE,TRUE,FALSE,TRUE,TRUE,FALSE,FALSE,FALSE
6504,F,Possible NDE,unknown,Possible NDE,english,17,2012-11-23T00:00:00.000Z,2012-11-23T00:00:00.000Z,4822,TRUE,FALSE,FALSE,FALSE,FALSE,FALSE,FALSE,FALSE
6505,F,NDE,United States,NDE,english,15,2012-11-30T00:00:00.000Z,1964-01-18T00:00:00.000Z,7028,TRUE,FALSE,FALSE,FALSE,FALSE,FALSE,FALSE,FALSE
6507,F,Probable NDE,United States,Probable NDE due to medication overdose.,english,18,2012-11-30T00:00:00.000Z,2010-04-14T00:00:00.000Z,6827,FALSE,FALSE,FALSE,TRUE,FALSE,FALSE,FALSE,FALSE
6508,M,Probable NDE,Australia,Probable NDE,english,7,2012-11-30T00:00:00.000Z,1970-01-18T00:00:00.000Z,4679,TRUE,FALSE,FALSE,TRUE,FALSE,FALSE,FALSE,FALSE
6510,M,FDE,Italy,STE,italian,22,NA,NA,40054,TRUE,FALSE,FALSE,FALSE,TRUE,FALSE,FALSE,FALSE
6511,M,FDE,Italy,STE,italian,22,NA,NA,40054,TRUE,FALSE,FALSE,FALSE,TRUE,FALSE,FALSE,FALSE
6513,M,Probable NDE,Sweden,Probable NDE,english,20,2012-11-30T00:00:00.000Z,2006-07-10T00:00:00.000Z,4236,FALSE,FALSE,FALSE,TRUE,FALSE,FALSE,FALSE,FALSE
6514,M,NDE,United States,NDE,english,16,2012-11-30T00:00:00.000Z,2010-01-01T00:00:00.000Z,9761,FALSE,FALSE,FALSE,TRUE,FALSE,FALSE,FALSE,FALSE
6515,M,FDE,Italy,FDE,english,7,2012-11-30T00:00:00.000Z,1965-06-18T00:00:00.000Z,7805,FALSE,FALSE,FALSE,FALSE,FALSE,FALSE,FALSE,FALSE
6518,M,Probable NDE,United States,Probable NDE,english,14,2012-11-30T00:00:00.000Z,2012-10-26T00:00:00.000Z,3710,FALSE,FALSE,TRUE,FALSE,FALSE,FALSE,FALSE,FALSE
6519,M,FDE,Germany,FDE,english,12,2012-12-07T00:00:00.000Z,1962-01-09T00:00:00.000Z,3619,TRUE,FALSE,FALSE,TRUE,FALSE,FALSE,FALSE,FALSE
6520,F,NDE,New Zealand,NDE,english,22,2012-12-07T00:00:00.000Z,1990-08-07T00:00:00.000Z,20862,FALSE,TRUE,FALSE,TRUE,FALSE,FALSE,FALSE,FALSE
6521,M,NDE,United States,NDE,englsh,8,2012-12-07T00:00:00.000Z,2010-12-18T00:00:00.000Z,12645,FALSE,FALSE,TRUE,TRUE,FALSE,FALSE,FALSE,FALSE
6524,M,NDE,United States,NDE,english,11,2012-12-14T00:00:00.000Z,2010-11-03T00:00:00.000Z,5543,FALSE,FALSE,FALSE,TRUE,FALSE,FALSE,FALSE,FALSE
6526,F,NDE,United States,NDE,english,17,2012-12-14T00:00:00.000Z,1986-12-26T00:00:00.000Z,13156,TRUE,FALSE,FALSE,TRUE,TRUE,FALSE,FALSE,FALSE
6528,M,NDE,United States,NDE,english,8,2012-12-14T00:00:00.000Z,2012-12-03T00:00:00.000Z,3887,TRUE,FALSE,FALSE,TRUE,FALSE,FALSE,FALSE,FALSE
6530,F,Probable NDE,United States,Probable NDE,english,14,2012-12-28T00:00:00.000Z,2012-11-01T00:00:00.000Z,9345,FALSE,TRUE,FALSE,TRUE,FALSE,FALSE,FALSE,FALSE
6532,M,NDE,United States,NDE,english,12,2012-12-28T00:00:00.000Z,2007-01-01T00:00:00.000Z,2710,TRUE,FALSE,FALSE,TRUE,FALSE,FALSE,FALSE,FALSE
6535,F,NDE,Canada,NDE,english,8,2012-12-28T00:00:00.000Z,2011-08-20T00:00:00.000Z,4919,TRUE,FALSE,FALSE,TRUE,FALSE,FALSE,FALSE,FALSE
6537,M,NDE,United States,NDE,english,13,2012-12-28T00:00:00.000Z,2006-01-01T00:00:00.000Z,7518,FALSE,TRUE,FALSE,TRUE,FALSE,FALSE,FALSE,FALSE
6538,M,NDE,United States,NDE,english,18,2012-12-28T00:00:00.000Z,2011-03-17T00:00:00.000Z,7522,FALSE,FALSE,FALSE,TRUE,FALSE,FALSE,FALSE,FALSE
6539,F,Probable NDE,Australia,Probable NDE,english,6,2012-12-28T00:00:00.000Z,1969-01-18T00:00:00.000Z,2690,TRUE,FALSE,FALSE,TRUE,FALSE,FALSE,FALSE,FALSE
6540,F,NDE,United States,Secondhand NDE,english,14,2012-12-28T00:00:00.000Z,1959-01-01T00:00:00.000Z,14273,FALSE,FALSE,FALSE,TRUE,FALSE,FALSE,FALSE,FALSE
6544,F,Probable NDE,United States,Probable NDE,english,18,2013-01-04T00:00:00.000Z,1993-03-18T00:00:00.000Z,13205,FALSE,TRUE,TRUE,TRUE,FALSE,FALSE,FALSE,FALSE
6546,M,NDE,Czech Republic,NDE,english,17,2013-01-04T00:00:00.000Z,1990-02-18T00:00:00.000Z,13405,TRUE,TRUE,FALSE,TRUE,TRUE,FALSE,FALSE,FALSE
6549,F,NDE,United States,NDE,english,26,2013-01-04T00:00:00.000Z,1978-05-09T00:00:00.000Z,12320,FALSE,TRUE,FALSE,TRUE,FALSE,FALSE,FALSE,FALSE
6551,F,NDE,United States,NDE,language,8,2013-01-04T00:00:00.000Z,1988-01-03T00:00:00.000Z,11314,TRUE,FALSE,FALSE,FALSE,FALSE,FALSE,FALSE,FALSE
6552,F,NDE,United States,NDE,english,17,2013-01-04T00:00:00.000Z,1969-01-01T00:00:00.000Z,5355,TRUE,FALSE,FALSE,TRUE,FALSE,FALSE,FALSE,FALSE
6553,F,Probable NDE,Kentucky,Probable NDE,english,17,2013-01-04T00:00:00.000Z,2012-01-18T00:00:00.000Z,9712,TRUE,FALSE,FALSE,TRUE,FALSE,FALSE,FALSE,FALSE
6556,M,Probable NDE,Canada,Probable NDE,english,3,2013-01-11T00:00:00.000Z,1963-01-18T00:00:00.000Z,3187,TRUE,FALSE,FALSE,FALSE,FALSE,FALSE,FALSE,FALSE
6557,M,NDE,Canada,NDE,english,19,2013-01-11T00:00:00.000Z,NA,10228,FALSE,FALSE,FALSE,FALSE,FALSE,FALSE,FALSE,FALSE
6558,F,NDE,United States,NDE,english,7,2013-01-11T00:00:00.000Z,1994-01-18T00:00:00.000Z,3595,TRUE,FALSE,FALSE,FALSE,FALSE,FALSE,FALSE,FALSE
6559,M,ADC,United States,ADC,english,24,2013-01-11T00:00:00.000Z,1996-09-18T00:00:00.000Z,37744,FALSE,FALSE,FALSE,FALSE,TRUE,TRUE,FALSE,FALSE
6560,F,Probable NDE,United States,Probable NDE,english,17,2013-01-11T00:00:00.000Z,1983-01-18T00:00:00.000Z,9568,FALSE,TRUE,FALSE,TRUE,FALSE,FALSE,FALSE,FALSE
6561,M,ICU,United States,ICU,english,16,2013-01-11T00:00:00.000Z,2011-08-23T00:00:00.000Z,17307,TRUE,FALSE,TRUE,TRUE,FALSE,FALSE,FALSE,FALSE
6562,M,NDE,Canada,NDE,english,21,2013-01-11T00:00:00.000Z,2011-07-18T00:00:00.000Z,5663,TRUE,FALSE,FALSE,TRUE,FALSE,FALSE,FALSE,FALSE
6563,M,NDE,United States,NDE,english,9,2013-01-11T00:00:00.000Z,2003-01-01T00:00:00.000Z,12228,TRUE,TRUE,FALSE,TRUE,TRUE,FALSE,FALSE,FALSE
6564,F,NDE,United States,NDE,english,21,2013-01-11T00:00:00.000Z,2010-06-20T00:00:00.000Z,18551,TRUE,FALSE,FALSE,TRUE,FALSE,FALSE,FALSE,FALSE
6567,F,NDE,France,NDE,english,28,2013-01-11T00:00:00.000Z,1963-01-06T00:00:00.000Z,13626,TRUE,TRUE,FALSE,TRUE,FALSE,TRUE,FALSE,FALSE
6570,F,NDE,Canada,NDE,english,16,2013-01-11T00:00:00.000Z,2010-10-03T20:11:00.000Z,13978,TRUE,FALSE,FALSE,TRUE,FALSE,FALSE,FALSE,FALSE
6571,F,NDE,France,NDE,français,19,2013-01-11T00:00:00.000Z,2001-01-01T00:00:00.000Z,16266,FALSE,TRUE,FALSE,TRUE,FALSE,FALSE,FALSE,FALSE
6572,M,NDE,Colombia,NDE,english,13,2013-01-18T00:00:00.000Z,1984-01-18T00:00:00.000Z,5850,TRUE,FALSE,FALSE,FALSE,TRUE,FALSE,FALSE,FALSE
6573,M,NDE,United States,NDE,english,17,2013-01-18T00:00:00.000Z,2012-01-01T00:00:00.000Z,11020,FALSE,TRUE,FALSE,FALSE,FALSE,FALSE,FALSE,FALSE
6574,F,NDE,Germany,NDE,german,17,2013-01-18T00:00:00.000Z,1965-06-13T00:00:00.000Z,3205,TRUE,TRUE,FALSE,TRUE,FALSE,FALSE,FALSE,FALSE
6576,F,NDE,United States,NDE,english,20,2013-01-18T00:00:00.000Z,2010-02-05T00:00:00.000Z,8471,FALSE,FALSE,FALSE,TRUE,FALSE,FALSE,FALSE,FALSE
6578,F,NDE,Argentina,NDE,español,16,2013-01-18T00:00:00.000Z,1983-04-28T00:00:00.000Z,4656,TRUE,FALSE,FALSE,TRUE,FALSE,FALSE,FALSE,FALSE
6579,F,NDE,France,NDE,english,19,2013-01-18T00:00:00.000Z,1977-01-01T00:00:00.000Z,12202,FALSE,TRUE,FALSE,TRUE,FALSE,FALSE,FALSE,FALSE
6580,F,NDE,France,NDE,français,15,2013-01-25T00:00:00.000Z,NA,7810,TRUE,FALSE,FALSE,TRUE,FALSE,FALSE,FALSE,FALSE
6581,F,NDE,United States,NDE,english,18,2013-01-25T00:00:00.000Z,1945-01-01T00:00:00.000Z,8552,TRUE,TRUE,FALSE,FALSE,FALSE,FALSE,FALSE,FALSE
6584,M,NDE,Scotland,NDE,english,21,2013-01-25T00:00:00.000Z,1974-08-02T00:00:00.000Z,103402,FALSE,TRUE,FALSE,TRUE,FALSE,FALSE,FALSE,FALSE
6585,F,Probable NDE,United States,Probable NDE,english,17,2013-01-25T00:00:00.000Z,1988-12-20T00:00:00.000Z,18399,FALSE,FALSE,FALSE,TRUE,FALSE,FALSE,FALSE,FALSE
6586,F,Probable NDE,United States,Probable NDE,english,14,2013-02-01T00:00:00.000Z,2001-03-19T00:00:00.000Z,12700,TRUE,FALSE,FALSE,TRUE,TRUE,FALSE,FALSE,FALSE
6587,F,Probable NDE,Australia,Probable NDE,english,15,2013-02-01T00:00:00.000Z,1984-03-16T00:00:00.000Z,4372,FALSE,FALSE,FALSE,TRUE,FALSE,FALSE,FALSE,FALSE
6589,M,NDE,United States,NDE,english,11,2013-02-01T00:00:00.000Z,2012-02-06T00:00:00.000Z,4000,FALSE,FALSE,FALSE,TRUE,FALSE,FALSE,FALSE,FALSE
6591,F,Probable NDE,United States,Probable NDE,english,6,2013-02-01T00:00:00.000Z,1978-01-01T00:00:00.000Z,6383,TRUE,FALSE,TRUE,TRUE,FALSE,FALSE,FALSE,FALSE
6596,F,NDE,United States,NDE,english,22,2013-02-01T00:00:00.000Z,1984-01-20T00:00:00.000Z,7202,TRUE,TRUE,FALSE,TRUE,FALSE,FALSE,FALSE,FALSE
6597,M,NDE,United States,NDE,english,30,2013-02-01T00:00:00.000Z,2011-06-19T00:00:00.000Z,10206,TRUE,TRUE,FALSE,TRUE,TRUE,FALSE,FALSE,FALSE
6600,M,STE,U,STE,english,18,2013-02-08T00:00:00.000Z,1977-01-01T00:00:00.000Z,18654,FALSE,TRUE,FALSE,FALSE,FALSE,FALSE,FALSE,FALSE
6602,M,NDE,United States,NDE,english,26,2013-02-08T00:00:00.000Z,NA,17207,FALSE,FALSE,FALSE,TRUE,FALSE,FALSE,FALSE,FALSE
6603,F,FDE,United Kingdom,FDE,english,7,2013-02-08T00:00:00.000Z,2000-01-18T00:00:00.000Z,2633,FALSE,FALSE,FALSE,FALSE,FALSE,FALSE,FALSE,FALSE
6604,M,NDE,Ireland,NDE,english,15,2013-02-08T00:00:00.000Z,NA,7958,FALSE,TRUE,FALSE,FALSE,FALSE,FALSE,FALSE,FALSE
6605,M,Probable NDE,London,Probable NDE,english,9,2013-02-15T00:00:00.000Z,2005-01-18T00:00:00.000Z,5246,FALSE,FALSE,FALSE,TRUE,FALSE,FALSE,FALSE,FALSE
6609,M,Probable NDE,Australia,Probable NDE,english,24,2013-02-15T00:00:00.000Z,1975-01-18T00:00:00.000Z,18888,FALSE,TRUE,FALSE,TRUE,FALSE,FALSE,FALSE,FALSE
6611,F,NDE,United States,NDEs,english,14,2013-02-15T00:00:00.000Z,1995-01-01T00:00:00.000Z,6404,FALSE,FALSE,TRUE,TRUE,FALSE,FALSE,FALSE,FALSE
6612,M,NDE,United States,NDE,english,18,2013-02-15T00:00:00.000Z,2013-01-01T00:00:00.000Z,12726,FALSE,TRUE,FALSE,TRUE,FALSE,FALSE,TRUE,FALSE
6613,F,NDE,United States,NDE,english,13,2013-02-15T00:00:00.000Z,NA,5385,FALSE,FALSE,FALSE,TRUE,FALSE,FALSE,FALSE,FALSE
6615,F,NDE,United States,NDE,english,19,2013-02-22T00:00:00.000Z,1992-03-17T00:00:00.000Z,11904,TRUE,TRUE,FALSE,TRUE,FALSE,FALSE,FALSE,FALSE
6616,M,Probable NDE,United Kingdom,Probable NDE,english,7,2013-02-22T00:00:00.000Z,1979-12-25T00:00:00.000Z,5984,FALSE,FALSE,FALSE,TRUE,FALSE,FALSE,FALSE,FALSE
6618,M,Probable NDE,United States,Probable NDE,english,16,2013-02-22T00:00:00.000Z,2006-10-18T00:00:00.000Z,3382,FALSE,FALSE,FALSE,TRUE,FALSE,FALSE,FALSE,FALSE
6622,F,NDE,United States,NDE,english,17,2013-02-22T00:00:00.000Z,1979-08-14T00:00:00.000Z,4312,FALSE,FALSE,FALSE,TRUE,FALSE,FALSE,FALSE,FALSE
6623,F,FDE,United States,FDE,english,8,2013-02-22T00:00:00.000Z,1975-01-18T00:00:00.000Z,14672,FALSE,FALSE,FALSE,FALSE,FALSE,FALSE,FALSE,FALSE
6624,F,NDE,South Africa,NDE,english,14,2013-02-22T00:00:00.000Z,1975-01-18T00:00:00.000Z,7508,FALSE,TRUE,FALSE,TRUE,FALSE,FALSE,FALSE,FALSE
6625,F,NDE,Bosnia and Herzegovina,NDE,english,13,2013-02-22T00:00:00.000Z,1989-08-18T00:00:00.000Z,4387,TRUE,FALSE,FALSE,TRUE,FALSE,FALSE,FALSE,FALSE
6626,M,ICU,United States,ICU,english,16,2013-01-11T00:00:00.000Z,2011-08-23T00:00:00.000Z,17307,TRUE,FALSE,TRUE,TRUE,FALSE,FALSE,FALSE,FALSE
6627,F,Probable NDE,United States,Probable NDE,english,18,2013-03-01T00:00:00.000Z,2013-01-14T00:00:00.000Z,5344,FALSE,FALSE,FALSE,TRUE,FALSE,FALSE,FALSE,FALSE
6628,M,NDE,United States,NDE,english,12,2013-03-01T00:00:00.000Z,2012-12-30T00:00:00.000Z,3209,FALSE,FALSE,FALSE,FALSE,FALSE,FALSE,FALSE,FALSE
6631,F,Anesthesia,United Kingdom,Anesthesia,english,16,2013-03-01T00:00:00.000Z,1970-10-18T00:00:00.000Z,2014,TRUE,FALSE,FALSE,TRUE,FALSE,FALSE,FALSE,FALSE
6633,F,NDE,Illinois,NDE,english,8,2013-03-13T00:00:00.000Z,NA,4655,FALSE,FALSE,FALSE,TRUE,FALSE,FALSE,FALSE,FALSE
6634,M,NDE,United States,NDE/Shared Death Experience,english,19,2013-03-13T00:00:00.000Z,1984-01-01T00:00:00.000Z,10781,FALSE,FALSE,FALSE,TRUE,FALSE,FALSE,FALSE,FALSE
6635,F,Probable NDE,Singapore,Probable NDE,english,18,2013-03-13T00:00:00.000Z,1994-08-18T00:00:00.000Z,13047,TRUE,TRUE,FALSE,TRUE,FALSE,FALSE,FALSE,FALSE
6636,F,NDE,United States,NDE,english,21,2013-03-13T00:00:00.000Z,2006-03-18T00:00:00.000Z,16343,TRUE,TRUE,FALSE,FALSE,FALSE,FALSE,FALSE,FALSE
6638,M,NDE,United States,NDE,english,10,2013-03-13T00:00:00.000Z,1990-01-01T00:00:00.000Z,6138,TRUE,FALSE,FALSE,TRUE,TRUE,FALSE,FALSE,FALSE
6639,M,NDE,United States,NDE,english,23,2013-03-13T00:00:00.000Z,2007-06-23T00:00:00.000Z,7999,TRUE,TRUE,FALSE,TRUE,FALSE,FALSE,FALSE,FALSE
6640,F,NDE,United States,NDE,english,15,2013-03-13T00:00:00.000Z,1957-04-05T00:00:00.000Z,3422,TRUE,FALSE,FALSE,TRUE,FALSE,FALSE,FALSE,FALSE
6641,F,NDE,Puerto Rico,NDE,english,10,2013-03-13T00:00:00.000Z,2000-01-01T00:00:00.000Z,5021,FALSE,FALSE,FALSE,FALSE,FALSE,FALSE,FALSE,FALSE
6645,M,NDE,United States,NDE,english,23,2013-03-13T00:00:00.000Z,2001-04-12T00:00:00.000Z,8963,FALSE,TRUE,FALSE,TRUE,FALSE,FALSE,FALSE,FALSE
6646,F,Possible NDE,United States,Possible NDE,english,14,2013-03-13T00:00:00.000Z,2013-10-07T00:00:00.000Z,6493,FALSE,FALSE,FALSE,TRUE,FALSE,FALSE,FALSE,FALSE
6647,F,Probable NDE,unknown,Secondhand Probable NDE,english,18,2013-03-13T00:00:00.000Z,NA,4438,FALSE,FALSE,FALSE,FALSE,FALSE,FALSE,FALSE,TRUE
6648,F,FDE,France,FDE,français,15,2013-03-15T00:00:00.000Z,2009-09-18T00:00:00.000Z,6326,TRUE,FALSE,FALSE,TRUE,FALSE,FALSE,FALSE,FALSE
6649,F,NDE,France,NDE,français,19,2013-03-15T00:00:00.000Z,1977-01-01T00:00:00.000Z,6230,TRUE,FALSE,FALSE,TRUE,FALSE,FALSE,FALSE,FALSE
6650,M,NDE,United States,NDE,english,29,2013-03-16T00:00:00.000Z,1965-01-18T00:00:00.000Z,34400,TRUE,TRUE,FALSE,TRUE,TRUE,FALSE,TRUE,FALSE
6652,F,NDE,United States,NDE,english,17,2013-03-22T00:00:00.000Z,1973-07-18T00:00:00.000Z,6301,TRUE,FALSE,FALSE,TRUE,FALSE,FALSE,FALSE,FALSE
6653,M,Probable NDE,France,Probable NDE,français,9,2013-03-22T00:00:00.000Z,1970-01-01T00:00:00.000Z,5075,FALSE,FALSE,FALSE,TRUE,FALSE,FALSE,FALSE,FALSE
6656,F,NDE,C,NDE,français,17,2013-03-22T00:00:00.000Z,1973-01-01T00:00:00.000Z,4519,TRUE,FALSE,FALSE,TRUE,FALSE,FALSE,FALSE,FALSE
6657,F,NDE,United States,NDE,english,16,2013-03-22T00:00:00.000Z,1975-06-18T00:00:00.000Z,6710,FALSE,TRUE,FALSE,TRUE,FALSE,FALSE,FALSE,FALSE
6658,M,ICU,United States,ICU,english,16,2013-01-11T00:00:00.000Z,2011-08-23T00:00:00.000Z,17307,TRUE,FALSE,TRUE,TRUE,FALSE,FALSE,FALSE,FALSE
6660,M,NDE,United States,NDE,english,27,2013-03-22T00:00:00.000Z,1997-03-31T00:00:00.000Z,9278,TRUE,TRUE,FALSE,TRUE,FALSE,FALSE,FALSE,FALSE
6661,F,NDE,F,NDE,english,26,2013-03-22T00:00:00.000Z,1985-01-18T00:00:00.000Z,8779,TRUE,FALSE,FALSE,TRUE,FALSE,FALSE,FALSE,FALSE
6664,F,NDE,United States,NDE,english,23,2013-03-29T00:00:00.000Z,1969-01-01T00:00:00.000Z,4401,FALSE,TRUE,FALSE,FALSE,FALSE,TRUE,FALSE,FALSE
6665,F,NDE,United Kingdom,NDE,english,19,2013-03-29T00:00:00.000Z,2013-03-22T00:00:00.000Z,4088,FALSE,TRUE,FALSE,TRUE,FALSE,FALSE,FALSE,FALSE
6666,M,Possible NDE,Canada,Possible NDE,english,19,2013-03-29T00:00:00.000Z,1962-01-18T00:00:00.000Z,6055,FALSE,TRUE,FALSE,TRUE,FALSE,TRUE,FALSE,FALSE
6667,M,NDE,United States,NDE,english,18,2013-03-29T00:00:00.000Z,1997-01-18T00:00:00.000Z,10241,TRUE,FALSE,FALSE,FALSE,FALSE,FALSE,FALSE,FALSE
6670,F,NDE,Sweden,NDE,svenska,14,2013-03-29T00:00:00.000Z,2012-12-26T00:00:00.000Z,5615,TRUE,TRUE,FALSE,FALSE,FALSE,FALSE,FALSE,FALSE
6672,F,NDE,South Africa,NDE,english,23,2013-04-05T00:00:00.000Z,1986-06-18T00:00:00.000Z,6638,TRUE,FALSE,FALSE,TRUE,TRUE,FALSE,FALSE,FALSE
6673,M,NDE,England,NDE,english,2,2013-04-05T00:00:00.000Z,1960-01-18T00:00:00.000Z,8553,TRUE,FALSE,FALSE,FALSE,FALSE,FALSE,FALSE,FALSE
6674,M,NDE,Spain,NDE,english,14,2013-04-05T00:00:00.000Z,1989-07-18T00:00:00.000Z,5124,FALSE,FALSE,FALSE,TRUE,FALSE,FALSE,FALSE,FALSE
6676,F,Possible NDE,United States,Possible NDE,english,6,2013-04-05T00:00:00.000Z,2007-08-15T00:00:00.000Z,5888,TRUE,FALSE,FALSE,TRUE,TRUE,FALSE,FALSE,FALSE
6677,F,NDE,United States,NDE,english,7,2013-04-05T00:00:00.000Z,1993-01-18T00:00:00.000Z,4679,FALSE,FALSE,TRUE,FALSE,FALSE,FALSE,FALSE,FALSE
6678,F,NDE,Ireland,NDE,english,21,2013-04-05T00:00:00.000Z,1988-10-18T00:00:00.000Z,19409,FALSE,TRUE,FALSE,TRUE,FALSE,FALSE,FALSE,FALSE
6679,M,NDE,United States,NDE,english,10,2013-04-12T00:00:00.000Z,2008-08-18T00:00:00.000Z,5168,TRUE,FALSE,FALSE,TRUE,FALSE,FALSE,FALSE,FALSE
6681,F,Probable NDE,United States,Probable NDE,english,12,2013-04-12T00:00:00.000Z,1970-01-18T00:00:00.000Z,7543,TRUE,FALSE,FALSE,TRUE,FALSE,TRUE,FALSE,FALSE
6683,F,NDE,United States,NDE,english,23,2013-04-12T00:00:00.000Z,2003-11-02T00:00:00.000Z,20663,TRUE,TRUE,FALSE,TRUE,TRUE,FALSE,FALSE,FALSE
6684,M,Probable NDE,United States,Probable NDE,english,14,2013-04-12T00:00:00.000Z,2009-03-04T00:00:00.000Z,3153,FALSE,FALSE,FALSE,TRUE,FALSE,FALSE,FALSE,FALSE
6685,F,NDE,United States,NDE,english,7,2013-04-12T00:00:00.000Z,2012-01-25T00:00:00.000Z,6851,TRUE,FALSE,FALSE,FALSE,TRUE,FALSE,FALSE,FALSE
6688,M,Probable NDE,Canada,Probable NDE,english,17,2013-04-12T00:00:00.000Z,2013-01-01T00:00:00.000Z,11527,FALSE,FALSE,FALSE,TRUE,TRUE,FALSE,FALSE,FALSE
6689,M,NDE,United States,NDE,enhlish,13,2013-04-12T00:00:00.000Z,1961-01-18T00:00:00.000Z,9856,FALSE,FALSE,TRUE,TRUE,FALSE,FALSE,FALSE,FALSE
6691,F,NDE,Canada,NDE,engish,15,2013-04-18T00:00:00.000Z,1974-10-28T00:00:00.000Z,2824,TRUE,FALSE,FALSE,TRUE,TRUE,FALSE,FALSE,FALSE
6692,F,NDE,United States,NDE,english,13,2013-04-18T00:00:00.000Z,1968-01-18T00:00:00.000Z,8426,FALSE,FALSE,FALSE,TRUE,FALSE,FALSE,FALSE,FALSE
6694,F,NDE,United States,NDE,english,15,2013-04-18T00:00:00.000Z,1969-01-18T00:00:00.000Z,9877,TRUE,FALSE,FALSE,TRUE,FALSE,FALSE,FALSE,FALSE
6696,F,NDE,United States,NDE,english,13,2013-04-26T00:00:00.000Z,2008-06-19T00:00:00.000Z,5498,TRUE,FALSE,FALSE,TRUE,TRUE,FALSE,FALSE,FALSE
6697,F,NDE,United Kingdom,NDE,english,9,2013-04-26T00:00:00.000Z,1993-10-18T00:00:00.000Z,10453,FALSE,FALSE,FALSE,FALSE,FALSE,FALSE,FALSE,FALSE
6698,F,NDE,United States,NDE,english,10,2013-04-26T00:00:00.000Z,1994-01-18T00:00:00.000Z,5247,FALSE,FALSE,FALSE,TRUE,FALSE,FALSE,FALSE,FALSE
6702,F,Probable NDE,United States,Probable NDE,english,14,2013-04-26T00:00:00.000Z,1958-06-01T00:00:00.000Z,12648,TRUE,TRUE,FALSE,TRUE,FALSE,FALSE,FALSE,FALSE
6708,F,Probable NDE,Germany,Probable NDE,english,7,2013-05-03T00:00:00.000Z,1971-05-18T00:00:00.000Z,2620,FALSE,FALSE,FALSE,TRUE,FALSE,FALSE,FALSE,FALSE
6711,M,NDE,United States,NDE,english,19,2013-05-03T00:00:00.000Z,2006-06-11T00:00:00.000Z,19915,TRUE,FALSE,FALSE,TRUE,TRUE,FALSE,FALSE,FALSE
6712,M,NDE,United States,NDEs,english,18,2013-05-03T00:00:00.000Z,2005-01-01T00:00:00.000Z,67799,TRUE,FALSE,FALSE,TRUE,TRUE,TRUE,FALSE,FALSE
6713,F,NDE,England,NDE,english,24,2013-05-03T00:00:00.000Z,1975-07-21T00:00:00.000Z,9953,TRUE,TRUE,FALSE,TRUE,TRUE,FALSE,FALSE,FALSE
6714,M,FDE,United Kingdom,FDE,english,17,2013-05-03T00:00:00.000Z,1976-07-18T00:00:00.000Z,23886,TRUE,TRUE,FALSE,TRUE,FALSE,FALSE,FALSE,FALSE
6715,F,NDE,United States,NDE,english,8,2013-05-03T00:00:00.000Z,1983-10-30T00:00:00.000Z,2421,FALSE,FALSE,FALSE,FALSE,FALSE,FALSE,FALSE,FALSE
6716,M,NDE,United States,NDE,english,10,2013-05-03T00:00:00.000Z,1994-01-18T00:00:00.000Z,5530,TRUE,FALSE,FALSE,TRUE,FALSE,FALSE,FALSE,FALSE
6717,M,NDE,Gabon,NDE,français,7,2013-05-03T00:00:00.000Z,1978-01-01T00:00:00.000Z,4530,FALSE,FALSE,FALSE,TRUE,FALSE,FALSE,FALSE,FALSE
6719,F,NDE,England,NDE,english,4,2013-05-10T00:00:00.000Z,1989-01-01T00:00:00.000Z,6564,FALSE,FALSE,FALSE,TRUE,FALSE,FALSE,FALSE,FALSE
6721,M,Probable NDE,United States,Probable NDE,english,9,2013-05-10T00:00:00.000Z,2011-01-18T00:00:00.000Z,4291,FALSE,FALSE,FALSE,FALSE,FALSE,FALSE,FALSE,FALSE
6722,M,Probable NDE,United States,Probable NDE,english,7,2013-05-10T00:00:00.000Z,NA,2780,FALSE,FALSE,FALSE,TRUE,FALSE,FALSE,FALSE,FALSE
6723,F,NDE,France,NDE,francais,23,2013-05-10T00:00:00.000Z,2005-05-11T00:00:00.000Z,18780,TRUE,FALSE,FALSE,TRUE,FALSE,FALSE,FALSE,FALSE
6728,F,NDE,Argentina,NDE,español,17,2013-05-10T00:00:00.000Z,2013-08-02T00:00:00.000Z,3730,FALSE,FALSE,FALSE,TRUE,FALSE,TRUE,FALSE,FALSE
6730,M,NDE,Australia,NDE,english,21,2013-05-17T00:00:00.000Z,2012-11-15T00:00:00.000Z,5966,FALSE,FALSE,FALSE,TRUE,FALSE,FALSE,FALSE,FALSE
6731,F,Probable NDE,United States,Probable NDE,english,13,2013-05-17T00:00:00.000Z,2000-08-18T00:00:00.000Z,4924,FALSE,FALSE,FALSE,TRUE,FALSE,FALSE,FALSE,FALSE
6733,M,NDE,Canada,NDE,english,11,2013-05-17T00:00:00.000Z,2008-05-14T00:00:00.000Z,8801,TRUE,TRUE,FALSE,TRUE,FALSE,FALSE,FALSE,FALSE
6734,F,Possible NDE,France,Possible NDE,english,17,2013-05-17T00:00:00.000Z,2002-01-01T00:00:00.000Z,3731,FALSE,FALSE,TRUE,TRUE,FALSE,FALSE,FALSE,FALSE
6736,F,NDE,United States,NDE,english,14,2013-05-17T00:00:00.000Z,1962-08-26T00:00:00.000Z,6376,FALSE,FALSE,FALSE,TRUE,FALSE,FALSE,FALSE,FALSE
6737,F,Probable NDE,United States,Probable NDE,english,14,2013-05-17T00:00:00.000Z,2001-11-26T00:00:00.000Z,8518,FALSE,FALSE,FALSE,TRUE,FALSE,FALSE,FALSE,FALSE
6739,M,NDE,Philippines,NDE,english,24,2013-05-17T00:00:00.000Z,2011-06-01T00:00:00.000Z,6704,TRUE,TRUE,FALSE,TRUE,TRUE,FALSE,FALSE,FALSE
6740,F,NDE,United States,NDE,english,10,2013-05-17T00:00:00.000Z,2013-02-12T00:00:00.000Z,16134,TRUE,FALSE,FALSE,TRUE,FALSE,FALSE,FALSE,FALSE
6743,F,NDE,United States,NDE,english,16,2013-05-24T00:00:00.000Z,2010-06-18T00:00:00.000Z,8827,FALSE,FALSE,FALSE,TRUE,FALSE,FALSE,FALSE,FALSE
6745,M,NDE,United States,NDE,english,4,2013-05-24T00:00:00.000Z,1960-05-18T00:00:00.000Z,3417,TRUE,FALSE,FALSE,TRUE,TRUE,FALSE,FALSE,FALSE
6748,F,NDE,United States,Probable NDEs,english,7,2013-05-24T00:00:00.000Z,2011-03-18T00:00:00.000Z,4440,TRUE,FALSE,FALSE,TRUE,TRUE,FALSE,FALSE,FALSE
6749,M,NDE,United States,NDE,english,20,2013-05-24T00:00:00.000Z,1983-01-18T00:00:00.000Z,6197,FALSE,FALSE,FALSE,TRUE,FALSE,FALSE,FALSE,FALSE
6751,F,NDE,Spain,NDE,español,19,2013-05-24T00:00:00.000Z,2013-04-13T00:00:00.000Z,4947,TRUE,FALSE,FALSE,TRUE,TRUE,FALSE,FALSE,FALSE
6752,F,FDE,United States,FDE,english,18,2013-05-24T00:00:00.000Z,1983-01-01T00:00:00.000Z,8012,TRUE,TRUE,FALSE,FALSE,TRUE,FALSE,FALSE,FALSE
6754,M,NDE,Unclear,NDE,english,17,2013-05-31T00:00:00.000Z,1971-01-01T00:00:00.000Z,8168,TRUE,FALSE,FALSE,TRUE,FALSE,FALSE,FALSE,FALSE
6758,F,NDE,United States,NDE,english,22,2013-05-31T00:00:00.000Z,2011-11-04T00:00:00.000Z,18690,TRUE,FALSE,FALSE,TRUE,FALSE,FALSE,FALSE,FALSE
6764,M,NDE,United States,NDE,english,21,2013-06-07T00:00:00.000Z,1976-10-30T00:00:00.000Z,7604,FALSE,TRUE,FALSE,TRUE,TRUE,FALSE,FALSE,FALSE
6768,F,NDE,United States,NDE,english,23,2013-06-07T00:00:00.000Z,1978-01-01T00:00:00.000Z,4555,TRUE,FALSE,FALSE,TRUE,TRUE,FALSE,FALSE,FALSE
6769,F,NDE,United States,NDE,english,13,2013-06-07T00:00:00.000Z,1962-01-01T00:00:00.000Z,4118,FALSE,FALSE,FALSE,TRUE,FALSE,FALSE,FALSE,FALSE
6770,F,NDE,United Kingdom,NDE,english,7,2013-06-14T00:00:00.000Z,2009-06-23T00:00:00.000Z,8353,FALSE,FALSE,FALSE,TRUE,FALSE,FALSE,FALSE,FALSE
6774,F,NDE,United States,NDE,english,12,2013-06-14T00:00:00.000Z,2006-06-24T00:00:00.000Z,3463,TRUE,FALSE,FALSE,TRUE,TRUE,FALSE,FALSE,FALSE
6775,F,Probable NDE,United States,Probable NDE,english,11,2013-06-14T00:00:00.000Z,1958-09-18T00:00:00.000Z,3623,FALSE,FALSE,FALSE,TRUE,FALSE,FALSE,FALSE,FALSE
6776,F,NDE,United States,NDE,english,27,2013-06-14T00:00:00.000Z,1985-08-25T00:00:00.000Z,9218,TRUE,FALSE,FALSE,TRUE,FALSE,FALSE,FALSE,FALSE
6777,M,Possible NDE,United States,Possible NDE,english,5,2013-06-14T00:00:00.000Z,2015-01-18T00:00:00.000Z,3791,FALSE,FALSE,FALSE,TRUE,FALSE,FALSE,FALSE,FALSE
6778,F,Possible NDE,New Zealand,Possible NDE,english,13,2013-06-14T00:00:00.000Z,1992-01-01T00:00:00.000Z,8825,TRUE,FALSE,FALSE,FALSE,FALSE,FALSE,FALSE,FALSE
6780,F,FDE,U,FDE,english,2,2013-06-21T00:00:00.000Z,1959-05-18T00:00:00.000Z,1916,FALSE,FALSE,FALSE,FALSE,FALSE,FALSE,FALSE,FALSE
6782,F,Possible NDE,United States,Possible NDE,english,6,2013-06-21T00:00:00.000Z,1986-03-18T00:00:00.000Z,3605,TRUE,FALSE,FALSE,FALSE,FALSE,FALSE,FALSE,FALSE
6783,F,Possible NDE,Philippines,Possible NDE,english,15,2013-06-21T00:00:00.000Z,1988-08-26T00:00:00.000Z,5646,FALSE,FALSE,FALSE,FALSE,FALSE,FALSE,FALSE,FALSE
6785,F,NDE,Spain,NDE,español,19,2013-06-21T00:00:00.000Z,1999-06-07T00:00:00.000Z,10113,FALSE,TRUE,FALSE,FALSE,FALSE,FALSE,FALSE,FALSE
6787,M,NDE,U,NDE,english,9,2013-06-21T00:00:00.000Z,1995-01-18T00:00:00.000Z,3339,FALSE,FALSE,FALSE,TRUE,FALSE,FALSE,FALSE,FALSE
6788,F,NDE,United States,NDE,english,18,NA,NA,12690,TRUE,FALSE,FALSE,TRUE,FALSE,FALSE,FALSE,FALSE
6790,F,NDE,United States,NDE,english,21,2013-06-28T00:00:00.000Z,1980-02-07T00:00:00.000Z,3339,TRUE,FALSE,FALSE,TRUE,FALSE,FALSE,FALSE,FALSE
6797,F,Possible NDE,United States,Possible NDE,english,26,2013-07-05T00:00:00.000Z,1967-01-18T00:00:00.000Z,7217,FALSE,TRUE,FALSE,TRUE,FALSE,FALSE,FALSE,FALSE
6798,F,FDE,U,Possible FDE,english,9,2013-07-05T00:00:00.000Z,2011-12-01T00:00:00.000Z,11115,TRUE,FALSE,FALSE,TRUE,FALSE,FALSE,FALSE,FALSE
6802,M,NDE,United States,NDE,english,13,2016-01-01T00:00:00.000Z,1973-01-01T00:00:00.000Z,8433,TRUE,TRUE,FALSE,TRUE,TRUE,FALSE,FALSE,FALSE
6803,M,NDE,United States,Probable NDE,english,17,2013-07-12T00:00:00.000Z,1962-01-18T00:00:00.000Z,6190,TRUE,FALSE,FALSE,TRUE,FALSE,FALSE,FALSE,FALSE
6805,F,NDE,United States,NDE,english,14,2013-07-12T00:00:00.000Z,2011-08-01T00:00:00.000Z,5687,FALSE,FALSE,FALSE,TRUE,FALSE,FALSE,FALSE,FALSE
6806,F,NDE,United States,NDE,english,23,2013-07-12T00:00:00.000Z,2010-01-16T00:00:00.000Z,10531,FALSE,TRUE,FALSE,TRUE,FALSE,FALSE,FALSE,FALSE
6810,F,Probable NDE,United States,Probable NDE,english,15,2013-07-20T00:00:00.000Z,2000-10-18T00:00:00.000Z,6925,FALSE,FALSE,FALSE,TRUE,FALSE,FALSE,FALSE,FALSE
6811,M,NDE,United States,NDE,english,21,2013-07-20T00:00:00.000Z,2009-05-11T00:00:00.000Z,13803,TRUE,FALSE,FALSE,TRUE,TRUE,FALSE,FALSE,FALSE
6812,M,Possible NDE,India,Possible NDE,english,11,2013-07-20T00:00:00.000Z,1990-12-03T00:00:00.000Z,2819,FALSE,FALSE,FALSE,TRUE,FALSE,FALSE,TRUE,FALSE
6813,M,NDE,United States,NDE,english,25,2013-07-20T00:00:00.000Z,2013-05-29T00:00:00.000Z,12403,TRUE,TRUE,FALSE,TRUE,TRUE,FALSE,FALSE,FALSE
6814,F,NDE,Venezuela,NDE,english,25,2013-07-20T00:00:00.000Z,2011-01-01T00:00:00.000Z,30740,TRUE,FALSE,FALSE,TRUE,TRUE,FALSE,TRUE,FALSE
6816,F,NDE,Philippines,NDE,english,10,2013-07-20T00:00:00.000Z,NA,6543,FALSE,FALSE,FALSE,TRUE,FALSE,TRUE,FALSE,FALSE
6819,M,NDE,Australia,NDEs,english,4,2013-07-27T00:00:00.000Z,1999-12-18T00:00:00.000Z,10134,FALSE,FALSE,FALSE,TRUE,FALSE,FALSE,FALSE,FALSE
6820,M,NDE,Rwanda,NDE,english,22,2013-07-27T00:00:00.000Z,1989-01-01T00:00:00.000Z,12839,TRUE,FALSE,TRUE,TRUE,TRUE,FALSE,FALSE,FALSE
6821,F,Probable NDE,United States,Probable NDE,english,12,2013-07-27T00:00:00.000Z,1980-01-01T00:00:00.000Z,6411,FALSE,TRUE,FALSE,TRUE,FALSE,FALSE,FALSE,FALSE
6823,M,NDE,India,NDE,english,25,2013-07-27T00:00:00.000Z,2011-10-03T00:00:00.000Z,8207,TRUE,FALSE,FALSE,TRUE,FALSE,FALSE,FALSE,FALSE
6824,M,NDE,United States,NDE,english,11,2013-08-02T00:00:00.000Z,2000-01-18T00:00:00.000Z,6915,TRUE,TRUE,FALSE,TRUE,FALSE,FALSE,FALSE,FALSE
6827,F,FDE,United States,FDE,english,8,2013-08-02T00:00:00.000Z,1999-12-21T00:00:00.000Z,4870,FALSE,FALSE,FALSE,TRUE,FALSE,FALSE,FALSE,FALSE
6828,M,NDE,United States,NDE,english,16,2013-08-02T00:00:00.000Z,2011-04-18T00:00:00.000Z,4163,FALSE,TRUE,FALSE,FALSE,FALSE,FALSE,FALSE,FALSE
6829,F,NDE,United States,NDE,english,13,2013-08-02T00:00:00.000Z,1977-09-28T00:00:00.000Z,8224,TRUE,TRUE,FALSE,TRUE,FALSE,FALSE,FALSE,FALSE
6830,F,Possible NDE,Mexico,NDE,español,8,2013-08-02T00:00:00.000Z,2012-01-01T00:00:00.000Z,7228,TRUE,FALSE,FALSE,TRUE,FALSE,FALSE,FALSE,FALSE
6831,F,Possible NDE,Scotland,Possible NDE,english,5,2013-08-02T00:00:00.000Z,2009-03-13T00:00:00.000Z,2724,FALSE,FALSE,FALSE,TRUE,FALSE,FALSE,FALSE,FALSE
6832,F,NDE,United States,NDE,english,14,2013-08-02T00:00:00.000Z,1983-06-18T00:00:00.000Z,6545,FALSE,FALSE,FALSE,TRUE,FALSE,TRUE,FALSE,FALSE
6833,M,NDE,United States,NDE,english,27,2013-08-11T00:00:00.000Z,1973-04-18T00:00:00.000Z,7890,TRUE,TRUE,FALSE,TRUE,FALSE,FALSE,TRUE,FALSE
6834,F,NDE,Mexico,NDE,español,17,2013-08-11T00:00:00.000Z,1971-01-18T00:00:00.000Z,3758,FALSE,FALSE,FALSE,FALSE,FALSE,FALSE,FALSE,FALSE
6835,F,Probable NDE,United States,Probable NDE,english,12,2013-08-11T00:00:00.000Z,2011-01-18T00:00:00.000Z,2895,FALSE,FALSE,FALSE,TRUE,FALSE,FALSE,FALSE,FALSE
6836,F,NDE,United States,NDE,english,28,2013-08-11T00:00:00.000Z,2006-02-13T00:00:00.000Z,6974,TRUE,TRUE,FALSE,TRUE,TRUE,FALSE,FALSE,FALSE
6839,M,NDE,United States,NDE,english,8,2013-08-11T00:00:00.000Z,1982-01-18T00:00:00.000Z,3848,FALSE,FALSE,FALSE,TRUE,FALSE,FALSE,FALSE,FALSE
6840,M,Probable NDE,United States,Probable NDE,english,2,2013-08-11T00:00:00.000Z,2006-04-01T00:00:00.000Z,5279,FALSE,FALSE,FALSE,TRUE,FALSE,FALSE,FALSE,FALSE
6841,F,NDE,France,NDE,english,19,2013-08-11T00:00:00.000Z,1985-10-18T00:00:00.000Z,11180,FALSE,FALSE,TRUE,TRUE,FALSE,FALSE,FALSE,FALSE
6843,F,NDE,United States,NDE,english,7,2013-08-11T00:00:00.000Z,1983-01-18T00:00:00.000Z,3960,TRUE,FALSE,FALSE,TRUE,TRUE,FALSE,FALSE,FALSE
6845,M,Probable NDE,United States,Probable NDE,english,16,2013-08-16T00:00:00.000Z,1999-10-30T00:00:00.000Z,13719,FALSE,FALSE,FALSE,TRUE,FALSE,FALSE,FALSE,FALSE
6846,F,NDE,Mexico,NDE,english,15,2013-08-16T00:00:00.000Z,1989-01-01T00:00:00.000Z,10409,TRUE,FALSE,FALSE,TRUE,FALSE,FALSE,FALSE,FALSE
6847,M,NDE,Canada,NDE,english,20,2013-08-16T00:00:00.000Z,1969-07-13T00:00:00.000Z,11922,TRUE,FALSE,FALSE,TRUE,FALSE,FALSE,FALSE,FALSE
6848,M,NDE,United States,NDE,english,11,2013-08-16T00:00:00.000Z,2010-02-20T00:00:00.000Z,5536,FALSE,FALSE,FALSE,TRUE,FALSE,FALSE,FALSE,FALSE
6849,F,NDE,South Africa,Secondhand NDE,english,13,2013-08-16T00:00:00.000Z,2006-06-06T00:00:00.000Z,3234,FALSE,FALSE,FALSE,TRUE,FALSE,FALSE,FALSE,FALSE
6851,M,Probable NDE,Canada,Probable NDE,english,7,2013-08-16T00:00:00.000Z,1973-01-01T00:00:00.000Z,5933,FALSE,FALSE,FALSE,TRUE,FALSE,FALSE,FALSE,FALSE
6852,F,Probable NDE,Finland,Probable NDE,finnish,14,2013-08-16T00:00:00.000Z,NA,4217,FALSE,FALSE,FALSE,TRUE,FALSE,FALSE,FALSE,FALSE
6853,F,NDE,United States,NDE,english,26,2013-08-16T00:00:00.000Z,1969-01-18T00:00:00.000Z,4352,FALSE,FALSE,FALSE,TRUE,FALSE,FALSE,FALSE,FALSE
6854,F,Probable NDE,France,Probable NDE,français,17,2013-08-16T00:00:00.000Z,2009-01-01T00:00:00.000Z,8352,TRUE,FALSE,FALSE,TRUE,FALSE,FALSE,FALSE,FALSE
6857,M,NDE,United States,NDE,english,3,2013-08-23T00:00:00.000Z,2013-04-24T00:00:00.000Z,3227,TRUE,FALSE,FALSE,TRUE,FALSE,FALSE,FALSE,FALSE
6859,M,FDE,United States,FDE,english,15,2013-08-23T00:00:00.000Z,NA,5777,TRUE,FALSE,FALSE,TRUE,FALSE,FALSE,FALSE,FALSE
6861,F,NDE,Spain,NDE,english,9,2013-08-23T00:00:00.000Z,1999-01-18T00:00:00.000Z,9482,FALSE,TRUE,FALSE,TRUE,FALSE,FALSE,FALSE,FALSE
6863,F,NDE,United States,NDE,english,19,2013-08-23T00:00:00.000Z,2009-05-01T00:00:00.000Z,5538,FALSE,TRUE,FALSE,TRUE,FALSE,FALSE,FALSE,FALSE
6864,F,NDE,Australia,NDE,english,4,2013-08-23T00:00:00.000Z,1973-01-18T00:00:00.000Z,4941,TRUE,FALSE,TRUE,TRUE,FALSE,FALSE,FALSE,FALSE
6865,F,NDE,United States,NDE,english,15,2013-08-23T00:00:00.000Z,2013-02-16T00:00:00.000Z,8510,FALSE,FALSE,FALSE,TRUE,FALSE,TRUE,FALSE,FALSE
6866,F,NDE,United States,NDE,english,13,2013-08-23T00:00:00.000Z,2000-06-05T00:00:00.000Z,10182,FALSE,TRUE,FALSE,TRUE,FALSE,FALSE,FALSE,FALSE
6867,F,NDE,United Kingdom,NDE,english,22,2013-08-30T00:00:00.000Z,2008-11-04T00:00:00.000Z,25583,TRUE,FALSE,FALSE,TRUE,FALSE,FALSE,FALSE,FALSE
6871,F,NDE,United States,NDE,english,8,2013-08-30T00:00:00.000Z,1997-07-18T00:00:00.000Z,6574,FALSE,TRUE,FALSE,TRUE,FALSE,FALSE,FALSE,FALSE
6873,M,Probable NDE,United States,Probable NDE,english,19,2013-08-30T00:00:00.000Z,2010-01-01T00:00:00.000Z,7463,FALSE,TRUE,FALSE,TRUE,FALSE,FALSE,TRUE,FALSE
6879,M,Probable NDE,India,Probable NDE,english,14,2013-09-09T00:00:00.000Z,NA,3779,FALSE,FALSE,FALSE,TRUE,FALSE,FALSE,FALSE,FALSE
6880,F,NDE,United States,NDE,english,8,2013-09-09T00:00:00.000Z,1969-02-28T00:00:00.000Z,6865,TRUE,TRUE,FALSE,TRUE,FALSE,FALSE,FALSE,FALSE
6881,F,NDE,Uruguay,NDE,spanish,22,2013-09-09T00:00:00.000Z,1996-11-26T00:00:00.000Z,15582,TRUE,FALSE,FALSE,TRUE,FALSE,FALSE,FALSE,FALSE
6882,M,NDE,United States,NDE,english,20,2013-09-09T00:00:00.000Z,1973-01-01T00:00:00.000Z,3542,TRUE,FALSE,FALSE,TRUE,TRUE,FALSE,FALSE,FALSE
6884,F,Possible NDE,United States,Possible NDE,english,12,2013-09-09T00:00:00.000Z,2012-07-18T00:00:00.000Z,3471,TRUE,FALSE,FALSE,TRUE,FALSE,FALSE,FALSE,FALSE
6885,F,NDE,United States,NDE,english,8,2013-09-09T00:00:00.000Z,1974-01-01T00:00:00.000Z,12387,TRUE,FALSE,FALSE,TRUE,FALSE,FALSE,FALSE,FALSE
6886,F,Possible NDE,C,Possible NDE,english,23,2013-09-09T00:00:00.000Z,2000-09-18T00:00:00.000Z,12717,TRUE,FALSE,TRUE,TRUE,FALSE,FALSE,FALSE,FALSE
6887,F,OBE,United States,OBE,english,11,2013-09-09T00:00:00.000Z,1987-10-15T00:00:00.000Z,5924,TRUE,FALSE,FALSE,FALSE,FALSE,FALSE,FALSE,FALSE
6888,F,Probable NDE,United States,Probable NDE,english,13,2013-09-09T00:00:00.000Z,2001-10-18T00:00:00.000Z,9146,TRUE,TRUE,FALSE,TRUE,FALSE,FALSE,FALSE,FALSE
6890,M,FDE,Canada,FDE,english,1,2013-09-09T00:00:00.000Z,1994-01-01T00:00:00.000Z,2408,TRUE,FALSE,FALSE,TRUE,FALSE,FALSE,FALSE,FALSE
6891,F,FDE,United States,FDE,english,16,2013-09-09T00:00:00.000Z,2009-04-18T00:00:00.000Z,8615,FALSE,FALSE,TRUE,FALSE,FALSE,FALSE,FALSE,FALSE
6893,F,Probable NDE,Netherlands,Probable NDE,english,16,2013-09-15T00:00:00.000Z,1997-11-04T00:00:00.000Z,13562,FALSE,TRUE,FALSE,TRUE,FALSE,FALSE,FALSE,FALSE
6895,M,NDE,France,NDE,français,17,2013-09-15T00:00:00.000Z,1986-01-01T00:00:00.000Z,11240,TRUE,TRUE,TRUE,TRUE,FALSE,FALSE,FALSE,FALSE
6896,F,NDE,United States,NDE,english,16,2013-09-15T00:00:00.000Z,1985-01-18T00:00:00.000Z,24928,FALSE,TRUE,FALSE,TRUE,FALSE,FALSE,FALSE,FALSE
6897,F,NDE,Switzerland,NDE,english,24,2013-09-15T00:00:00.000Z,1966-01-18T00:00:00.000Z,9973,TRUE,TRUE,FALSE,TRUE,FALSE,TRUE,FALSE,FALSE
6898,M,NDE,United States,NDE,english,21,2013-09-15T00:00:00.000Z,1977-02-19T00:00:00.000Z,3149,FALSE,FALSE,TRUE,TRUE,FALSE,FALSE,FALSE,FALSE
6899,M,NDE,Brazil,NDE,português,19,2013-09-15T00:00:00.000Z,2010-08-18T00:00:00.000Z,6709,FALSE,FALSE,TRUE,TRUE,FALSE,FALSE,TRUE,FALSE
6900,F,NDE,United States,NDE,english,18,2013-09-15T00:00:00.000Z,2001-06-25T00:00:00.000Z,4034,TRUE,TRUE,FALSE,TRUE,FALSE,FALSE,FALSE,FALSE
6901,F,NDE,United States,NDE,english,8,2013-09-15T00:00:00.000Z,1969-02-15T00:00:00.000Z,2946,FALSE,FALSE,FALSE,TRUE,FALSE,FALSE,FALSE,FALSE
6902,F,NDE,Italy,NDE,english,5,2013-09-15T00:00:00.000Z,1964-01-18T00:00:00.000Z,6266,TRUE,FALSE,FALSE,FALSE,FALSE,FALSE,FALSE,FALSE
6904,F,NDE,United States,NDE,english,19,2013-09-15T00:00:00.000Z,1979-09-09T00:00:00.000Z,7352,TRUE,FALSE,FALSE,TRUE,FALSE,FALSE,FALSE,FALSE
6905,F,Possible NDE,Australia,Possible NDE,english,5,2013-09-15T00:00:00.000Z,1986-04-18T00:00:00.000Z,7310,FALSE,FALSE,FALSE,TRUE,FALSE,FALSE,FALSE,FALSE
6906,F,Probable NDE,Australia,Probable NDE,english,13,2013-09-15T00:00:00.000Z,1990-04-02T00:00:00.000Z,13659,FALSE,TRUE,FALSE,TRUE,TRUE,FALSE,FALSE,FALSE
6907,F,NDE,France,NDE,français,17,2013-09-15T00:00:00.000Z,1994-01-18T00:00:00.000Z,15297,TRUE,FALSE,FALSE,TRUE,TRUE,FALSE,FALSE,FALSE
6909,F,Probable NDE,France,Probable NDE,français,8,2013-09-15T00:00:00.000Z,1947-01-01T00:00:00.000Z,3820,FALSE,FALSE,FALSE,TRUE,FALSE,FALSE,FALSE,FALSE
6912,F,NDE,France,NDE,francais,22,2013-09-15T00:00:00.000Z,2006-01-18T00:00:00.000Z,18689,FALSE,TRUE,FALSE,FALSE,FALSE,FALSE,FALSE,FALSE
6913,M,NDE,United States,NDE,english,8,2013-09-15T00:00:00.000Z,1935-01-01T00:00:00.000Z,4108,FALSE,FALSE,FALSE,TRUE,FALSE,FALSE,FALSE,FALSE
6915,F,NDE,United Kingdom,NDE,english,17,2013-09-15T00:00:00.000Z,1963-01-18T00:00:00.000Z,3493,TRUE,TRUE,FALSE,TRUE,FALSE,FALSE,FALSE,FALSE
6916,F,Possible NDE,United States,Possible NDE,english,5,2013-09-15T00:00:00.000Z,1984-01-18T00:00:00.000Z,7428,TRUE,FALSE,FALSE,FALSE,FALSE,FALSE,FALSE,FALSE
6917,F,Probable NDE,United States,Probable NDE,english,23,2013-09-20T00:00:00.000Z,2013-01-01T00:00:00.000Z,23034,TRUE,FALSE,FALSE,TRUE,FALSE,FALSE,FALSE,FALSE
6918,F,NDE,United States,NDE,english,8,2013-09-20T00:00:00.000Z,2009-08-15T00:00:00.000Z,5249,TRUE,FALSE,FALSE,TRUE,TRUE,FALSE,FALSE,FALSE
6919,F,Possible NDE,United States,Possible NDE,english,3,2013-09-20T00:00:00.000Z,2003-01-01T00:00:00.000Z,3927,FALSE,FALSE,FALSE,FALSE,FALSE,FALSE,FALSE,FALSE
6920,F,Possible NDE,S,Possible NDE,español,20,2013-09-20T00:00:00.000Z,2011-11-17T00:00:00.000Z,15091,TRUE,FALSE,FALSE,TRUE,TRUE,FALSE,TRUE,FALSE
6921,M,NDE,United States,NDE,english,11,2013-09-20T00:00:00.000Z,2009-11-20T00:00:00.000Z,3048,FALSE,FALSE,FALSE,TRUE,FALSE,FALSE,FALSE,FALSE
6923,M,Probable NDE,Puerto Rico,Probable NDE,english,NA,NA,NA,14677,TRUE,FALSE,FALSE,TRUE,FALSE,FALSE,FALSE,FALSE
6924,F,Probable NDE,New Zealand,Probable NDE,english,18,2013-09-27T00:00:00.000Z,2010-09-18T00:00:00.000Z,3957,TRUE,FALSE,FALSE,TRUE,FALSE,FALSE,FALSE,FALSE
6925,F,NDE,United States,NDE,english,22,2013-09-27T00:00:00.000Z,1984-04-11T00:00:00.000Z,8261,TRUE,TRUE,FALSE,TRUE,TRUE,FALSE,FALSE,FALSE
6926,M,NDE,United States,NDE,english,27,2013-09-27T00:00:00.000Z,1981-01-18T00:00:00.000Z,3140,TRUE,FALSE,FALSE,TRUE,FALSE,FALSE,TRUE,FALSE
6928,F,Possible NDE,England,Possible NDE,english,9,2013-09-27T00:00:00.000Z,2006-05-25T00:00:00.000Z,12834,TRUE,FALSE,FALSE,TRUE,FALSE,FALSE,FALSE,FALSE
6931,M,NDE,Canada,NDE,français,8,2013-09-27T00:00:00.000Z,1982-01-01T00:00:00.000Z,18908,TRUE,FALSE,TRUE,TRUE,FALSE,FALSE,FALSE,FALSE
6932,F,NDE,France,NDE,france,10,2013-09-27T00:00:00.000Z,1990-01-18T00:00:00.000Z,6165,TRUE,FALSE,FALSE,TRUE,TRUE,FALSE,FALSE,FALSE
6933,F,Probable NDE,United States,Probable NDE,english,26,2013-09-27T00:00:00.000Z,1972-01-18T00:00:00.000Z,6303,TRUE,FALSE,FALSE,TRUE,FALSE,FALSE,FALSE,FALSE
6934,F,Probable NDE,France,Probable NDE,français,18,2013-09-27T00:00:00.000Z,1983-01-18T00:00:00.000Z,5244,TRUE,TRUE,FALSE,TRUE,FALSE,FALSE,FALSE,FALSE
6936,M,NDE,United States,NDE,english,28,2013-10-04T00:00:00.000Z,1985-04-16T00:00:00.000Z,33847,TRUE,TRUE,FALSE,TRUE,FALSE,FALSE,FALSE,FALSE
6937,F,NDE,United States,NDE,english,11,2013-10-04T00:00:00.000Z,2013-09-13T00:00:00.000Z,6005,TRUE,FALSE,FALSE,TRUE,TRUE,FALSE,FALSE,FALSE
6938,M,Possible NDE,England,Possible NDE,english,5,2013-10-04T00:00:00.000Z,2008-09-18T00:00:00.000Z,3144,FALSE,FALSE,FALSE,TRUE,FALSE,FALSE,FALSE,FALSE
6939,F,NDE,United States,NDE,english,20,2013-10-04T00:00:00.000Z,1968-04-25T00:00:00.000Z,13039,TRUE,TRUE,FALSE,TRUE,TRUE,TRUE,FALSE,FALSE
6940,F,NDE,United States,NDE,english,10,2013-10-04T00:00:00.000Z,2007-07-09T00:00:00.000Z,4264,FALSE,FALSE,FALSE,TRUE,FALSE,FALSE,FALSE,FALSE
6941,F,NDE,Argentina,NDE,español,8,2013-10-04T00:00:00.000Z,2013-01-01T00:00:00.000Z,5209,TRUE,FALSE,FALSE,FALSE,FALSE,FALSE,FALSE,FALSE
6943,F,NDE,United States,NDE,english,8,2013-10-11T00:00:00.000Z,1942-01-18T00:00:00.000Z,3866,TRUE,FALSE,FALSE,TRUE,TRUE,FALSE,FALSE,FALSE
6944,F,NDE,United States,Probable NDE,english,20,2013-10-11T00:00:00.000Z,1995-01-18T00:00:00.000Z,6152,TRUE,FALSE,FALSE,TRUE,FALSE,FALSE,FALSE,FALSE
6945,M,NDE,United States,NDE,english,13,2013-10-11T00:00:00.000Z,1955-01-01T00:00:00.000Z,8375,TRUE,FALSE,FALSE,TRUE,TRUE,FALSE,FALSE,FALSE
6946,M,NDE,Germany,NDE,deutsch,7,2013-10-11T00:00:00.000Z,1968-01-01T00:00:00.000Z,3662,TRUE,FALSE,FALSE,TRUE,FALSE,FALSE,FALSE,FALSE
6947,M,NDE,United States,NDE,english,15,2013-10-11T00:00:00.000Z,1986-06-20T00:00:00.000Z,11102,TRUE,FALSE,FALSE,TRUE,FALSE,FALSE,FALSE,FALSE
6948,F,Possible NDE,United States,Possible NDE,english,8,2013-10-11T00:00:00.000Z,2013-06-18T00:00:00.000Z,2205,FALSE,FALSE,FALSE,TRUE,FALSE,FALSE,FALSE,FALSE
6949,M,Probable NDE,France,Probable NDE,français,17,2013-10-11T00:00:00.000Z,2010-12-29T00:00:00.000Z,11432,FALSE,TRUE,FALSE,TRUE,FALSE,FALSE,TRUE,FALSE
6950,F,NDE,France,NDE,français,21,2013-10-11T00:00:00.000Z,1983-01-18T00:00:00.000Z,5244,TRUE,FALSE,FALSE,TRUE,FALSE,FALSE,FALSE,FALSE
6951,M,Probable NDE,United States,Probable NDE,english,25,2013-10-18T00:00:00.000Z,2013-06-18T00:00:00.000Z,11033,TRUE,TRUE,FALSE,TRUE,FALSE,FALSE,TRUE,FALSE
6956,F,NDE,United States,NDE,english,8,2013-10-18T00:00:00.000Z,2006-10-20T00:00:00.000Z,16888,FALSE,FALSE,TRUE,TRUE,FALSE,FALSE,FALSE,FALSE
6959,F,Possible NDE,United States,Possible NDE,english,12,2013-10-18T00:00:00.000Z,1965-01-18T00:00:00.000Z,4358,TRUE,FALSE,FALSE,TRUE,FALSE,FALSE,FALSE,FALSE
6960,M,NDE,France,NDE,français,14,2013-10-18T00:00:00.000Z,1984-01-18T00:00:00.000Z,6545,FALSE,TRUE,FALSE,FALSE,FALSE,FALSE,FALSE,FALSE
6962,M,NDE,Argentina,NDE,español,11,2013-10-18T00:00:00.000Z,1997-01-01T00:00:00.000Z,4624,FALSE,FALSE,FALSE,TRUE,FALSE,FALSE,FALSE,FALSE
6963,M,NDE,Italy,NDE,english,5,2013-10-25T00:00:00.000Z,2001-01-18T00:00:00.000Z,2392,TRUE,FALSE,FALSE,FALSE,TRUE,FALSE,FALSE,FALSE
6964,F,FDE,U,FDE,english,6,2013-10-25T00:00:00.000Z,1950-01-18T00:00:00.000Z,3698,FALSE,FALSE,FALSE,TRUE,FALSE,TRUE,FALSE,FALSE
6965,M,Probable NDE,Iraq,Probable NDE,english,13,2013-10-25T00:00:00.000Z,2005-01-18T00:00:00.000Z,11385,FALSE,FALSE,FALSE,TRUE,FALSE,FALSE,FALSE,FALSE
6966,F,Probable NDE,France,Probable NDE,française,18,2013-10-25T00:00:00.000Z,2010-01-01T00:00:00.000Z,6790,TRUE,FALSE,TRUE,TRUE,FALSE,FALSE,FALSE,FALSE
6967,M,NDE,United States,NDE,english,12,2013-10-25T00:00:00.000Z,1994-04-18T00:00:00.000Z,6330,TRUE,FALSE,FALSE,TRUE,FALSE,FALSE,FALSE,FALSE
6969,M,NDE,United States,NDEs,english,14,2013-10-25T00:00:00.000Z,2001-01-01T00:00:00.000Z,5098,TRUE,FALSE,FALSE,TRUE,FALSE,FALSE,FALSE,FALSE
6972,F,NDE,United States,NDE,english,16,2013-11-01T00:00:00.000Z,2003-10-17T00:00:00.000Z,21221,TRUE,FALSE,FALSE,TRUE,FALSE,FALSE,FALSE,FALSE
6975,F,NDE,Indonesia,NDE,english,18,2013-11-01T00:00:00.000Z,2009-06-17T00:00:00.000Z,10407,FALSE,TRUE,FALSE,TRUE,FALSE,FALSE,FALSE,FALSE
6976,F,Probable NDE,United States,Probable NDE,english,23,2013-11-01T00:00:00.000Z,2013-06-01T00:00:00.000Z,7949,FALSE,FALSE,FALSE,TRUE,FALSE,FALSE,FALSE,FALSE
6977,F,Possible NDE,United States,Possible NDE,english,27,2013-11-01T00:00:00.000Z,2013-01-01T00:00:00.000Z,26407,FALSE,TRUE,FALSE,TRUE,FALSE,FALSE,FALSE,FALSE
6978,M,Possible NDE,Canada,Possible NDE,english,12,2013-11-01T00:00:00.000Z,2011-01-19T00:00:00.000Z,5719,FALSE,FALSE,FALSE,TRUE,FALSE,FALSE,FALSE,FALSE
6980,F,Probable NDE,United States,Probable NDE,english,14,2013-11-01T00:00:00.000Z,1969-01-18T00:00:00.000Z,3826,FALSE,FALSE,FALSE,TRUE,FALSE,FALSE,FALSE,FALSE
6981,F,Probable NDE,United States,Probable NDE,english,21,2013-11-01T00:00:00.000Z,2004-12-18T00:00:00.000Z,12524,FALSE,FALSE,TRUE,TRUE,FALSE,FALSE,FALSE,FALSE
6984,F,NDE,United States,NDE,english,21,2013-11-01T00:00:00.000Z,2000-07-17T00:00:00.000Z,6336,TRUE,TRUE,TRUE,TRUE,FALSE,FALSE,FALSE,FALSE
6985,M,Probable NDE,Belfast,Probable NDE,english,13,2013-11-01T00:00:00.000Z,2013-03-28T00:00:00.000Z,6882,FALSE,FALSE,FALSE,TRUE,FALSE,FALSE,FALSE,FALSE
6986,M,Probable NDE,US,Probable NDE,english,20,2013-11-01T00:00:00.000Z,2012-09-18T00:00:00.000Z,2987,TRUE,TRUE,FALSE,TRUE,TRUE,FALSE,FALSE,FALSE
6988,F,NDE,United States,NDEs,english,24,2013-11-08T00:00:00.000Z,1972-01-01T00:00:00.000Z,14382,TRUE,TRUE,FALSE,TRUE,TRUE,FALSE,FALSE,FALSE
6990,M,NDE,United Kingdom,NDE,english,5,2013-11-08T00:00:00.000Z,2001-01-18T00:00:00.000Z,6811,TRUE,FALSE,FALSE,TRUE,FALSE,FALSE,FALSE,FALSE
6992,F,NDE,United Kingdom,NDE,english,28,2013-11-08T00:00:00.000Z,1978-01-18T00:00:00.000Z,23695,TRUE,TRUE,FALSE,TRUE,TRUE,FALSE,TRUE,FALSE
6998,F,Probable NDE,United States,Probable NDE,english,10,2013-11-22T00:00:00.000Z,2001-04-18T00:00:00.000Z,4185,FALSE,FALSE,FALSE,TRUE,FALSE,FALSE,FALSE,FALSE
6999,M,NDE-Like,Germany,NDE-Like,deutsch,20,2013-11-22T00:00:00.000Z,1985-01-01T00:00:00.000Z,11656,FALSE,TRUE,FALSE,FALSE,FALSE,FALSE,FALSE,FALSE
7001,F,NDE,United States,NDE,english,11,NA,1965-07-05T00:00:00.000Z,9529,TRUE,FALSE,FALSE,TRUE,TRUE,FALSE,FALSE,FALSE
7003,F,Probable NDE,United States,Probable NDE,english,22,2013-11-22T00:00:00.000Z,1995-01-01T00:00:00.000Z,33568,TRUE,TRUE,FALSE,TRUE,FALSE,FALSE,FALSE,FALSE
7004,F,NDE,United States,NDE,english,7,2013-11-22T00:00:00.000Z,2010-10-18T00:00:00.000Z,5436,FALSE,FALSE,FALSE,TRUE,FALSE,TRUE,FALSE,FALSE
7007,F,Probable NDE,United States,Probable NDE,english,19,2013-12-02T00:00:00.000Z,1986-10-18T00:00:00.000Z,10931,FALSE,FALSE,FALSE,TRUE,FALSE,FALSE,FALSE,FALSE
7011,M,NDE,Netherlands,NDE,english,18,2013-12-02T00:00:00.000Z,1991-01-01T00:00:00.000Z,8681,FALSE,TRUE,FALSE,TRUE,FALSE,FALSE,FALSE,TRUE
7012,F,NDE,Venezuela,NDE,espanol,14,2013-12-06T00:00:00.000Z,1992-01-01T00:00:00.000Z,7631,TRUE,FALSE,FALSE,TRUE,FALSE,FALSE,FALSE,FALSE
7014,M,NDE,United States,NDE,english,13,2013-12-06T00:00:00.000Z,2005-01-01T00:00:00.000Z,2903,FALSE,FALSE,FALSE,TRUE,FALSE,FALSE,FALSE,FALSE
7016,F,NDE,France,NDE,english,26,2013-12-06T00:00:00.000Z,2000-01-01T00:00:00.000Z,6225,FALSE,TRUE,FALSE,TRUE,FALSE,FALSE,FALSE,FALSE
7020,M,NDE,Mexico,NDE,español,16,NA,NA,14922,TRUE,FALSE,FALSE,TRUE,FALSE,FALSE,FALSE,FALSE
7021,M,NDE,United States,NDEs,english,9,2013-12-13T00:00:00.000Z,2013-10-29T00:00:00.000Z,6319,TRUE,FALSE,FALSE,TRUE,FALSE,FALSE,FALSE,FALSE
7024,M,NDE,Mexico,NDE,español,16,NA,NA,14922,TRUE,FALSE,FALSE,TRUE,FALSE,FALSE,FALSE,FALSE
7025,M,Probable NDE,United States,Probable NDE,english,21,2013-12-13T00:00:00.000Z,2003-10-18T00:00:00.000Z,5693,TRUE,FALSE,FALSE,TRUE,FALSE,FALSE,FALSE,FALSE
7026,M,Probable NDE,Canada,Probable NDE,français,8,2013-12-13T00:00:00.000Z,1960-01-01T00:00:00.000Z,5386,FALSE,FALSE,FALSE,TRUE,FALSE,FALSE,FALSE,FALSE
7027,M,Possible NDE,United States,Possible NDE,english,7,2013-12-13T00:00:00.000Z,1997-01-18T00:00:00.000Z,5607,TRUE,FALSE,FALSE,TRUE,FALSE,FALSE,FALSE,FALSE
7028,F,Probable NDE,Canada,Probable NDE,english,11,2013-12-13T00:00:00.000Z,1949-01-18T00:00:00.000Z,12619,FALSE,FALSE,FALSE,TRUE,FALSE,TRUE,FALSE,FALSE
7032,F,NDE,Belgium,NDE,francais,19,2013-12-20T00:00:00.000Z,1971-01-18T00:00:00.000Z,6285,FALSE,FALSE,FALSE,TRUE,FALSE,FALSE,FALSE,FALSE
7034,M,NDE,United Kingdom,NDEs,english,23,2013-12-20T00:00:00.000Z,1979-04-17T00:00:00.000Z,11173,TRUE,TRUE,FALSE,TRUE,TRUE,TRUE,FALSE,FALSE
7036,M,NDE,United States,NDE,english,9,2013-12-20T00:00:00.000Z,1985-09-01T00:00:00.000Z,8739,TRUE,FALSE,FALSE,TRUE,FALSE,FALSE,TRUE,FALSE
7038,F,Possible NDE,U,Possible NDE,español,12,2013-12-20T00:00:00.000Z,1990-01-18T00:00:00.000Z,6085,FALSE,FALSE,FALSE,TRUE,FALSE,FALSE,FALSE,FALSE
7040,F,NDE,Iran,NDE,english,4,2013-12-27T00:00:00.000Z,2004-01-18T00:00:00.000Z,2029,TRUE,FALSE,FALSE,FALSE,FALSE,FALSE,FALSE,FALSE
7041,M,FDE,U,FDE,english,7,2013-12-27T00:00:00.000Z,2013-02-15T00:00:00.000Z,4020,FALSE,FALSE,FALSE,TRUE,FALSE,FALSE,FALSE,FALSE
7043,F,NDE,United States,NDEs,english,22,2013-12-27T00:00:00.000Z,1999-01-01T00:00:00.000Z,8434,TRUE,TRUE,FALSE,TRUE,FALSE,FALSE,FALSE,FALSE
7045,M,Possible NDE,United States,Possible NDE,english,4,2013-12-27T00:00:00.000Z,1981-01-18T00:00:00.000Z,6653,FALSE,FALSE,FALSE,FALSE,FALSE,FALSE,FALSE,FALSE
7046,F,NDE,United States,NDE,english,5,2013-12-27T00:00:00.000Z,1962-07-18T00:00:00.000Z,2964,FALSE,FALSE,FALSE,TRUE,FALSE,FALSE,FALSE,FALSE
7048,F,NDE,United States,NDE,english,24,2013-12-27T00:00:00.000Z,2013-02-18T00:00:00.000Z,5755,TRUE,TRUE,FALSE,TRUE,TRUE,FALSE,FALSE,FALSE
7049,F,Probable NDE,United States,Probable NDE,english,22,2013-12-27T00:00:00.000Z,1974-07-18T00:00:00.000Z,4157,FALSE,TRUE,FALSE,TRUE,FALSE,FALSE,FALSE,FALSE
7053,M,NDE,New Zealand,NDE,english,21,2014-01-03T00:00:00.000Z,1996-05-18T00:00:00.000Z,8769,TRUE,TRUE,FALSE,TRUE,FALSE,FALSE,FALSE,FALSE
7054,F,NDE,United States,NDE,english,21,2014-01-03T00:00:00.000Z,2013-05-27T00:00:00.000Z,18386,TRUE,FALSE,FALSE,TRUE,FALSE,TRUE,FALSE,FALSE
7055,F,Possible NDE,United States,Possible NDE,english,7,2014-01-03T00:00:00.000Z,2005-01-01T00:00:00.000Z,5866,FALSE,FALSE,FALSE,FALSE,FALSE,FALSE,FALSE,FALSE
7056,F,Probable NDE,United States,Probable NDE,english,9,2014-01-03T00:00:00.000Z,1979-01-18T00:00:00.000Z,6349,FALSE,FALSE,FALSE,TRUE,FALSE,FALSE,FALSE,FALSE
7057,F,NDE,United States,NDE,english,17,2014-01-03T00:00:00.000Z,1994-03-18T00:00:00.000Z,6256,TRUE,FALSE,FALSE,TRUE,FALSE,FALSE,FALSE,FALSE
7059,M,Possible NDE,France,Possible NDE,français,6,2014-01-10T00:00:00.000Z,2009-03-27T00:00:00.000Z,2749,FALSE,FALSE,FALSE,TRUE,FALSE,FALSE,FALSE,FALSE
7060,M,NDE,United States,NDE,english,26,2014-01-10T00:00:00.000Z,1972-01-18T00:00:00.000Z,14903,TRUE,TRUE,FALSE,TRUE,TRUE,FALSE,FALSE,FALSE
7061,M,Possible NDE,Australia,Mark Possible NDE,english,14,2014-01-10T00:00:00.000Z,2013-11-26T00:00:00.000Z,3275,FALSE,FALSE,FALSE,FALSE,FALSE,FALSE,FALSE,FALSE
7062,F,NDE,Mexico,NDE,español,9,2014-01-10T00:00:00.000Z,2013-01-01T00:00:00.000Z,5812,FALSE,FALSE,FALSE,TRUE,FALSE,FALSE,FALSE,FALSE
7064,F,NDE,United States,NDE,english,10,2014-01-10T00:00:00.000Z,1966-01-01T00:00:00.000Z,10896,TRUE,FALSE,FALSE,TRUE,FALSE,FALSE,FALSE,FALSE
7066,M,NDE,Canada,NDE,english,15,2014-01-10T00:00:00.000Z,1987-05-22T00:00:00.000Z,4584,FALSE,FALSE,FALSE,TRUE,FALSE,FALSE,FALSE,FALSE
7068,M,NDE,United States,NDE,english,17,2014-01-10T00:00:00.000Z,2014-08-19T20:12:00.000Z,3930,FALSE,TRUE,FALSE,TRUE,FALSE,FALSE,FALSE,FALSE
7069,F,NDE,United States,NDE,english,13,2014-01-10T00:00:00.000Z,2013-07-24T00:00:00.000Z,5205,FALSE,FALSE,FALSE,FALSE,FALSE,FALSE,FALSE,FALSE
7071,M,NDE,France,NDE,english,6,2014-01-10T00:00:00.000Z,1985-01-01T00:00:00.000Z,10656,FALSE,FALSE,FALSE,FALSE,FALSE,FALSE,FALSE,FALSE
7074,M,NDE,United States,NDE,english,7,2014-01-10T00:00:00.000Z,1988-01-01T00:00:00.000Z,8403,TRUE,FALSE,FALSE,TRUE,FALSE,FALSE,FALSE,FALSE
7079,M,Possible NDE,United Kingdom,Possible NDE,english,22,2014-01-17T00:00:00.000Z,2009-06-21T00:00:00.000Z,10930,TRUE,TRUE,FALSE,TRUE,TRUE,FALSE,FALSE,FALSE
7080,M,Possible NDE,United States,Possible NDE,english,11,2014-01-17T00:00:00.000Z,2011-11-23T00:00:00.000Z,10599,TRUE,TRUE,FALSE,FALSE,TRUE,FALSE,FALSE,FALSE
7085,F,FDE,Philippines,FDE,english,7,2014-01-17T00:00:00.000Z,1999-01-18T00:00:00.000Z,3059,FALSE,FALSE,FALSE,FALSE,FALSE,FALSE,FALSE,FALSE
7086,F,NDE,United States,NDE,english,19,2014-01-17T00:00:00.000Z,1984-07-11T00:00:00.000Z,5846,TRUE,FALSE,FALSE,TRUE,FALSE,FALSE,FALSE,FALSE
7088,F,Possible NDE,United States,Possible NDE,english,13,2014-01-24T00:00:00.000Z,2011-05-18T00:00:00.000Z,9429,FALSE,FALSE,FALSE,TRUE,FALSE,FALSE,FALSE,FALSE
7089,F,NDE,Mexico,NDE,english,24,2014-01-24T00:00:00.000Z,1973-01-18T00:00:00.000Z,7723,TRUE,TRUE,FALSE,TRUE,TRUE,FALSE,FALSE,FALSE
7090,M,Probable NDE,United States,Probable NDE,english,28,2014-01-24T00:00:00.000Z,1999-12-04T00:00:00.000Z,20771,TRUE,TRUE,FALSE,TRUE,FALSE,FALSE,FALSE,FALSE
7092,F,NDE,United States,NDE,english,10,2014-01-24T00:00:00.000Z,2012-02-10T00:00:00.000Z,3718,FALSE,FALSE,FALSE,FALSE,FALSE,FALSE,FALSE,FALSE
7093,F,NDE,France,NDE,français,25,2014-01-24T00:00:00.000Z,2000-01-01T00:00:00.000Z,16185,FALSE,TRUE,TRUE,TRUE,FALSE,FALSE,FALSE,FALSE
7094,F,NDE,United States,NDE,english,14,2014-01-24T00:00:00.000Z,2005-01-18T00:00:00.000Z,13555,TRUE,FALSE,FALSE,FALSE,FALSE,FALSE,FALSE,FALSE
7095,M,NDE,United States,NDE,english,13,2014-01-24T00:00:00.000Z,2013-11-14T00:00:00.000Z,7603,FALSE,FALSE,FALSE,TRUE,FALSE,FALSE,FALSE,FALSE
7096,F,Probable NDE,Romania,Probable NDE,english,16,2014-01-31T00:00:00.000Z,2002-08-18T00:00:00.000Z,13192,TRUE,FALSE,FALSE,TRUE,FALSE,FALSE,FALSE,FALSE
7098,M,NDE,England,NDEs,english,20,NA,NA,11624,FALSE,TRUE,FALSE,TRUE,FALSE,FALSE,FALSE,FALSE
7102,F,NDE,France,NDE,english,12,2014-01-31T00:00:00.000Z,1994-01-01T00:00:00.000Z,7622,TRUE,FALSE,FALSE,TRUE,FALSE,FALSE,FALSE,FALSE
7103,M,NDE,France,NDE,français,16,2014-01-31T00:00:00.000Z,1995-01-18T00:00:00.000Z,4796,FALSE,FALSE,FALSE,TRUE,FALSE,FALSE,FALSE,FALSE
7105,F,NDE,United States,NDE,english,10,2014-01-31T00:00:00.000Z,1980-10-18T00:00:00.000Z,4832,TRUE,FALSE,FALSE,TRUE,TRUE,FALSE,FALSE,FALSE
7107,F,Probable NDE,United States,Probable NDE,english,14,2014-01-31T00:00:00.000Z,1956-01-18T00:00:00.000Z,7632,FALSE,FALSE,FALSE,FALSE,FALSE,FALSE,FALSE,FALSE
7108,F,NDE,United States,NDE,english,16,2014-02-06T00:00:00.000Z,1997-07-18T00:00:00.000Z,4581,FALSE,TRUE,FALSE,TRUE,FALSE,FALSE,FALSE,FALSE
7109,F,NDE,United States,NDE,english,24,2014-02-07T00:00:00.000Z,1971-10-18T00:00:00.000Z,11545,TRUE,FALSE,FALSE,TRUE,FALSE,FALSE,FALSE,FALSE
7110,M,Possible NDE,Switzerland,Possible NDE,english,10,2014-02-07T00:00:00.000Z,1964-01-01T00:00:00.000Z,4473,FALSE,FALSE,FALSE,FALSE,FALSE,FALSE,FALSE,FALSE
7111,M,NDE,United States,NDE,english,8,2014-02-07T00:00:00.000Z,2014-01-18T00:00:00.000Z,3041,FALSE,FALSE,FALSE,FALSE,FALSE,FALSE,FALSE,FALSE
7112,F,Probable NDE,Indiana,Probable NDE,english,22,2014-02-07T00:00:00.000Z,2012-01-18T00:00:00.000Z,4434,FALSE,TRUE,FALSE,TRUE,FALSE,FALSE,FALSE,FALSE
7116,F,NDE,United States,NDE,english,22,2014-02-07T00:00:00.000Z,1978-11-15T00:00:00.000Z,11680,TRUE,TRUE,FALSE,TRUE,FALSE,FALSE,FALSE,FALSE
7117,M,NDE,United States,NDEs,english,19,2014-02-07T00:00:00.000Z,2014-08-15T00:00:00.000Z,4372,FALSE,FALSE,FALSE,TRUE,FALSE,FALSE,FALSE,FALSE
7118,F,NDE,Scotland,NDE,english,13,2014-02-07T00:00:00.000Z,NA,4172,TRUE,FALSE,FALSE,TRUE,FALSE,FALSE,FALSE,FALSE
7122,M,Probable NDE,New Zealand,Probable NDE,english,16,2014-02-14T00:00:00.000Z,2014-01-26T00:00:00.000Z,5935,FALSE,FALSE,FALSE,TRUE,FALSE,FALSE,FALSE,FALSE
7123,F,Probable NDE,England,Probable NDE,english,19,2014-02-14T00:00:00.000Z,1977-03-01T00:00:00.000Z,9503,FALSE,FALSE,FALSE,TRUE,FALSE,FALSE,FALSE,FALSE
7124,M,STE,Canada,STE,english,18,2014-02-14T00:00:00.000Z,1998-01-01T00:00:00.000Z,36980,TRUE,TRUE,FALSE,TRUE,FALSE,FALSE,TRUE,FALSE
7131,M,NDE,United States,NDE,english,20,2014-02-21T00:00:00.000Z,2005-10-10T00:00:00.000Z,7192,TRUE,TRUE,FALSE,TRUE,TRUE,TRUE,FALSE,TRUE
7132,F,Probable NDE,United States,Probable NDE,english,7,2014-02-21T00:00:00.000Z,1953-01-01T00:00:00.000Z,4364,FALSE,FALSE,FALSE,FALSE,FALSE,FALSE,FALSE,FALSE
7133,M,FDE,U,FDE,english,13,2014-02-21T00:00:00.000Z,1963-07-18T00:00:00.000Z,6732,TRUE,FALSE,FALSE,FALSE,FALSE,FALSE,FALSE,FALSE
7134,M,Probable NDE,Scotland,Probable NDE,english,4,2014-02-21T00:00:00.000Z,1950-01-01T00:00:00.000Z,5082,FALSE,FALSE,FALSE,FALSE,FALSE,FALSE,FALSE,FALSE
7135,M,NDE,United Kingdom,NDE,english,6,2014-02-21T00:00:00.000Z,2014-02-19T00:00:00.000Z,3521,FALSE,FALSE,FALSE,TRUE,FALSE,FALSE,FALSE,FALSE
7136,F,Possible NDE,United States,Possible NDE,english,16,2014-02-21T00:00:00.000Z,1983-01-18T00:00:00.000Z,9224,TRUE,FALSE,FALSE,TRUE,FALSE,FALSE,FALSE,FALSE
7137,F,Probable NDE,United States,Probable NDE,english,20,2014-02-28T00:00:00.000Z,2012-10-13T00:00:00.000Z,6099,TRUE,FALSE,FALSE,TRUE,FALSE,FALSE,FALSE,FALSE
7140,F,Probable NDE,United States,Probable NDE,english,10,2014-02-28T00:00:00.000Z,2014-01-25T00:00:00.000Z,11013,FALSE,TRUE,FALSE,TRUE,FALSE,FALSE,FALSE,FALSE
7144,M,Possible NDE,Canada,Possible NDE,french,19,2014-02-28T00:00:00.000Z,1961-12-08T00:00:00.000Z,8505,TRUE,FALSE,FALSE,TRUE,FALSE,TRUE,TRUE,TRUE
7145,F,NDE,United States,NDE,english,19,2014-02-28T00:00:00.000Z,2002-01-18T00:00:00.000Z,3760,FALSE,FALSE,FALSE,TRUE,FALSE,FALSE,FALSE,FALSE
7147,F,NDE,South Africa,NDE,english,9,2014-02-28T00:00:00.000Z,1988-01-18T00:00:00.000Z,5119,FALSE,FALSE,FALSE,FALSE,FALSE,FALSE,FALSE,FALSE
7148,M,NDE,Canada,NDE,english,15,2014-03-06T00:00:00.000Z,1997-06-17T00:00:00.000Z,5887,FALSE,FALSE,FALSE,TRUE,FALSE,FALSE,FALSE,FALSE
7149,M,NDE,United States,NDE,english,19,2014-03-07T00:00:00.000Z,1988-11-18T00:00:00.000Z,5802,TRUE,FALSE,FALSE,TRUE,TRUE,FALSE,FALSE,FALSE
7150,M,NDE,Argentina,NDE,español,8,2014-03-07T00:00:00.000Z,1982-01-01T00:00:00.000Z,4163,TRUE,FALSE,FALSE,TRUE,FALSE,FALSE,FALSE,FALSE
7151,F,NDE,Canada,NDE,english,12,2014-03-07T00:00:00.000Z,2014-02-26T00:00:00.000Z,6022,TRUE,FALSE,FALSE,TRUE,TRUE,FALSE,FALSE,FALSE
7152,F,NDE,United States,NDE,english,3,2014-03-07T00:00:00.000Z,2014-02-26T00:00:00.000Z,5266,TRUE,FALSE,FALSE,TRUE,FALSE,FALSE,FALSE,FALSE
7153,F,NDE,India,NDE,english,23,2014-03-07T00:00:00.000Z,1996-02-01T00:00:00.000Z,18598,TRUE,TRUE,FALSE,TRUE,FALSE,FALSE,FALSE,FALSE
7154,F,NDE,Mexico,NDE,español,6,2014-03-07T00:00:00.000Z,2001-01-18T00:00:00.000Z,7728,TRUE,FALSE,FALSE,TRUE,FALSE,FALSE,FALSE,FALSE
7155,F,NDE,United States,NDE,english,11,2014-03-07T00:00:00.000Z,NA,17165,TRUE,FALSE,FALSE,TRUE,FALSE,FALSE,FALSE,FALSE
7157,F,NDE,Mexico,NDE,english,17,2014-03-14T00:00:00.000Z,1996-01-01T00:00:00.000Z,19792,TRUE,TRUE,FALSE,TRUE,TRUE,FALSE,FALSE,FALSE
7158,F,Probable NDE,France,Probable NDE,français,9,2014-03-14T00:00:00.000Z,2010-10-11T00:00:00.000Z,9108,FALSE,FALSE,FALSE,TRUE,FALSE,FALSE,FALSE,FALSE
7159,M,NDE,United States,NDE,english,17,2014-03-14T00:00:00.000Z,1995-01-18T00:00:00.000Z,5240,TRUE,TRUE,FALSE,TRUE,FALSE,FALSE,FALSE,FALSE
7160,M,NDE,Czech Republic,NDE,czech,6,2014-03-14T00:00:00.000Z,2005-01-01T00:00:00.000Z,6136,FALSE,FALSE,FALSE,TRUE,FALSE,FALSE,FALSE,FALSE
7161,M,STE,United States,STE,english,14,2014-03-21T00:00:00.000Z,1984-03-18T00:00:00.000Z,10692,FALSE,FALSE,FALSE,FALSE,FALSE,FALSE,FALSE,FALSE
7163,F,Probable NDE,United States,Probable NDE,english,23,2014-03-21T00:00:00.000Z,2001-06-18T00:00:00.000Z,8899,FALSE,FALSE,FALSE,TRUE,FALSE,FALSE,FALSE,FALSE
7164,F,Probable NDE,United States,Probable NDE,english,22,2014-03-21T00:00:00.000Z,2004-05-29T00:00:00.000Z,12719,FALSE,TRUE,FALSE,TRUE,FALSE,FALSE,FALSE,FALSE
7166,M,NDE,Netherlands,NDE,english,20,2014-03-21T00:00:00.000Z,2008-08-18T00:00:00.000Z,8674,TRUE,TRUE,FALSE,TRUE,FALSE,FALSE,FALSE,FALSE
7168,F,Possible NDE,hospital emergency room,Possible NDE,english,19,2014-03-28T00:00:00.000Z,2011-09-06T00:00:00.000Z,5516,FALSE,FALSE,FALSE,TRUE,FALSE,FALSE,FALSE,FALSE
7170,F,NDE,United States,NDE,english,12,2014-03-28T00:00:00.000Z,2002-08-18T00:00:00.000Z,4172,TRUE,FALSE,FALSE,TRUE,FALSE,FALSE,FALSE,FALSE
7172,M,NDE,Australia,NDE,english,17,2014-03-28T00:00:00.000Z,1976-01-01T00:00:00.000Z,7774,FALSE,TRUE,FALSE,TRUE,FALSE,FALSE,FALSE,FALSE
7174,M,Probable NDE,United States,Probable NDE,english,17,2014-03-28T00:00:00.000Z,2010-05-06T00:00:00.000Z,9979,FALSE,TRUE,TRUE,TRUE,FALSE,FALSE,FALSE,FALSE
7175,M,NDE,Holland,NDE,english,11,2014-03-28T00:00:00.000Z,1965-01-18T00:00:00.000Z,2733,TRUE,FALSE,FALSE,TRUE,FALSE,FALSE,FALSE,FALSE
7177,F,NDE,United States,NDE,english,15,2014-04-04T00:00:00.000Z,1998-01-01T00:00:00.000Z,12114,FALSE,FALSE,FALSE,TRUE,FALSE,FALSE,FALSE,FALSE
7179,F,NDE,South Africa,NDE,english,20,2014-04-04T00:00:00.000Z,1997-04-18T00:00:00.000Z,6129,FALSE,TRUE,FALSE,TRUE,FALSE,FALSE,FALSE,FALSE
7180,F,NDE,United States,NDE,english,11,2014-04-04T00:00:00.000Z,2014-03-05T00:00:00.000Z,20304,TRUE,TRUE,FALSE,TRUE,FALSE,FALSE,FALSE,FALSE
7181,F,NDE,United States,NDE,english,15,2014-04-11T00:00:00.000Z,2014-01-18T00:00:00.000Z,11443,FALSE,FALSE,FALSE,TRUE,TRUE,FALSE,FALSE,FALSE
7182,F,NDE,United States,NDE,english,16,2014-04-11T00:00:00.000Z,1984-07-01T00:00:00.000Z,3706,TRUE,FALSE,FALSE,TRUE,FALSE,FALSE,FALSE,FALSE
7183,F,Possible NDE,United States,Possible NDE,english,5,2014-04-11T00:00:00.000Z,1975-08-18T00:00:00.000Z,6458,TRUE,FALSE,FALSE,FALSE,FALSE,FALSE,FALSE,FALSE
7184,F,NDE,Algeria,NDE,france,9,2014-04-11T00:00:00.000Z,1985-01-18T00:00:00.000Z,10868,TRUE,FALSE,TRUE,TRUE,TRUE,FALSE,FALSE,FALSE
7188,M,NDE,United States,NDE,english,17,2014-04-11T00:00:00.000Z,1966-11-18T00:00:00.000Z,13826,TRUE,FALSE,FALSE,TRUE,FALSE,FALSE,FALSE,FALSE
7189,M,NDE,Iran,NDE,arabic,18,2014-04-11T00:00:00.000Z,NA,5482,FALSE,TRUE,FALSE,TRUE,FALSE,FALSE,FALSE,FALSE
7191,F,NDE,Mexico,NDE,español,22,2014-04-18T00:00:00.000Z,1991-01-01T00:00:00.000Z,17120,FALSE,TRUE,FALSE,TRUE,FALSE,FALSE,FALSE,FALSE
7192,M,NDE,Spain,NDE,español,17,2014-04-18T00:00:00.000Z,2011-07-13T00:00:00.000Z,4509,TRUE,FALSE,FALSE,TRUE,FALSE,FALSE,FALSE,FALSE
7193,F,NDE,France,NDE,français,12,2014-04-18T00:00:00.000Z,1977-07-18T00:00:00.000Z,4587,FALSE,FALSE,FALSE,TRUE,FALSE,FALSE,FALSE,FALSE
7194,M,Possible NDE,Iran,Possible NDE,arabic,14,2014-04-18T00:00:00.000Z,NA,7391,TRUE,FALSE,FALSE,TRUE,FALSE,FALSE,FALSE,FALSE
7195,F,NDE,France,NDE,francais,9,2014-04-25T00:00:00.000Z,1996-01-01T00:00:00.000Z,5216,FALSE,FALSE,TRUE,FALSE,FALSE,FALSE,FALSE,FALSE
7196,F,NDE,United States,NDE,english,23,2014-04-25T00:00:00.000Z,1979-07-04T00:00:00.000Z,4852,FALSE,TRUE,FALSE,TRUE,FALSE,FALSE,FALSE,FALSE
7197,F,Possible NDE,United States,Possible NDE,english,12,2014-04-25T00:00:00.000Z,2008-06-23T00:00:00.000Z,5795,TRUE,FALSE,FALSE,TRUE,TRUE,FALSE,FALSE,FALSE
7198,F,NDE,United States,NDE,english,13,2014-04-25T00:00:00.000Z,1994-02-04T00:00:00.000Z,4339,FALSE,TRUE,FALSE,TRUE,FALSE,FALSE,FALSE,FALSE
7199,M,NDE,Australia,NDE,english,13,2014-04-25T00:00:00.000Z,2014-01-19T00:00:00.000Z,8057,TRUE,FALSE,FALSE,TRUE,FALSE,FALSE,FALSE,FALSE
7200,M,NDE,India,NDE,english,10,2014-04-25T00:00:00.000Z,1982-01-18T00:00:00.000Z,4849,TRUE,FALSE,FALSE,TRUE,TRUE,FALSE,FALSE,FALSE
7201,F,NDE,United States,NDE,english,12,2014-04-25T00:00:00.000Z,1995-01-18T00:00:00.000Z,3910,FALSE,FALSE,FALSE,FALSE,FALSE,FALSE,FALSE,FALSE
7202,F,NDE,Australia,NDE,english,19,2014-04-25T00:00:00.000Z,2007-01-18T00:00:00.000Z,4433,FALSE,FALSE,FALSE,FALSE,FALSE,FALSE,FALSE,FALSE
7203,F,NDE,United States,NDE,english,22,2014-04-25T00:00:00.000Z,NA,4601,TRUE,FALSE,FALSE,TRUE,FALSE,FALSE,FALSE,FALSE
7204,M,NDE,France,NDE,français,21,2014-04-25T00:00:00.000Z,2012-01-01T00:00:00.000Z,12886,FALSE,TRUE,FALSE,TRUE,FALSE,FALSE,FALSE,FALSE
7205,F,NDE,Belgium,NDE,français,11,2014-04-25T00:00:00.000Z,2001-01-01T00:00:00.000Z,4550,FALSE,FALSE,FALSE,FALSE,FALSE,FALSE,FALSE,FALSE
7208,M,NDE,United States,NDE,english,29,2014-05-02T00:00:00.000Z,1976-08-02T00:00:00.000Z,6636,TRUE,TRUE,FALSE,TRUE,FALSE,FALSE,FALSE,FALSE
7209,F,NDE,United States,NDE,english,26,2014-05-02T00:00:00.000Z,1986-09-28T00:00:00.000Z,13515,TRUE,TRUE,FALSE,FALSE,FALSE,FALSE,FALSE,FALSE
7210,M,NDE,United States,NDE,english,27,2014-05-02T00:00:00.000Z,1966-02-22T00:00:00.000Z,24254,TRUE,TRUE,FALSE,TRUE,TRUE,TRUE,TRUE,FALSE
7212,M,FDE,United States,Probable FDE,english,12,2014-05-02T00:00:00.000Z,2003-01-01T00:00:00.000Z,4335,TRUE,FALSE,FALSE,FALSE,FALSE,FALSE,FALSE,FALSE
7213,F,Possible NDE,U,Possible NDE,english,13,2014-05-02T00:00:00.000Z,1992-11-18T00:00:00.000Z,6894,TRUE,FALSE,FALSE,TRUE,FALSE,FALSE,FALSE,FALSE
7215,F,Probable NDE,France,Probable NDE,english,18,2014-05-02T00:00:00.000Z,2000-01-01T00:00:00.000Z,6042,FALSE,TRUE,FALSE,TRUE,FALSE,FALSE,FALSE,FALSE
7216,F,NDE,Saudi Arabia,NDE,english,10,2014-05-02T00:00:00.000Z,2007-01-18T00:00:00.000Z,2659,FALSE,FALSE,FALSE,FALSE,FALSE,FALSE,FALSE,FALSE
7218,F,Possible NDE,Venezuela,Possible NDE,español,16,2014-05-09T00:00:00.000Z,NA,6634,TRUE,FALSE,FALSE,TRUE,TRUE,FALSE,FALSE,FALSE
7219,F,NDE,Scotland,NDE,english,21,2014-05-09T00:00:00.000Z,1985-01-18T00:00:00.000Z,6085,TRUE,TRUE,FALSE,TRUE,FALSE,FALSE,TRUE,FALSE
7220,F,NDE,United States,NDE,english,21,2014-05-09T00:00:00.000Z,2013-07-27T00:00:00.000Z,3911,TRUE,TRUE,FALSE,TRUE,FALSE,FALSE,FALSE,FALSE
7222,F,NDE,Australia,NDE,english,2,2014-05-09T00:00:00.000Z,1998-01-06T00:00:00.000Z,2685,FALSE,FALSE,FALSE,TRUE,FALSE,FALSE,FALSE,FALSE
7224,F,NDE,United States,NDEs,english,15,2014-05-09T00:00:00.000Z,1962-01-18T00:00:00.000Z,13374,TRUE,FALSE,FALSE,TRUE,FALSE,FALSE,FALSE,FALSE
7226,F,NDE,United States,NDE,english,5,2014-05-16T00:00:00.000Z,2008-07-16T00:00:00.000Z,2732,FALSE,FALSE,FALSE,TRUE,FALSE,FALSE,FALSE,FALSE
7227,M,Possible NDE,United States,Possible NDE,english,13,2014-05-16T00:00:00.000Z,1997-01-18T00:00:00.000Z,2761,FALSE,FALSE,FALSE,FALSE,FALSE,FALSE,FALSE,FALSE
7229,F,NDE,United States,NDE,english,6,2014-05-16T00:00:00.000Z,2003-10-06T00:00:00.000Z,3628,TRUE,FALSE,FALSE,TRUE,FALSE,FALSE,FALSE,FALSE
7230,F,Probable NDE,Colombia,Probable NDE,español,13,2014-05-16T00:00:00.000Z,2014-01-01T00:00:00.000Z,6703,TRUE,FALSE,FALSE,FALSE,FALSE,TRUE,FALSE,FALSE
7234,F,NDE,United States,NDE,english,20,2014-05-23T00:00:00.000Z,1996-01-18T00:00:00.000Z,11736,TRUE,FALSE,FALSE,FALSE,TRUE,FALSE,FALSE,FALSE
7236,F,Probable NDE,United States,Probable NDE,english,14,2014-05-23T00:00:00.000Z,1990-01-01T00:00:00.000Z,8547,TRUE,FALSE,FALSE,TRUE,FALSE,FALSE,FALSE,FALSE
7237,F,NDE,India,NDE,english,19,2014-05-23T00:00:00.000Z,2014-03-18T00:00:00.000Z,8714,FALSE,FALSE,FALSE,FALSE,FALSE,FALSE,FALSE,FALSE
7238,F,NDE,United States,NDE,english,8,2014-05-23T00:00:00.000Z,1993-06-18T00:00:00.000Z,5958,TRUE,FALSE,FALSE,TRUE,FALSE,FALSE,FALSE,FALSE
7240,F,NDE,England,Probable NDE,english,14,2014-05-23T00:00:00.000Z,NA,15357,FALSE,TRUE,FALSE,TRUE,FALSE,FALSE,FALSE,FALSE
7243,M,NDE,United States,NDE,english,5,2014-05-23T00:00:00.000Z,2014-05-22T00:00:00.000Z,5057,FALSE,FALSE,FALSE,FALSE,FALSE,FALSE,FALSE,FALSE
7245,F,NDE,United States,NDE,english,22,2014-05-30T00:00:00.000Z,1978-10-02T00:00:00.000Z,18190,TRUE,TRUE,FALSE,TRUE,TRUE,FALSE,FALSE,FALSE
7246,F,Probable NDE,United States,Probable NDE,english,20,2014-05-30T00:00:00.000Z,1997-05-18T00:00:00.000Z,13211,TRUE,TRUE,TRUE,TRUE,FALSE,FALSE,TRUE,FALSE
7249,F,FDE,United States,FDE,english,6,2014-05-30T00:00:00.000Z,1967-01-01T00:00:00.000Z,3365,FALSE,FALSE,FALSE,FALSE,FALSE,FALSE,FALSE,FALSE
7251,F,NDE,Canada,NDE,english,12,2014-05-30T00:00:00.000Z,1969-01-01T00:00:00.000Z,8890,FALSE,TRUE,FALSE,TRUE,FALSE,FALSE,FALSE,FALSE
7252,F,NDE,United Kingdom,NDE,english,16,2014-05-30T00:00:00.000Z,1999-07-03T00:00:00.000Z,2346,TRUE,FALSE,FALSE,TRUE,FALSE,FALSE,FALSE,FALSE
7255,M,Probable NDE,United States,Probable NDE,english,12,2014-06-01T00:00:00.000Z,1949-01-18T00:00:00.000Z,7079,TRUE,FALSE,FALSE,TRUE,TRUE,FALSE,FALSE,FALSE
7256,M,NDE,United States,NDE,english,26,2014-08-08T00:00:00.000Z,2011-02-18T00:00:00.000Z,46778,FALSE,TRUE,FALSE,TRUE,FALSE,FALSE,FALSE,FALSE
7260,M,NDE,United States,NDE,english,19,2014-06-06T00:00:00.000Z,2002-10-27T00:00:00.000Z,11966,TRUE,FALSE,FALSE,TRUE,TRUE,FALSE,FALSE,FALSE
7261,F,Possible NDE,Poland,Possible NDE,english,21,2014-06-06T00:00:00.000Z,2005-01-18T00:00:00.000Z,9497,TRUE,FALSE,FALSE,FALSE,FALSE,FALSE,FALSE,FALSE
7262,F,Possible NDE,United States,Possible NDE,english,11,2014-06-06T00:00:00.000Z,2009-01-10T00:00:00.000Z,5392,FALSE,FALSE,FALSE,TRUE,FALSE,FALSE,FALSE,FALSE
7263,F,NDE,United States,NDE,english,21,2014-06-06T00:00:00.000Z,1998-10-20T00:00:00.000Z,6946,FALSE,FALSE,FALSE,TRUE,FALSE,FALSE,FALSE,FALSE
7264,M,NDE,United States,NDE,english,19,2014-06-06T00:00:00.000Z,1961-01-01T00:00:00.000Z,5278,TRUE,FALSE,TRUE,TRUE,FALSE,FALSE,FALSE,FALSE
7265,F,NDE,South Africa,NDE,english,20,2014-06-06T00:00:00.000Z,2014-06-04T00:00:00.000Z,5602,FALSE,FALSE,FALSE,TRUE,FALSE,FALSE,FALSE,FALSE
7266,F,NDE,Noruega,NDE,español,17,2014-06-13T00:00:00.000Z,1984-01-18T00:00:00.000Z,3656,TRUE,TRUE,FALSE,TRUE,TRUE,FALSE,FALSE,FALSE
7269,F,Probable NDE,United States,Probable NDE,english,20,2014-06-13T00:00:00.000Z,2002-01-18T00:00:00.000Z,8103,TRUE,TRUE,FALSE,TRUE,FALSE,FALSE,FALSE,FALSE
7271,M,NDE,India,NDE,english,29,2014-06-13T00:00:00.000Z,2002-01-18T00:00:00.000Z,3680,FALSE,FALSE,TRUE,FALSE,FALSE,FALSE,FALSE,FALSE
7274,F,NDE,United States,NDE,english,8,NA,NA,11046,TRUE,FALSE,FALSE,TRUE,TRUE,FALSE,FALSE,FALSE
7275,F,NDE,United States,NDE,english,21,2014-06-20T00:00:00.000Z,1983-09-18T00:00:00.000Z,10080,FALSE,TRUE,FALSE,TRUE,FALSE,FALSE,FALSE,FALSE
7277,F,NDE,Turkey,NDE,english,25,2014-06-20T00:00:00.000Z,1988-01-01T00:00:00.000Z,9448,TRUE,FALSE,FALSE,TRUE,TRUE,FALSE,FALSE,FALSE
7278,M,NDE,United States,NDE,english,10,2014-06-20T00:00:00.000Z,1998-11-18T00:00:00.000Z,5446,FALSE,FALSE,FALSE,TRUE,FALSE,FALSE,FALSE,FALSE
7282,F,NDE,France,NDE,francais,12,2014-06-20T00:00:00.000Z,2006-01-01T00:00:00.000Z,17598,TRUE,FALSE,TRUE,TRUE,TRUE,FALSE,FALSE,FALSE
7284,F,SDE,United States,Shared NDE,english,14,2014-06-27T00:00:00.000Z,2009-02-18T00:00:00.000Z,8150,FALSE,FALSE,FALSE,FALSE,FALSE,FALSE,FALSE,FALSE
7290,F,NDE,France,NDE,français,11,2014-06-27T00:00:00.000Z,1982-01-18T00:00:00.000Z,5970,TRUE,FALSE,FALSE,TRUE,FALSE,FALSE,FALSE,FALSE
7291,F,NDE,United States,NDE,english,23,2014-06-27T00:00:00.000Z,1994-01-01T00:00:00.000Z,7756,FALSE,TRUE,FALSE,TRUE,FALSE,FALSE,FALSE,FALSE
7297,M,NDE,United States,NDE,english,18,2014-07-04T00:00:00.000Z,2014-04-03T00:00:00.000Z,18529,FALSE,TRUE,FALSE,TRUE,FALSE,FALSE,FALSE,FALSE
7298,F,Probable NDE,United States,Probable NDE,english,14,2014-07-04T00:00:00.000Z,2010-01-01T00:00:00.000Z,8640,FALSE,FALSE,FALSE,TRUE,FALSE,FALSE,FALSE,FALSE
7299,F,Possible NDE,Germany,Possible NDE,english,9,2014-07-04T00:00:00.000Z,1971-06-18T00:00:00.000Z,2743,FALSE,FALSE,FALSE,FALSE,FALSE,FALSE,FALSE,FALSE
7303,F,NDE,United States,NDE,english,22,NA,NA,26353,TRUE,TRUE,FALSE,TRUE,TRUE,FALSE,FALSE,FALSE
7305,F,NDE,France,NDE,français,6,2014-07-10T00:00:00.000Z,1977-01-01T00:00:00.000Z,2992,TRUE,FALSE,FALSE,TRUE,FALSE,FALSE,FALSE,FALSE
7307,F,NDE,United States,NDE,english,11,2014-07-10T00:00:00.000Z,2012-04-18T00:00:00.000Z,7305,FALSE,FALSE,FALSE,TRUE,FALSE,FALSE,FALSE,FALSE
7309,M,Probable NDE,United States,NDE,english,16,2014-07-10T00:00:00.000Z,1986-01-18T00:00:00.000Z,33412,TRUE,FALSE,FALSE,TRUE,FALSE,FALSE,FALSE,FALSE
7313,F,NDE,Australia,NDE,english,22,2014-07-18T00:00:00.000Z,2011-10-22T00:00:00.000Z,14871,TRUE,FALSE,FALSE,TRUE,FALSE,FALSE,FALSE,FALSE
7314,F,NDE,United States,NDE,english,14,2014-07-18T00:00:00.000Z,1978-06-18T00:00:00.000Z,5755,TRUE,FALSE,FALSE,TRUE,FALSE,FALSE,FALSE,FALSE
7315,F,NDE,United States,NDE,english,20,2014-07-18T00:00:00.000Z,2007-02-05T00:00:00.000Z,7693,TRUE,FALSE,FALSE,TRUE,FALSE,FALSE,FALSE,FALSE
7316,M,NDE,United States,NDE,english,23,2014-07-18T00:00:00.000Z,1974-09-18T00:00:00.000Z,4701,TRUE,TRUE,FALSE,TRUE,FALSE,FALSE,FALSE,FALSE
7317,F,NDE,United States,NDE,english,14,2014-07-18T00:00:00.000Z,1957-07-16T00:00:00.000Z,4509,FALSE,FALSE,FALSE,TRUE,FALSE,FALSE,FALSE,FALSE
7318,F,NDE,South Africa,NDE,afrikaans,14,2014-07-18T00:00:00.000Z,NA,6654,FALSE,FALSE,FALSE,FALSE,FALSE,FALSE,FALSE,FALSE
7319,F,NDE,United States,NDE,english,9,2014-07-18T00:00:00.000Z,1966-01-18T00:00:00.000Z,3989,FALSE,TRUE,FALSE,TRUE,FALSE,FALSE,FALSE,FALSE
7322,M,NDE,United States,NDE,english,4,2014-07-29T00:00:00.000Z,1967-01-18T00:00:00.000Z,2715,TRUE,FALSE,FALSE,TRUE,FALSE,FALSE,FALSE,FALSE
7325,F,NDE,United States,NDE,english,22,2014-07-29T00:00:00.000Z,1994-08-27T00:00:00.000Z,21358,TRUE,TRUE,TRUE,TRUE,FALSE,TRUE,TRUE,FALSE
7329,F,NDE,United States,NDE,english,11,2014-07-29T00:00:00.000Z,1976-01-18T00:00:00.000Z,6967,TRUE,FALSE,FALSE,TRUE,TRUE,FALSE,FALSE,FALSE
7330,F,Probable NDE,United States,Probable NDE,english,18,2014-07-29T00:00:00.000Z,2011-01-18T00:00:00.000Z,5956,TRUE,FALSE,FALSE,FALSE,FALSE,FALSE,FALSE,FALSE
7331,F,NDE,South Africa,NDE,english,15,2014-07-29T00:00:00.000Z,1961-11-18T00:00:00.000Z,11473,TRUE,FALSE,FALSE,TRUE,FALSE,FALSE,FALSE,FALSE
7334,F,STE,United States,STE,english,30,2014-07-29T00:00:00.000Z,2001-01-01T00:00:00.000Z,12394,FALSE,TRUE,FALSE,FALSE,FALSE,FALSE,TRUE,FALSE
7335,F,NDE,United States,NDE,english,13,2014-07-29T00:00:00.000Z,1976-01-18T00:00:00.000Z,6202,FALSE,TRUE,FALSE,TRUE,FALSE,FALSE,FALSE,FALSE
7336,F,NDE,United States,NDE,english,18,2014-07-29T00:00:00.000Z,1972-05-08T00:00:00.000Z,11669,TRUE,FALSE,TRUE,TRUE,FALSE,FALSE,FALSE,FALSE
7339,F,Probable NDE,United States,Probable NDE,english,20,2014-08-01T00:00:00.000Z,1969-04-15T00:00:00.000Z,11971,TRUE,FALSE,FALSE,TRUE,FALSE,FALSE,FALSE,FALSE
7340,M,NDE,United States,NDE,english,21,NA,NA,26668,TRUE,TRUE,FALSE,TRUE,FALSE,FALSE,FALSE,FALSE
7342,F,NDE,United States,NDE,english,15,2014-08-08T00:00:00.000Z,1956-01-01T00:00:00.000Z,15477,TRUE,FALSE,FALSE,TRUE,FALSE,FALSE,FALSE,FALSE
7343,M,NDE,United States,NDE,english,26,2014-08-08T00:00:00.000Z,2011-02-18T00:00:00.000Z,46778,FALSE,TRUE,FALSE,TRUE,FALSE,FALSE,FALSE,FALSE
7346,M,NDE,United States,NDE,english,10,2014-08-08T00:00:00.000Z,1991-01-18T00:00:00.000Z,11846,TRUE,FALSE,FALSE,TRUE,FALSE,FALSE,FALSE,FALSE
7351,M,Probable NDE,Sweden,Probable NDE,english,18,2014-08-15T00:00:00.000Z,2004-03-19T00:00:00.000Z,3584,FALSE,FALSE,FALSE,TRUE,FALSE,FALSE,FALSE,FALSE
7352,M,NDE,United States,NDE,english,13,2014-08-15T00:00:00.000Z,2010-10-18T00:00:00.000Z,11867,FALSE,TRUE,FALSE,TRUE,FALSE,FALSE,FALSE,FALSE
7356,F,NDE,United States,NDE,english,16,NA,NA,8773,FALSE,FALSE,FALSE,TRUE,FALSE,FALSE,FALSE,FALSE
7358,F,NDE,France,NDE,français,15,2014-08-15T00:00:00.000Z,2006-01-01T00:00:00.000Z,12358,FALSE,FALSE,FALSE,TRUE,TRUE,FALSE,FALSE,FALSE
7361,F,NDE,United States,NDE,english,13,2014-08-15T00:00:00.000Z,1980-01-18T00:00:00.000Z,5147,TRUE,FALSE,FALSE,TRUE,FALSE,FALSE,FALSE,FALSE
7362,F,NDE,United States,NDE,english,11,2014-08-22T00:00:00.000Z,1997-04-18T00:00:00.000Z,10517,FALSE,TRUE,TRUE,TRUE,FALSE,TRUE,FALSE,FALSE
7363,M,Probable NDE,U,Probable NDE,english,16,2014-08-22T00:00:00.000Z,1979-01-18T00:00:00.000Z,4120,TRUE,FALSE,FALSE,TRUE,FALSE,FALSE,FALSE,FALSE
7366,M,NDE,United States,NDE,english,15,2014-08-22T00:00:00.000Z,1986-01-18T00:00:00.000Z,11626,FALSE,TRUE,FALSE,TRUE,FALSE,TRUE,FALSE,FALSE
7370,M,NDE,France,NDE,english,12,2014-09-05T00:00:00.000Z,2003-01-01T00:00:00.000Z,10208,FALSE,FALSE,FALSE,TRUE,FALSE,FALSE,FALSE,FALSE
7372,M,NDE,United States,NDE,english,5,2014-09-05T00:00:00.000Z,1975-01-01T00:00:00.000Z,4552,TRUE,FALSE,FALSE,TRUE,TRUE,FALSE,FALSE,FALSE
7373,F,NDE,uncertain,NDE,english,26,2014-09-05T00:00:00.000Z,1982-01-18T00:00:00.000Z,9602,TRUE,TRUE,FALSE,TRUE,FALSE,FALSE,FALSE,FALSE
7375,F,NDE,United States,NDE,english,18,2014-09-05T00:00:00.000Z,1962-01-01T00:00:00.000Z,28773,TRUE,TRUE,FALSE,TRUE,FALSE,FALSE,FALSE,FALSE
7377,F,NDE-Like,Venezuela,NDE-Like,español,12,2014-09-05T00:00:00.000Z,1980-01-18T00:00:00.000Z,6477,TRUE,FALSE,FALSE,FALSE,FALSE,FALSE,FALSE,FALSE
7378,F,NDE,Portugal,NDE,english,14,2014-09-05T00:00:00.000Z,1986-10-20T00:00:00.000Z,2574,FALSE,FALSE,FALSE,TRUE,FALSE,FALSE,FALSE,FALSE
7379,M,NDE,Mexico,NDE,español,18,2014-09-05T00:00:00.000Z,2014-01-01T00:00:00.000Z,29742,FALSE,TRUE,FALSE,TRUE,FALSE,FALSE,FALSE,FALSE
7382,M,NDE,United States,NDE,english,12,2014-09-05T00:00:00.000Z,1945-01-18T00:00:00.000Z,3628,FALSE,FALSE,FALSE,TRUE,FALSE,FALSE,FALSE,FALSE
7383,F,Possible NDE,United States,Possible NDE,english,12,2014-09-05T00:00:00.000Z,NA,10085,FALSE,TRUE,FALSE,TRUE,FALSE,FALSE,FALSE,FALSE
7384,F,Probable NDE,France,Probable NDE,french,18,2014-09-05T00:00:00.000Z,2007-01-01T00:00:00.000Z,2740,FALSE,FALSE,FALSE,TRUE,FALSE,FALSE,FALSE,FALSE
7386,M,NDE,United States,NDE,english,9,2014-09-12T00:00:00.000Z,1965-01-01T00:00:00.000Z,2463,TRUE,FALSE,FALSE,FALSE,TRUE,FALSE,FALSE,FALSE
7387,F,NDE,Australia,NDE,english,23,2014-09-12T00:00:00.000Z,1975-02-16T00:00:00.000Z,8708,FALSE,FALSE,FALSE,TRUE,TRUE,FALSE,FALSE,FALSE
7388,M,NDE,New Zealand,NDE,english,7,2014-09-12T00:00:00.000Z,1990-01-18T00:00:00.000Z,7201,FALSE,FALSE,FALSE,TRUE,FALSE,TRUE,TRUE,FALSE
7389,M,NDE,United States,NDE,english,19,2014-09-12T00:00:00.000Z,1973-01-18T00:00:00.000Z,3462,TRUE,FALSE,FALSE,TRUE,FALSE,FALSE,FALSE,FALSE
7392,M,NDE,United States,NDE,english,17,2014-09-19T00:00:00.000Z,1973-01-18T00:00:00.000Z,17831,TRUE,TRUE,TRUE,TRUE,FALSE,TRUE,TRUE,FALSE
7393,F,NDE,Iran,NDE,فارسی,15,2014-09-19T00:00:00.000Z,NA,4129,FALSE,FALSE,FALSE,TRUE,FALSE,FALSE,FALSE,FALSE
7394,M,NDE,France,NDE,francais,13,2014-09-19T00:00:00.000Z,1983-01-01T00:00:00.000Z,5596,TRUE,FALSE,FALSE,FALSE,TRUE,FALSE,FALSE,FALSE
7395,M,NDE,United States,NDE,english,11,2014-09-19T00:00:00.000Z,NA,2893,TRUE,FALSE,FALSE,TRUE,FALSE,FALSE,FALSE,FALSE
7396,F,NDE,United States,NDE,english,14,2014-09-26T00:00:00.000Z,1990-12-18T00:00:00.000Z,4255,FALSE,FALSE,FALSE,TRUE,FALSE,FALSE,FALSE,FALSE
7397,F,NDE,United States,NDE,english,12,2014-09-26T00:00:00.000Z,2012-05-18T00:00:00.000Z,5869,TRUE,FALSE,FALSE,FALSE,TRUE,FALSE,FALSE,FALSE
7398,F,NDE,Czech Republic,NDE,èeština,21,2014-09-26T00:00:00.000Z,1999-01-01T00:00:00.000Z,14376,TRUE,FALSE,FALSE,TRUE,FALSE,FALSE,FALSE,FALSE
7399,F,Probable NDE,Mexico,Probable NDE,english,10,2014-09-26T00:00:00.000Z,1982-04-25T00:00:00.000Z,5549,TRUE,TRUE,FALSE,FALSE,FALSE,FALSE,FALSE,FALSE
7404,F,Probable NDE,United States,Probable NDE,english,8,2014-09-26T00:00:00.000Z,2005-01-18T00:00:00.000Z,3240,TRUE,FALSE,FALSE,TRUE,FALSE,FALSE,FALSE,FALSE
7406,M,Anesthesia,S,Anesthesia Experience,español,2,2014-10-03T00:00:00.000Z,2014-09-26T00:00:00.000Z,3347,FALSE,FALSE,FALSE,TRUE,FALSE,FALSE,FALSE,FALSE
7409,M,NDE,Spain,NDE,español,11,2014-10-03T00:00:00.000Z,1985-01-18T00:00:00.000Z,17845,TRUE,FALSE,FALSE,TRUE,FALSE,FALSE,FALSE,FALSE
7410,F,NDE,Philippines,NDE,english,21,2014-10-10T00:00:00.000Z,1988-09-08T00:00:00.000Z,10064,FALSE,TRUE,FALSE,TRUE,FALSE,FALSE,FALSE,FALSE
7413,F,NDE,United States,NDE,english,22,2014-10-10T00:00:00.000Z,1969-01-18T00:00:00.000Z,11145,FALSE,TRUE,FALSE,TRUE,FALSE,FALSE,FALSE,FALSE
7414,M,FDE,B,FDE,portuques,6,2014-10-10T00:00:00.000Z,2001-01-18T00:00:00.000Z,2285,FALSE,FALSE,FALSE,FALSE,FALSE,FALSE,FALSE,FALSE
7415,M,NDE,United States,NDE,english,24,2014-10-10T00:00:00.000Z,2001-09-11T00:00:00.000Z,8213,FALSE,TRUE,TRUE,TRUE,FALSE,FALSE,FALSE,FALSE
7417,F,NDE,United States,NDE,english,19,2014-10-10T00:00:00.000Z,1994-12-28T00:00:00.000Z,21883,FALSE,FALSE,FALSE,TRUE,FALSE,FALSE,FALSE,FALSE
7419,F,NDE,South Africa,NDE,english,18,2014-10-10T00:00:00.000Z,1980-08-18T00:00:00.000Z,7420,TRUE,FALSE,FALSE,TRUE,FALSE,FALSE,FALSE,FALSE
7420,F,Probable NDE,United States,Probable NDE,english,9,2014-10-10T00:00:00.000Z,1988-10-18T00:00:00.000Z,4026,FALSE,FALSE,FALSE,TRUE,FALSE,FALSE,FALSE,FALSE
7421,F,FDE,United States,FDE,english,17,2014-10-10T00:00:00.000Z,1976-01-01T00:00:00.000Z,4733,TRUE,FALSE,FALSE,FALSE,FALSE,FALSE,FALSE,FALSE
7423,M,NDE,United Kingdom,NDEs,english,17,2014-10-17T00:00:00.000Z,NA,12146,TRUE,FALSE,TRUE,TRUE,FALSE,FALSE,FALSE,FALSE
7426,M,Probable NDE,United States,Probable NDE,english,12,2014-06-01T00:00:00.000Z,1949-01-18T00:00:00.000Z,7079,TRUE,FALSE,FALSE,TRUE,TRUE,FALSE,FALSE,FALSE
7428,F,Probable NDE,United States,Probable NDE,english,22,2014-10-17T00:00:00.000Z,2011-07-31T00:00:00.000Z,26031,FALSE,FALSE,FALSE,TRUE,FALSE,TRUE,FALSE,FALSE
7429,F,Possible NDE,United States,Possible NDE,español,18,2014-10-24T00:00:00.000Z,2003-01-01T00:00:00.000Z,4937,TRUE,FALSE,FALSE,FALSE,TRUE,FALSE,FALSE,FALSE
7431,F,Probable NDE,United States,Probable NDE,english,18,2014-10-24T00:00:00.000Z,2002-02-18T00:00:00.000Z,6461,FALSE,TRUE,FALSE,TRUE,FALSE,FALSE,FALSE,FALSE
7432,M,NDE,United States,NDE,english,5,2014-10-24T00:00:00.000Z,2014-03-19T00:00:00.000Z,11251,TRUE,FALSE,FALSE,TRUE,FALSE,FALSE,FALSE,FALSE
7433,F,NDE,Greece,NDE,english,28,2014-10-24T00:00:00.000Z,NA,11830,TRUE,TRUE,FALSE,TRUE,FALSE,FALSE,TRUE,FALSE
7434,M,NDE,United States,NDE,english,7,2014-10-24T00:00:00.000Z,2014-04-18T00:00:00.000Z,4767,TRUE,FALSE,FALSE,TRUE,FALSE,FALSE,FALSE,FALSE
7435,F,FDE,U,FDE,english,11,2014-10-24T00:00:00.000Z,1974-07-18T00:00:00.000Z,17177,TRUE,FALSE,FALSE,TRUE,FALSE,FALSE,FALSE,FALSE
7437,M,Probable NDE,Texas,Probable NDE,english,9,2014-10-31T00:00:00.000Z,NA,2645,TRUE,FALSE,TRUE,FALSE,FALSE,FALSE,FALSE,FALSE
7438,F,Possible NDE,United States,Possible NDE,english,8,2014-10-31T00:00:00.000Z,1981-01-18T00:00:00.000Z,2622,FALSE,FALSE,FALSE,FALSE,FALSE,FALSE,FALSE,FALSE
7439,F,NDE,United States,NDE,english,21,2014-10-31T00:00:00.000Z,2008-09-18T00:00:00.000Z,4602,FALSE,FALSE,FALSE,TRUE,FALSE,FALSE,FALSE,FALSE
7441,F,NDE,United States,NDE,english,12,2014-10-31T00:00:00.000Z,1992-01-18T00:00:00.000Z,4802,TRUE,TRUE,FALSE,TRUE,TRUE,FALSE,FALSE,FALSE
7442,F,NDE,United States,NDE,english,15,2014-10-31T00:00:00.000Z,1995-01-01T00:00:00.000Z,5085,TRUE,FALSE,FALSE,TRUE,FALSE,FALSE,FALSE,FALSE
7443,M,NDE,Canada,NDE,english,11,2014-10-31T00:00:00.000Z,1969-01-01T00:00:00.000Z,4905,TRUE,TRUE,FALSE,TRUE,FALSE,FALSE,FALSE,FALSE
7444,F,NDE,France,NDE,français,11,2014-10-31T00:00:00.000Z,2014-01-01T00:00:00.000Z,5218,FALSE,FALSE,FALSE,TRUE,FALSE,FALSE,FALSE,FALSE
7445,F,NDE,United Kingdom,Probable NDE,english/ french,19,2014-10-31T00:00:00.000Z,1984-01-01T00:00:00.000Z,5480,TRUE,FALSE,FALSE,TRUE,FALSE,FALSE,FALSE,FALSE
7446,F,NDE,Australia,NDE,english,24,2014-10-31T00:00:00.000Z,1967-01-18T00:00:00.000Z,10475,TRUE,TRUE,FALSE,FALSE,FALSE,FALSE,FALSE,FALSE
7447,F,NDE,Hungary,NDE,english - hungarian (native),9,2014-10-31T00:00:00.000Z,1996-05-18T00:00:00.000Z,14977,TRUE,FALSE,FALSE,TRUE,TRUE,FALSE,FALSE,FALSE
7450,M,NDE,United States,NDE,english,3,2014-11-07T00:00:00.000Z,1974-01-18T00:00:00.000Z,2670,TRUE,FALSE,FALSE,TRUE,FALSE,FALSE,FALSE,FALSE
7451,F,Probable NDE,United States,Probable NDE,english,11,2014-11-07T00:00:00.000Z,2014-03-16T00:00:00.000Z,4886,FALSE,TRUE,FALSE,TRUE,FALSE,FALSE,FALSE,FALSE
7452,F,Possible NDE,U,Possible NDE,english,23,2014-11-07T00:00:00.000Z,1995-01-18T00:00:00.000Z,7354,TRUE,FALSE,FALSE,TRUE,FALSE,FALSE,FALSE,FALSE
7453,M,NDE,United States,NDE,english,22,2014-11-07T00:00:00.000Z,1976-10-28T00:00:00.000Z,8649,FALSE,FALSE,FALSE,TRUE,FALSE,FALSE,FALSE,FALSE
7454,M,NDE,Unavailable,NDE,english,13,2014-11-07T00:00:00.000Z,2014-09-18T00:00:00.000Z,2637,TRUE,FALSE,FALSE,TRUE,FALSE,FALSE,FALSE,FALSE
7456,M,NDE,Iran,NDE,english,10,2014-11-07T00:00:00.000Z,NA,4993,FALSE,FALSE,FALSE,TRUE,FALSE,FALSE,FALSE,FALSE
7458,M,Possible NDE,France,NDE,français,10,2014-11-14T00:00:00.000Z,2011-03-15T00:00:00.000Z,12521,TRUE,FALSE,FALSE,TRUE,FALSE,FALSE,FALSE,FALSE
7459,F,NDE,Germany,NDE,deutsch,6,2014-11-14T00:00:00.000Z,1973-08-18T00:00:00.000Z,4218,FALSE,FALSE,FALSE,FALSE,FALSE,FALSE,FALSE,FALSE
7460,F,NDE,United States,NDE,english,15,2014-11-14T00:00:00.000Z,1960-01-01T00:00:00.000Z,6291,TRUE,FALSE,FALSE,TRUE,FALSE,FALSE,FALSE,FALSE
7461,F,Probable NDE,United States,Probable NDE,english,20,2014-11-14T00:00:00.000Z,2002-01-01T00:00:00.000Z,12168,TRUE,FALSE,FALSE,TRUE,FALSE,FALSE,FALSE,FALSE
7462,F,NDE,United States,NDE,english,22,2014-11-14T00:00:00.000Z,2012-03-18T00:00:00.000Z,7270,FALSE,FALSE,FALSE,TRUE,FALSE,FALSE,FALSE,FALSE
7464,M,Probable NDE,Colombia,Probable NDE,spanish,16,2014-11-14T00:00:00.000Z,1994-09-27T00:00:00.000Z,9425,FALSE,TRUE,FALSE,TRUE,FALSE,FALSE,FALSE,FALSE
7467,F,Probable NDE,United States,Probable NDE,english,16,2014-11-21T00:00:00.000Z,1991-01-01T00:00:00.000Z,14449,FALSE,FALSE,FALSE,TRUE,FALSE,FALSE,FALSE,FALSE
7468,F,NDE,United States,NDE,english,11,2014-11-21T00:00:00.000Z,1988-10-22T00:00:00.000Z,19313,TRUE,FALSE,FALSE,FALSE,FALSE,FALSE,FALSE,FALSE
7469,F,NDE,United States,NDE,english,24,2014-11-21T00:00:00.000Z,2014-08-18T00:00:00.000Z,28692,TRUE,TRUE,TRUE,TRUE,TRUE,TRUE,FALSE,FALSE
7470,F,NDE,United States,NDE,english,22,2014-11-21T00:00:00.000Z,2014-09-03T00:00:00.000Z,10345,FALSE,FALSE,TRUE,TRUE,FALSE,FALSE,TRUE,FALSE
7471,F,Possible NDE,Mexico,Possible NDE,español,6,2014-11-21T00:00:00.000Z,1981-01-18T00:00:00.000Z,5693,TRUE,FALSE,FALSE,TRUE,FALSE,FALSE,FALSE,FALSE
7472,F,NDE,United States,NDE,english,8,2014-11-21T00:00:00.000Z,1995-01-01T00:00:00.000Z,4173,TRUE,FALSE,FALSE,TRUE,FALSE,FALSE,TRUE,FALSE
7474,F,NDE,United States,NDE,english,17,2014-11-30T00:00:00.000Z,1981-10-18T00:00:00.000Z,8532,TRUE,FALSE,FALSE,TRUE,FALSE,FALSE,FALSE,FALSE
7475,M,NDE,France,NDE,français,30,2014-11-30T00:00:00.000Z,2009-01-01T00:00:00.000Z,21499,TRUE,TRUE,FALSE,TRUE,TRUE,TRUE,FALSE,FALSE
7479,F,Possible NDE,Portugal,Possible NDE,portuguese,11,2014-11-30T00:00:00.000Z,2014-01-31T00:00:00.000Z,12311,TRUE,FALSE,FALSE,TRUE,FALSE,FALSE,FALSE,FALSE
7481,F,NDE,United States,NDE,english,24,2014-11-30T00:00:00.000Z,1977-07-18T00:00:00.000Z,16792,TRUE,FALSE,FALSE,TRUE,FALSE,FALSE,FALSE,FALSE
7484,F,NDE,India,NDE,english,8,2014-11-30T00:00:00.000Z,2013-04-09T00:00:00.000Z,11385,FALSE,FALSE,FALSE,TRUE,TRUE,FALSE,FALSE,FALSE
7486,F,NDE,Germany,NDE,deutsch,18,2014-12-05T00:00:00.000Z,1982-01-18T00:00:00.000Z,12736,TRUE,FALSE,FALSE,TRUE,FALSE,FALSE,FALSE,FALSE
7487,M,NDE,United States,NDE,english,30,2014-12-05T00:00:00.000Z,NA,5199,TRUE,FALSE,TRUE,TRUE,FALSE,FALSE,FALSE,FALSE
7489,M,NDE,United States,NDE,english,5,2014-12-15T00:00:00.000Z,2014-02-03T00:00:00.000Z,6801,TRUE,FALSE,FALSE,TRUE,TRUE,FALSE,FALSE,FALSE
7493,M,NDE,United States,NDE,english,24,2014-12-15T00:00:00.000Z,1983-12-31T00:00:00.000Z,11484,TRUE,FALSE,FALSE,TRUE,FALSE,FALSE,FALSE,FALSE
7496,M,Possible NDE,United States,Possible NDE,english,24,2014-12-19T00:00:00.000Z,2013-10-13T00:00:00.000Z,54198,FALSE,FALSE,TRUE,TRUE,FALSE,FALSE,TRUE,FALSE
7499,F,Probable NDE,Australia,Probable NDE,english,16,2014-12-19T00:00:00.000Z,2001-01-18T00:00:00.000Z,9653,FALSE,FALSE,FALSE,TRUE,FALSE,FALSE,FALSE,FALSE
7500,F,Probable NDE,United States,Probable NDE,english,16,2014-12-19T00:00:00.000Z,1958-01-18T00:00:00.000Z,7127,TRUE,FALSE,FALSE,TRUE,FALSE,FALSE,FALSE,FALSE
7501,F,Probable NDE,Canada,Probable NDE,english,4,2014-12-26T00:00:00.000Z,1979-10-21T00:00:00.000Z,7227,FALSE,TRUE,FALSE,FALSE,FALSE,FALSE,FALSE,FALSE
7502,M,NDE,France,NDE,francais,9,2014-12-26T00:00:00.000Z,2009-01-18T00:00:00.000Z,5792,FALSE,FALSE,FALSE,TRUE,FALSE,FALSE,FALSE,FALSE
7503,M,NDE,United States,NDE,english,11,2014-12-26T00:00:00.000Z,2012-07-18T00:00:00.000Z,5288,TRUE,FALSE,FALSE,TRUE,FALSE,FALSE,FALSE,FALSE
7504,M,Probable NDE,United States,Probable NDE,english,21,2014-12-26T00:00:00.000Z,1979-05-18T00:00:00.000Z,20543,TRUE,TRUE,TRUE,TRUE,TRUE,FALSE,FALSE,FALSE
7506,F,NDE,Canada,NDE,english,18,2015-01-02T00:00:00.000Z,2007-11-13T00:00:00.000Z,14043,FALSE,FALSE,FALSE,TRUE,FALSE,FALSE,FALSE,FALSE
7507,F,Possible NDE,United States,Secondhand Possible NDE,english,16,2015-01-02T00:00:00.000Z,1948-01-05T00:00:00.000Z,3798,FALSE,FALSE,FALSE,FALSE,FALSE,FALSE,FALSE,FALSE
7510,F,NDE,United States,NDEs/Shared NDE,english,24,NA,2001-01-01T00:00:00.000Z,54274,TRUE,TRUE,FALSE,TRUE,FALSE,FALSE,FALSE,FALSE
7511,M,NDE,Canada,NDE,english,22,2015-01-05T00:00:00.000Z,1978-02-09T00:00:00.000Z,7728,TRUE,FALSE,FALSE,TRUE,FALSE,FALSE,FALSE,FALSE
7513,M,NDE,United States,NDE,english,15,2015-01-09T00:00:00.000Z,2015-01-03T00:00:00.000Z,8045,TRUE,FALSE,FALSE,TRUE,FALSE,FALSE,FALSE,FALSE
7514,F,Probable NDE,Canada,Probable NDE,english,7,2015-01-18T00:00:00.000Z,NA,10957,FALSE,FALSE,TRUE,TRUE,FALSE,FALSE,FALSE,FALSE
7516,F,NDE,Puerto Rico,NDE,english,28,2015-01-18T00:00:00.000Z,1995-09-10T00:00:00.000Z,24413,FALSE,TRUE,FALSE,TRUE,FALSE,TRUE,TRUE,FALSE
7517,F,NDE,Canada,NDE,english,21,2015-01-18T00:00:00.000Z,1985-07-18T00:00:00.000Z,8173,FALSE,TRUE,FALSE,TRUE,FALSE,FALSE,FALSE,FALSE
7518,M,Possible NDE,France,Possible NDE,france,26,2015-01-18T00:00:00.000Z,2013-01-29T00:00:00.000Z,5976,TRUE,FALSE,FALSE,TRUE,TRUE,FALSE,TRUE,FALSE
7519,M,NDE,United States,NDE,english,19,2015-01-18T00:00:00.000Z,1986-01-01T00:00:00.000Z,5839,TRUE,FALSE,FALSE,TRUE,FALSE,FALSE,FALSE,FALSE
7520,M,Probable NDE,United States,Probable NDE,english,27,2015-01-18T00:00:00.000Z,2012-05-23T00:00:00.000Z,10621,FALSE,TRUE,FALSE,TRUE,FALSE,TRUE,TRUE,FALSE
7521,M,NDE,United Kingdom,NDE,english,5,2015-01-18T00:00:00.000Z,2008-04-18T00:00:00.000Z,4189,FALSE,FALSE,FALSE,FALSE,FALSE,FALSE,FALSE,FALSE
7522,M,NDE,Liberia,NDE,english,14,2015-01-18T00:00:00.000Z,2015-11-09T00:00:00.000Z,8329,TRUE,FALSE,FALSE,TRUE,FALSE,FALSE,FALSE,FALSE
7523,F,NDE,Australia,NDE,english,23,2015-01-18T00:00:00.000Z,1983-07-18T00:00:00.000Z,4951,FALSE,TRUE,FALSE,TRUE,FALSE,FALSE,FALSE,FALSE
7525,F,NDE,Australia,NDE,english,16,2015-01-23T00:00:00.000Z,1970-01-01T00:00:00.000Z,8486,TRUE,FALSE,FALSE,TRUE,TRUE,FALSE,FALSE,FALSE
7526,M,NDE,United States,NDE,english,27,2015-01-23T00:00:00.000Z,1963-01-01T00:00:00.000Z,57887,TRUE,FALSE,TRUE,TRUE,FALSE,FALSE,TRUE,FALSE
7527,F,Probable NDE,United States,Probable NDE,english,19,2015-01-23T00:00:00.000Z,2011-01-01T00:00:00.000Z,18343,FALSE,FALSE,FALSE,TRUE,FALSE,FALSE,FALSE,FALSE
7528,F,NDE,United States,NDE,english,10,2015-01-23T00:00:00.000Z,2003-03-20T00:00:00.000Z,7112,FALSE,FALSE,FALSE,TRUE,FALSE,FALSE,FALSE,FALSE
7529,M,Probable NDE,Hawaii,Probable NDE,english,22,2015-01-23T00:00:00.000Z,1995-06-01T00:00:00.000Z,25813,TRUE,FALSE,FALSE,TRUE,FALSE,FALSE,TRUE,FALSE
7530,F,NDE,United States,NDE,english,6,2015-01-23T00:00:00.000Z,2012-12-21T00:00:00.000Z,4694,FALSE,FALSE,FALSE,TRUE,FALSE,FALSE,FALSE,FALSE
7533,M,NDE,United States,NDE,english,16,2015-01-23T00:00:00.000Z,2002-01-18T00:00:00.000Z,12383,TRUE,FALSE,FALSE,TRUE,FALSE,FALSE,FALSE,FALSE
7536,F,NDE,Canada,NDE,english,20,2015-01-30T00:00:00.000Z,2003-05-30T00:00:00.000Z,12535,FALSE,TRUE,FALSE,FALSE,FALSE,FALSE,FALSE,FALSE
7537,F,NDE,United States,NDE,english,12,2015-01-30T00:00:00.000Z,1970-01-08T00:00:00.000Z,5330,TRUE,TRUE,FALSE,TRUE,TRUE,FALSE,FALSE,FALSE
7538,F,NDE,United States,Secondhand NDE,english,5,2015-01-30T00:00:00.000Z,1954-01-18T00:00:00.000Z,4893,TRUE,FALSE,FALSE,TRUE,FALSE,FALSE,FALSE,FALSE
7539,F,ADC,S,ADCs/Other,deutsch,18,2015-01-30T00:00:00.000Z,1985-01-01T00:00:00.000Z,29756,FALSE,FALSE,FALSE,TRUE,FALSE,FALSE,FALSE,FALSE
7540,M,NDE,United States,NDE,english,14,2015-01-30T00:00:00.000Z,1987-07-18T00:00:00.000Z,9304,TRUE,FALSE,FALSE,TRUE,FALSE,FALSE,FALSE,FALSE
7541,F,NDE,Iran,NDE,persian,11,NA,NA,8037,TRUE,FALSE,FALSE,TRUE,FALSE,FALSE,FALSE,FALSE
7543,F,NDE,Colombia,NDE,english,4,2016-05-01T00:00:00.000Z,1978-01-18T00:00:00.000Z,3785,FALSE,FALSE,FALSE,FALSE,FALSE,FALSE,FALSE,FALSE
7544,F,NDE,United States,NDE,english,17,2015-01-30T00:00:00.000Z,1955-01-01T00:00:00.000Z,6727,TRUE,FALSE,FALSE,FALSE,TRUE,FALSE,FALSE,FALSE
7545,F,NDE,Romania,NDE,english,18,2015-01-30T00:00:00.000Z,2015-01-06T00:00:00.000Z,10586,TRUE,FALSE,FALSE,TRUE,FALSE,FALSE,FALSE,FALSE
7546,F,NDE,United States,NDE,english,22,2015-01-30T00:00:00.000Z,1985-12-18T00:00:00.000Z,9405,TRUE,TRUE,FALSE,TRUE,FALSE,FALSE,FALSE,FALSE
7547,F,NDE,United States,NDE,english,19,2015-02-06T00:00:00.000Z,2013-02-13T00:00:00.000Z,5064,FALSE,FALSE,FALSE,TRUE,FALSE,FALSE,FALSE,FALSE
7548,M,NDE,United States,NDE,english,11,2015-02-06T00:00:00.000Z,1982-07-06T00:00:00.000Z,11996,FALSE,FALSE,FALSE,TRUE,FALSE,FALSE,FALSE,FALSE
7549,F,NDE,United States,NDE,english,23,2015-02-06T00:00:00.000Z,2003-03-18T00:00:00.000Z,20890,TRUE,FALSE,FALSE,TRUE,TRUE,FALSE,FALSE,FALSE
7552,F,NDE,United States,NDE,english,17,2015-02-06T00:00:00.000Z,2000-04-18T00:00:00.000Z,7092,TRUE,FALSE,FALSE,FALSE,TRUE,FALSE,FALSE,FALSE
7553,F,NDE,United States,NDE,english,15,2015-02-06T00:00:00.000Z,1985-07-25T00:00:00.000Z,29573,TRUE,TRUE,FALSE,TRUE,TRUE,FALSE,FALSE,FALSE
7554,M,NDE,Czech Republic,NDE,česky,18,2015-02-06T00:00:00.000Z,1993-01-18T00:00:00.000Z,6156,TRUE,FALSE,FALSE,TRUE,FALSE,FALSE,FALSE,FALSE
7555,F,NDE,Trinidad,NDE,english,17,2015-02-06T00:00:00.000Z,2008-12-02T00:00:00.000Z,4757,FALSE,FALSE,FALSE,FALSE,FALSE,FALSE,FALSE,FALSE
7556,M,Probable NDE,France,Probable NDE,français,21,2015-02-06T00:00:00.000Z,2006-01-01T00:00:00.000Z,5853,TRUE,FALSE,FALSE,TRUE,FALSE,FALSE,FALSE,FALSE
7558,M,NDE,North Carolina,NDE,english,25,2015-02-06T00:00:00.000Z,1996-08-04T00:00:00.000Z,4758,TRUE,FALSE,FALSE,TRUE,FALSE,FALSE,FALSE,FALSE
7559,F,NDE-Like,Iran,NDE-Like,فارسی,11,2015-02-06T00:00:00.000Z,2014-01-18T00:00:00.000Z,7653,FALSE,FALSE,FALSE,FALSE,FALSE,FALSE,TRUE,FALSE
7565,F,Probable NDE,United States,Probable NDE,english,22,2015-02-06T00:00:00.000Z,1975-01-18T00:00:00.000Z,13227,TRUE,TRUE,FALSE,TRUE,FALSE,FALSE,FALSE,FALSE
7569,F,FDE,G,FDE,english,8,2015-02-13T00:00:00.000Z,2004-01-18T00:00:00.000Z,3479,FALSE,FALSE,FALSE,FALSE,FALSE,FALSE,FALSE,FALSE
7570,F,Anesthesia,United States,Anesthesia,english,9,2015-02-13T00:00:00.000Z,2015-01-20T00:00:00.000Z,8465,TRUE,FALSE,FALSE,TRUE,FALSE,FALSE,FALSE,FALSE
7572,F,NDE,United States,NDE,español,30,2015-02-13T00:00:00.000Z,1989-01-01T00:00:00.000Z,42973,TRUE,TRUE,FALSE,TRUE,TRUE,FALSE,FALSE,FALSE
7574,M,NDE,United States,NDE,english,12,2015-02-13T00:00:00.000Z,2008-08-23T00:00:00.000Z,7296,FALSE,TRUE,FALSE,FALSE,FALSE,FALSE,FALSE,FALSE
7575,F,NDE,United States,NDE,english,18,2015-02-13T00:00:00.000Z,2007-07-18T00:00:00.000Z,9800,TRUE,TRUE,FALSE,TRUE,TRUE,FALSE,FALSE,FALSE
7578,M,NDE,United States,NDE,english,28,2015-02-13T00:00:00.000Z,2007-07-23T00:00:00.000Z,39591,TRUE,TRUE,FALSE,TRUE,TRUE,FALSE,FALSE,FALSE
7580,M,NDE,Canada,NDE,english,11,2015-02-13T00:00:00.000Z,1989-07-28T00:00:00.000Z,8956,TRUE,FALSE,FALSE,TRUE,FALSE,FALSE,FALSE,FALSE
7581,M,NDE,Canada,NDE,english,21,NA,NA,47816,FALSE,TRUE,FALSE,TRUE,FALSE,FALSE,FALSE,FALSE
7582,M,NDE,Ireland,NDE,english,17,2015-02-20T00:00:00.000Z,1975-01-18T00:00:00.000Z,8015,TRUE,TRUE,FALSE,TRUE,FALSE,FALSE,FALSE,FALSE
7584,F,NDE,United States,NDE,english,18,2015-02-20T00:00:00.000Z,1981-01-18T00:00:00.000Z,4422,FALSE,FALSE,FALSE,TRUE,FALSE,FALSE,FALSE,FALSE
7588,F,Probable NDE,United States,Probable NDE,english,12,2015-02-20T00:00:00.000Z,1987-08-18T00:00:00.000Z,9176,FALSE,FALSE,FALSE,TRUE,FALSE,FALSE,FALSE,FALSE
7590,M,Possible NDE,Germany,Possible NDE,english,12,2015-02-20T00:00:00.000Z,2002-03-21T00:00:00.000Z,14503,TRUE,FALSE,FALSE,TRUE,FALSE,FALSE,FALSE,FALSE
7596,F,NDE,Russia,NDE,russian,11,2015-02-27T00:00:00.000Z,2011-01-01T00:00:00.000Z,5909,TRUE,FALSE,FALSE,TRUE,FALSE,FALSE,FALSE,FALSE
7597,M,NDE,United States,NDE,english,10,2015-02-27T00:00:00.000Z,2014-08-03T00:00:00.000Z,8202,FALSE,FALSE,FALSE,TRUE,FALSE,FALSE,FALSE,FALSE
7600,F,NDE,France,NDE,english,14,2015-02-27T00:00:00.000Z,NA,6910,TRUE,FALSE,FALSE,FALSE,FALSE,FALSE,FALSE,FALSE
7602,F,NDE,United States,NDE,english,17,2015-03-04T00:00:00.000Z,1994-07-30T00:00:00.000Z,46839,TRUE,TRUE,FALSE,TRUE,FALSE,FALSE,FALSE,FALSE
7603,F,NDE,United States,NDE,english,27,2015-03-04T00:00:00.000Z,2014-06-24T00:00:00.000Z,11268,TRUE,FALSE,TRUE,FALSE,TRUE,FALSE,FALSE,FALSE
7606,F,NDE,France,NDE,français,23,2015-12-04T00:00:00.000Z,2009-01-01T00:00:00.000Z,17520,TRUE,FALSE,FALSE,TRUE,FALSE,FALSE,FALSE,FALSE
7607,M,Probable NDE,United States,NDE,english,15,2015-03-04T00:00:00.000Z,1997-01-01T00:00:00.000Z,3782,FALSE,TRUE,FALSE,TRUE,TRUE,FALSE,FALSE,FALSE
7608,F,NDE,Ukraine,NDE,russian,17,2015-03-05T00:00:00.000Z,1958-01-01T00:00:00.000Z,5623,TRUE,FALSE,FALSE,TRUE,FALSE,FALSE,FALSE,FALSE
7609,M,Probable NDE,Netherlands,Probable NDE,english,19,2015-03-06T00:00:00.000Z,2006-10-10T00:00:00.000Z,13363,FALSE,FALSE,TRUE,TRUE,FALSE,FALSE,FALSE,FALSE
7610,F,NDE,Australia,NDE,english,23,2015-03-07T00:00:00.000Z,1973-09-18T00:00:00.000Z,13131,FALSE,TRUE,FALSE,TRUE,FALSE,FALSE,FALSE,FALSE
7612,F,Probable NDE,Australia,Probable NDE,english,13,2015-03-08T00:00:00.000Z,1965-01-01T00:00:00.000Z,9491,TRUE,FALSE,FALSE,TRUE,TRUE,FALSE,FALSE,FALSE
7617,M,NDE,United States,NDE,english,30,2015-03-15T00:00:00.000Z,1982-04-18T00:00:00.000Z,11442,TRUE,TRUE,FALSE,TRUE,TRUE,TRUE,FALSE,FALSE
7618,F,Possible NDE,France,Anesthesia,english,8,2015-03-15T00:00:00.000Z,1978-01-01T00:00:00.000Z,3546,TRUE,TRUE,FALSE,TRUE,FALSE,FALSE,FALSE,FALSE
7620,F,NDE,France,NDE,français,12,2015-03-16T00:00:00.000Z,2006-01-01T00:00:00.000Z,9945,TRUE,FALSE,FALSE,FALSE,FALSE,FALSE,FALSE,FALSE
7621,F,Possible NDE,Ireland,Anesthesia,english,11,2015-03-16T00:00:00.000Z,2011-09-19T00:00:00.000Z,5201,TRUE,FALSE,FALSE,TRUE,FALSE,FALSE,FALSE,FALSE
7623,M,FDE,Greece,FDE,english,9,2015-03-17T00:00:00.000Z,2014-05-09T00:00:00.000Z,4791,FALSE,FALSE,FALSE,FALSE,FALSE,FALSE,FALSE,FALSE
7624,M,NDE,United States,NDE,english,12,2015-03-17T00:00:00.000Z,2011-02-22T00:00:00.000Z,6614,FALSE,FALSE,FALSE,TRUE,FALSE,FALSE,FALSE,FALSE
7625,M,NDE,United States,NDE,english,13,2015-03-17T00:00:00.000Z,2013-09-05T00:00:00.000Z,9275,TRUE,FALSE,FALSE,TRUE,FALSE,FALSE,FALSE,FALSE
7626,M,NDE,United States,NDE,english,16,2015-03-18T00:00:00.000Z,2015-01-23T00:00:00.000Z,4189,FALSE,FALSE,FALSE,TRUE,FALSE,FALSE,FALSE,FALSE
7628,F,Possible NDE,United States,Possible NDE,english,9,2015-03-19T00:00:00.000Z,2006-01-18T00:00:00.000Z,3646,FALSE,FALSE,FALSE,FALSE,FALSE,FALSE,FALSE,FALSE
7629,F,Possible NDE,United States,Possible NDE,english,8,2015-03-20T00:00:00.000Z,2014-01-18T00:00:00.000Z,3830,FALSE,FALSE,FALSE,TRUE,FALSE,TRUE,FALSE,FALSE
7630,M,Possible NDE,United States,Possible NDE,english,27,2015-03-22T00:00:00.000Z,1989-01-01T00:00:00.000Z,21339,FALSE,TRUE,FALSE,TRUE,FALSE,FALSE,TRUE,FALSE
7631,F,NDE,United States,NDEs,english,24,2015-03-23T00:00:00.000Z,1954-01-18T00:00:00.000Z,13601,TRUE,FALSE,FALSE,TRUE,FALSE,FALSE,FALSE,FALSE
7632,F,NDE,United States,NDE,english,15,2015-03-23T00:00:00.000Z,2011-01-19T00:00:00.000Z,4978,TRUE,FALSE,FALSE,TRUE,FALSE,FALSE,FALSE,FALSE
7635,M,NDE,Argentina,NDE,spanish,16,2015-03-25T00:00:00.000Z,1991-01-01T00:00:00.000Z,10532,TRUE,TRUE,FALSE,TRUE,FALSE,FALSE,FALSE,FALSE
7636,M,NDE,Argentina,NDE,spanish,21,2015-03-28T00:00:00.000Z,NA,10017,TRUE,FALSE,FALSE,FALSE,FALSE,FALSE,FALSE,FALSE
7639,F,Probable NDE,Argentina,Probable NDE,español,17,2015-03-30T00:00:00.000Z,1999-10-17T00:00:00.000Z,8721,TRUE,TRUE,FALSE,TRUE,FALSE,FALSE,FALSE,FALSE
7640,F,Probable NDE,United States,Probable NDE,english,15,2015-03-30T00:00:00.000Z,1979-12-18T00:00:00.000Z,8265,FALSE,TRUE,FALSE,TRUE,FALSE,FALSE,FALSE,FALSE
7641,M,NDE,England,NDE,english,15,2015-03-30T00:00:00.000Z,1975-02-28T00:00:00.000Z,9345,FALSE,TRUE,TRUE,TRUE,FALSE,FALSE,FALSE,FALSE
7645,F,Probable NDE,United States,Probable NDE,english,13,2015-04-04T00:00:00.000Z,2008-10-01T00:00:00.000Z,5422,FALSE,FALSE,FALSE,TRUE,FALSE,FALSE,FALSE,FALSE
7647,M,NDE,Australia,NDE,english,9,2015-04-05T00:00:00.000Z,1990-01-18T00:00:00.000Z,12010,TRUE,FALSE,FALSE,TRUE,TRUE,FALSE,FALSE,FALSE
7648,M,NDE,France,NDE,français,10,2015-04-06T00:00:00.000Z,1970-01-31T00:00:00.000Z,3314,FALSE,FALSE,FALSE,TRUE,FALSE,FALSE,FALSE,FALSE
7649,F,NDE,India,NDE,english,16,2015-04-06T00:00:00.000Z,NA,6639,FALSE,TRUE,FALSE,TRUE,FALSE,TRUE,FALSE,FALSE
7650,M,NDE,United States,NDE,english,20,2015-04-10T00:00:00.000Z,NA,20215,TRUE,TRUE,FALSE,TRUE,FALSE,TRUE,FALSE,FALSE
7653,F,Possible NDE,United States,Possible NDE,english,9,2015-04-10T00:00:00.000Z,1994-01-04T00:00:00.000Z,5022,FALSE,FALSE,FALSE,TRUE,FALSE,FALSE,FALSE,FALSE
7654,M,FDE,Japan,FDE,chinese,9,2015-04-11T00:00:00.000Z,NA,5475,TRUE,FALSE,FALSE,FALSE,FALSE,FALSE,FALSE,FALSE
7656,M,NDE,United States,NDE,english,13,2015-04-14T00:00:00.000Z,2014-11-26T00:00:00.000Z,5954,TRUE,FALSE,FALSE,TRUE,FALSE,FALSE,FALSE,FALSE
7657,M,Possible NDE,Argentina,Possible NDE,español,11,2015-04-14T00:00:00.000Z,1991-01-18T00:00:00.000Z,5410,FALSE,FALSE,FALSE,TRUE,FALSE,FALSE,FALSE,FALSE
7658,F,NDE,United Kingdom,NDE,english,24,2015-04-17T00:00:00.000Z,1986-11-20T00:00:00.000Z,17441,TRUE,FALSE,FALSE,TRUE,TRUE,FALSE,FALSE,FALSE
7660,F,Possible NDE,Firenze,Possible NDE,italiano,20,2015-04-18T00:00:00.000Z,1975-01-18T00:00:00.000Z,4289,FALSE,TRUE,FALSE,FALSE,FALSE,TRUE,FALSE,FALSE
7663,F,Possible NDE,Denmark,Possible NDE,english,22,2015-04-22T00:00:00.000Z,2010-01-18T00:00:00.000Z,16176,TRUE,TRUE,TRUE,TRUE,TRUE,FALSE,TRUE,FALSE
7667,M,NDE,Canada,NDE,english,21,2015-04-29T00:00:00.000Z,2012-03-12T00:00:00.000Z,10248,FALSE,FALSE,FALSE,TRUE,FALSE,FALSE,FALSE,FALSE
7668,M,NDE,Saudi Arabia,NDE,english,9,2015-05-05T00:00:00.000Z,1979-04-04T00:00:00.000Z,4729,TRUE,FALSE,FALSE,TRUE,FALSE,FALSE,FALSE,FALSE
7669,M,NDE,Canada,NDE,english,13,2015-05-07T00:00:00.000Z,1978-01-18T00:00:00.000Z,6824,TRUE,FALSE,FALSE,TRUE,FALSE,FALSE,FALSE,FALSE
7671,F,Possible NDE,United States,Anesthesia,english,22,2015-05-11T00:00:00.000Z,1981-01-18T00:00:00.000Z,9015,TRUE,FALSE,FALSE,TRUE,FALSE,FALSE,FALSE,FALSE
7673,F,NDE,United States,NDE,english,7,2015-05-12T00:00:00.000Z,1978-01-18T00:00:00.000Z,3551,TRUE,FALSE,FALSE,TRUE,TRUE,FALSE,FALSE,FALSE
7674,F,NDE,United States,NDEs,english,24,2015-05-14T00:00:00.000Z,2006-01-03T20:14:00.000Z,19126,TRUE,TRUE,FALSE,TRUE,FALSE,FALSE,FALSE,FALSE
7675,F,NDE,United States,NDE,english,17,2015-05-14T00:00:00.000Z,2013-10-10T00:00:00.000Z,14086,FALSE,FALSE,FALSE,TRUE,FALSE,FALSE,FALSE,FALSE
7676,F,NDE,South Africa,NDE,english,27,2015-05-15T00:00:00.000Z,2015-02-23T00:00:00.000Z,12718,FALSE,TRUE,FALSE,FALSE,FALSE,TRUE,TRUE,FALSE
7680,M,NDE,United States,NDE,english,12,2015-05-20T00:00:00.000Z,2007-11-28T00:00:00.000Z,8741,TRUE,FALSE,FALSE,TRUE,FALSE,FALSE,FALSE,FALSE
7685,M,Probable NDE,United States,Probable NDE,english,13,2015-05-29T00:00:00.000Z,NA,7074,TRUE,FALSE,TRUE,TRUE,FALSE,FALSE,TRUE,FALSE
7686,M,NDE,United States,NDE,english,15,2015-05-31T00:00:00.000Z,NA,8420,TRUE,FALSE,FALSE,TRUE,TRUE,FALSE,FALSE,FALSE
7687,M,Probable NDE,Iran,Probable NDE,farsi,8,2015-06-03T00:00:00.000Z,1994-03-01T00:00:00.000Z,4310,FALSE,FALSE,FALSE,TRUE,FALSE,FALSE,FALSE,FALSE
7688,F,Possible NDE,N,Seizure,english,14,2015-06-03T00:00:00.000Z,2014-04-11T00:00:00.000Z,6955,TRUE,TRUE,FALSE,TRUE,FALSE,FALSE,FALSE,FALSE
7691,F,NDE,United States,NDE,english,22,NA,NA,17823,TRUE,FALSE,FALSE,TRUE,FALSE,FALSE,FALSE,FALSE
7692,M,Possible NDE,Argentina,Possible NDE,español,10,2015-06-08T00:00:00.000Z,2010-11-17T00:00:00.000Z,7801,FALSE,FALSE,FALSE,TRUE,FALSE,TRUE,FALSE,FALSE
7693,M,NDE,United States,NDE,english,8,2015-06-09T00:00:00.000Z,1963-01-01T00:00:00.000Z,8345,TRUE,FALSE,FALSE,TRUE,FALSE,FALSE,FALSE,FALSE
7694,F,NDE,United States,NDE,english,10,2015-06-10T00:00:00.000Z,1969-04-23T00:00:00.000Z,11298,TRUE,FALSE,FALSE,TRUE,FALSE,FALSE,FALSE,FALSE
7695,M,Probable NDE,Italy,Probable NDE,italiano,10,2015-06-10T00:00:00.000Z,1994-01-01T00:00:00.000Z,5824,TRUE,FALSE,FALSE,TRUE,FALSE,FALSE,FALSE,FALSE
7696,M,NDE,school,NDE,english,9,2015-06-11T00:00:00.000Z,2004-01-18T00:00:00.000Z,3423,FALSE,FALSE,FALSE,TRUE,FALSE,FALSE,FALSE,FALSE
7698,M,NDE,United States,NDE,english,17,2015-06-11T00:00:00.000Z,2006-10-18T00:00:00.000Z,4402,TRUE,TRUE,FALSE,FALSE,FALSE,FALSE,FALSE,FALSE
7700,F,NDE,United States,NDE,english,25,2015-06-14T00:00:00.000Z,1991-06-20T00:00:00.000Z,9283,TRUE,TRUE,FALSE,TRUE,FALSE,FALSE,FALSE,FALSE
7701,M,NDE,India,NDE,english,10,2015-06-14T00:00:00.000Z,2010-12-08T00:00:00.000Z,4906,FALSE,FALSE,FALSE,TRUE,FALSE,FALSE,FALSE,TRUE
7703,F,Probable NDE,United States,Probable NDE,english,16,2015-06-16T00:00:00.000Z,2014-09-18T00:00:00.000Z,6697,TRUE,FALSE,FALSE,TRUE,FALSE,FALSE,FALSE,FALSE
7704,M,Possible NDE,United States,Possible NDE,english,18,2015-06-17T00:00:00.000Z,2014-09-04T00:00:00.000Z,4091,FALSE,FALSE,FALSE,TRUE,FALSE,FALSE,FALSE,FALSE
7709,M,NDE,United States,NDE,english,26,2015-06-22T00:00:00.000Z,2000-08-05T00:00:00.000Z,4221,FALSE,FALSE,FALSE,TRUE,FALSE,FALSE,FALSE,FALSE
7711,F,NDE,India,NDE,english,12,2015-06-22T00:00:00.000Z,1990-01-18T00:00:00.000Z,5634,TRUE,TRUE,FALSE,TRUE,TRUE,FALSE,FALSE,FALSE
7714,F,NDE,England,NDE,english,17,2015-06-24T00:00:00.000Z,1995-01-18T00:00:00.000Z,8397,FALSE,TRUE,FALSE,TRUE,FALSE,FALSE,FALSE,FALSE
7716,F,NDE,United States,NDE,english,10,2015-06-30T00:00:00.000Z,NA,6181,TRUE,FALSE,FALSE,TRUE,FALSE,FALSE,FALSE,FALSE
7717,F,NDE,United Kingdom,NDE,english,7,2015-07-01T00:00:00.000Z,1997-01-18T00:00:00.000Z,3959,TRUE,FALSE,FALSE,TRUE,FALSE,FALSE,FALSE,FALSE
7719,M,NDE,United States,NDE,english,16,2015-07-04T00:00:00.000Z,2012-06-12T00:00:00.000Z,5993,FALSE,FALSE,FALSE,TRUE,FALSE,FALSE,FALSE,FALSE
7722,F,Possible NDE,Colombia,Anesthesia,español,13,2015-07-09T00:00:00.000Z,2012-01-18T00:00:00.000Z,4602,FALSE,FALSE,FALSE,TRUE,FALSE,FALSE,FALSE,FALSE
7724,F,NDE,United States,NDE,english,21,2015-07-10T00:00:00.000Z,1966-10-18T00:00:00.000Z,15550,FALSE,FALSE,FALSE,TRUE,FALSE,FALSE,FALSE,FALSE
7725,M,Probable NDE,United States,NDE,english,15,2015-07-13T00:00:00.000Z,2013-11-08T00:00:00.000Z,2797,FALSE,FALSE,FALSE,TRUE,FALSE,FALSE,FALSE,FALSE
7726,M,NDE,Canada,NDE,english,14,2015-07-13T00:00:00.000Z,2004-12-24T00:00:00.000Z,5529,FALSE,TRUE,FALSE,TRUE,FALSE,FALSE,FALSE,FALSE
7727,M,Probable NDE,United States,Probable NDE,english,4,2015-07-14T00:00:00.000Z,2014-10-10T00:00:00.000Z,4394,FALSE,TRUE,FALSE,TRUE,FALSE,FALSE,FALSE,FALSE
7729,M,NDE,Netherlands,NDEs,nederlands,17,2014-07-24T00:00:00.000Z,2012-09-18T00:00:00.000Z,10093,FALSE,FALSE,FALSE,TRUE,FALSE,FALSE,TRUE,FALSE
7730,F,NDE,Australia,NDE,english,12,2014-07-24T00:00:00.000Z,2000-01-18T00:00:00.000Z,4675,FALSE,FALSE,FALSE,FALSE,FALSE,FALSE,FALSE,FALSE
7732,M,Probable NDE,United States,Probable NDE,english,15,2014-07-24T00:00:00.000Z,1999-02-18T00:00:00.000Z,6732,FALSE,FALSE,FALSE,TRUE,FALSE,FALSE,FALSE,FALSE
7733,F,Probable NDE,United States,Probable NDE,english,13,2014-07-24T00:00:00.000Z,1973-01-18T00:00:00.000Z,2518,FALSE,FALSE,FALSE,TRUE,FALSE,FALSE,FALSE,FALSE
7734,M,NDE,United States,NDE,english,13,2015-07-25T00:00:00.000Z,1973-07-04T00:00:00.000Z,5942,TRUE,FALSE,FALSE,TRUE,TRUE,FALSE,FALSE,FALSE
7737,M,NDE,United States,NDE,english,26,2015-07-31T00:00:00.000Z,1995-01-01T00:00:00.000Z,9512,TRUE,TRUE,FALSE,TRUE,FALSE,TRUE,TRUE,FALSE
7738,F,NDE,United States,NDE,english,17,2015-07-31T00:00:00.000Z,NA,6058,TRUE,FALSE,FALSE,TRUE,FALSE,FALSE,FALSE,FALSE
7739,M,NDE,Canada,NDE,francais,10,2015-08-01T00:00:00.000Z,2014-01-01T00:00:00.000Z,6143,FALSE,FALSE,FALSE,TRUE,FALSE,FALSE,FALSE,FALSE
7740,M,NDE,United States,NDE,english,9,2015-08-02T00:00:00.000Z,2015-07-30T00:00:00.000Z,5088,TRUE,FALSE,FALSE,TRUE,FALSE,FALSE,FALSE,FALSE
7741,F,Probable NDE,France,Probable NDE,francais,15,2015-08-02T00:00:00.000Z,2015-04-24T00:00:00.000Z,6626,FALSE,FALSE,FALSE,TRUE,FALSE,FALSE,FALSE,FALSE
7743,M,NDE,United States,NDE,english,28,2015-08-04T00:00:00.000Z,1981-01-01T00:00:00.000Z,19300,FALSE,TRUE,FALSE,TRUE,FALSE,TRUE,TRUE,FALSE
7744,F,Probable NDE,Canada,Probable NDE,english,19,2015-08-05T00:00:00.000Z,1963-01-18T00:00:00.000Z,5036,FALSE,TRUE,FALSE,TRUE,FALSE,FALSE,FALSE,FALSE
7745,M,NDE,United States,NDE,english,6,2015-08-06T00:00:00.000Z,2003-01-22T00:00:00.000Z,3270,FALSE,FALSE,FALSE,TRUE,FALSE,FALSE,FALSE,FALSE
7746,F,NDE,United States,NDE,english,13,2015-08-10T00:00:00.000Z,2004-03-01T00:00:00.000Z,5348,TRUE,FALSE,FALSE,TRUE,TRUE,FALSE,FALSE,FALSE
7747,F,NDE,United States,NDE,english,25,2015-08-10T00:00:00.000Z,1973-01-18T00:00:00.000Z,11582,TRUE,FALSE,TRUE,TRUE,FALSE,TRUE,FALSE,FALSE
7748,M,Drug,Canada,Drug Experience,english,18,2015-08-11T00:00:00.000Z,2006-10-18T00:00:00.000Z,17200,TRUE,FALSE,TRUE,TRUE,FALSE,FALSE,FALSE,FALSE
7749,M,Probable NDE,United Kingdom,Probable NDE,english,11,2015-08-14T00:00:00.000Z,2013-10-03T00:00:00.000Z,6143,TRUE,FALSE,FALSE,TRUE,FALSE,FALSE,FALSE,FALSE
7750,F,NDE,United States,NDE,english,17,2015-08-15T00:00:00.000Z,2005-10-29T00:00:00.000Z,5579,TRUE,TRUE,FALSE,TRUE,TRUE,FALSE,FALSE,FALSE
7751,M,NDE,Argentina,NDE,español,8,2015-08-15T00:00:00.000Z,1987-01-18T00:00:00.000Z,4464,FALSE,FALSE,FALSE,TRUE,FALSE,FALSE,FALSE,FALSE
7752,F,NDE,United States,NDE,english,13,2015-08-15T00:00:00.000Z,1988-08-18T00:00:00.000Z,3784,FALSE,FALSE,FALSE,TRUE,FALSE,FALSE,FALSE,FALSE
7753,F,NDE,Italy,NDE,italiano,18,2015-08-16T00:00:00.000Z,2013-12-14T00:00:00.000Z,3714,FALSE,FALSE,FALSE,TRUE,FALSE,FALSE,FALSE,FALSE
7755,M,NDE,France,NDE,français,12,2015-08-20T00:00:00.000Z,1994-01-18T00:00:00.000Z,2405,TRUE,FALSE,FALSE,TRUE,FALSE,FALSE,FALSE,FALSE
7756,M,NDE,France,NDE,français,9,2015-08-20T00:00:00.000Z,1990-01-01T00:00:00.000Z,3194,TRUE,FALSE,FALSE,TRUE,FALSE,FALSE,FALSE,FALSE
7759,M,Probable NDE,United States,Probable NDE,english,14,2015-08-20T00:00:00.000Z,NA,4248,FALSE,FALSE,FALSE,TRUE,FALSE,FALSE,FALSE,FALSE
7760,F,NDE,Brazil,NDE,english,21,2015-08-21T00:00:00.000Z,2003-12-18T00:00:00.000Z,13683,FALSE,FALSE,FALSE,FALSE,TRUE,FALSE,FALSE,FALSE
7761,M,Probable NDE,United States,Probable NDE,english,9,2015-08-22T00:00:00.000Z,2014-01-03T00:00:00.000Z,2507,TRUE,FALSE,FALSE,TRUE,FALSE,FALSE,FALSE,FALSE
7762,F,Probable NDE,Germany,Probable NDE,deutsch,11,2015-08-23T00:00:00.000Z,1970-01-01T00:00:00.000Z,19350,TRUE,FALSE,FALSE,TRUE,FALSE,FALSE,FALSE,FALSE
7763,F,NDE,France,NDE,corinne,6,2015-08-24T00:00:00.000Z,2007-01-18T00:00:00.000Z,5312,TRUE,FALSE,FALSE,TRUE,TRUE,FALSE,FALSE,FALSE
7764,M,NDE,United States,NDE,english,12,2015-08-28T00:00:00.000Z,2015-08-20T00:00:00.000Z,10608,FALSE,FALSE,FALSE,FALSE,FALSE,FALSE,FALSE,FALSE
7766,F,NDE,United States,Possible NDEs,english,14,2015-08-29T00:00:00.000Z,1979-01-18T00:00:00.000Z,5648,FALSE,FALSE,FALSE,FALSE,FALSE,FALSE,FALSE,FALSE
7768,M,Probable NDE,United States,Probable NDE,english,20,2015-08-31T00:00:00.000Z,1987-01-18T00:00:00.000Z,5097,TRUE,TRUE,FALSE,TRUE,FALSE,FALSE,FALSE,FALSE
7771,F,NDE,United States,NDE,english,28,2015-09-04T00:00:00.000Z,1968-12-06T00:00:00.000Z,8806,TRUE,FALSE,FALSE,TRUE,TRUE,FALSE,FALSE,FALSE
7772,F,NDE,United States,NDE,english,22,2015-09-05T00:00:00.000Z,1967-01-18T00:00:00.000Z,7010,TRUE,FALSE,FALSE,TRUE,TRUE,FALSE,FALSE,FALSE
7773,F,NDE,Italy,NDE,italiano,5,2015-09-05T00:00:00.000Z,1978-01-01T00:00:00.000Z,4086,TRUE,FALSE,FALSE,TRUE,FALSE,FALSE,FALSE,FALSE
7774,F,Probable NDE,Romania,Probable NDE,english,14,2015-09-07T00:00:00.000Z,2005-12-25T00:00:00.000Z,6909,FALSE,FALSE,TRUE,TRUE,FALSE,FALSE,FALSE,FALSE
7775,F,NDE,United States,NDE,english,10,2015-09-07T00:00:00.000Z,2015-08-25T00:00:00.000Z,7464,FALSE,FALSE,FALSE,TRUE,FALSE,FALSE,FALSE,FALSE
7777,M,Anesthesia,France,Anesthesia,français,5,2015-09-07T00:00:00.000Z,1974-01-01T00:00:00.000Z,5828,TRUE,FALSE,FALSE,TRUE,FALSE,FALSE,FALSE,FALSE
7779,M,NDE,United States,NDE,english,20,2015-09-17T00:00:00.000Z,1991-10-21T00:00:00.000Z,8473,FALSE,FALSE,FALSE,TRUE,FALSE,FALSE,FALSE,FALSE
7780,M,NDE,United States,NDE,english,29,2015-09-18T00:00:00.000Z,1969-01-01T00:00:00.000Z,6472,TRUE,FALSE,FALSE,TRUE,FALSE,FALSE,TRUE,TRUE
7785,M,NDE,Mexico,NDE,english,10,2015-09-20T00:00:00.000Z,2005-01-01T00:00:00.000Z,6818,TRUE,FALSE,FALSE,TRUE,FALSE,FALSE,FALSE,FALSE
7786,M,FDE,U,FDE,english,16,2015-09-22T00:00:00.000Z,2015-09-19T00:00:00.000Z,3483,FALSE,FALSE,FALSE,FALSE,FALSE,FALSE,FALSE,FALSE
7787,M,Probable NDE,Australia,Probable NDE,english,15,2015-09-23T00:00:00.000Z,2014-01-01T00:00:00.000Z,10089,FALSE,TRUE,TRUE,FALSE,FALSE,FALSE,FALSE,FALSE
7791,F,NDE,United States,NDE,english,15,2015-09-29T00:00:00.000Z,1978-06-16T00:00:00.000Z,6035,TRUE,FALSE,FALSE,TRUE,TRUE,FALSE,FALSE,FALSE
7795,F,NDE,United States,NDE,english,28,2015-10-02T00:00:00.000Z,2015-01-20T00:00:00.000Z,10994,TRUE,FALSE,FALSE,TRUE,TRUE,FALSE,FALSE,FALSE
7796,M,Probable NDE,Italy,Probable NDE,italiana,6,2015-10-05T00:00:00.000Z,1984-01-18T00:00:00.000Z,1937,TRUE,FALSE,FALSE,TRUE,FALSE,FALSE,FALSE,FALSE
7799,F,NDE,United States,NDE,english,18,2015-10-06T00:00:00.000Z,1985-01-18T00:00:00.000Z,7293,TRUE,TRUE,TRUE,TRUE,FALSE,FALSE,FALSE,FALSE
7803,F,NDE,Netherlands,NDE,nederlands,2,2015-10-08T00:00:00.000Z,1975-01-18T00:00:00.000Z,4880,FALSE,FALSE,FALSE,FALSE,FALSE,FALSE,FALSE,FALSE
7804,F,NDE,United States,NDE,english,14,2015-10-10T00:00:00.000Z,2015-10-18T00:00:00.000Z,3763,TRUE,FALSE,FALSE,TRUE,TRUE,FALSE,FALSE,FALSE
7805,F,NDE,Netherlands,NDE,english,13,2015-10-10T00:00:00.000Z,2005-01-18T00:00:00.000Z,6978,FALSE,FALSE,FALSE,TRUE,FALSE,FALSE,FALSE,FALSE
7810,M,NDE,United States,NDE,english,15,2015-10-14T00:00:00.000Z,2015-02-16T00:00:00.000Z,7492,FALSE,TRUE,TRUE,TRUE,FALSE,FALSE,FALSE,FALSE
7812,F,NDE,United States,NDE,english,23,2015-10-19T00:00:00.000Z,1995-06-12T00:00:00.000Z,16663,FALSE,FALSE,FALSE,TRUE,FALSE,FALSE,FALSE,FALSE
7813,M,FDE,United States,FDE,english,3,2015-10-20T00:00:00.000Z,1958-01-01T00:00:00.000Z,5924,TRUE,FALSE,FALSE,TRUE,FALSE,FALSE,FALSE,FALSE
7815,F,NDE,Spain,NDE,française,14,2015-10-20T00:00:00.000Z,1977-01-18T00:00:00.000Z,10160,TRUE,FALSE,FALSE,TRUE,FALSE,FALSE,FALSE,FALSE
7816,M,NDE,United States,NDE,english,9,2015-10-21T00:00:00.000Z,1997-10-10T00:00:00.000Z,4911,TRUE,FALSE,FALSE,TRUE,FALSE,FALSE,FALSE,FALSE
7817,F,NDE,United States,NDE,english,8,2015-10-24T00:00:00.000Z,NA,7374,TRUE,FALSE,FALSE,TRUE,FALSE,FALSE,FALSE,FALSE
7818,F,NDE,Belgium,NDE,français,16,2015-10-24T00:00:00.000Z,1994-01-01T00:00:00.000Z,3501,TRUE,FALSE,FALSE,TRUE,FALSE,FALSE,FALSE,FALSE
7823,M,Possible NDE,Zaragoza,Possible NDE,español,19,2015-10-25T00:00:00.000Z,2012-10-21T00:00:00.000Z,10409,TRUE,TRUE,FALSE,TRUE,FALSE,FALSE,FALSE,FALSE
7824,F,Probable NDE,United States,Probable NDE,english,14,2015-10-25T00:00:00.000Z,1994-06-16T00:00:00.000Z,4292,FALSE,FALSE,FALSE,FALSE,FALSE,FALSE,FALSE,FALSE
7825,M,FDE,Peru,FDE,spanish,11,2015-10-26T00:00:00.000Z,2014-08-28T00:00:00.000Z,7538,TRUE,FALSE,FALSE,TRUE,FALSE,FALSE,FALSE,FALSE
7826,F,NDE,Italy,NDE,italiano,17,2015-10-26T00:00:00.000Z,2014-01-01T00:00:00.000Z,8929,TRUE,FALSE,FALSE,TRUE,FALSE,FALSE,FALSE,FALSE
7831,M,Possible NDE,Australia,Possible NDE,english,8,2015-11-07T00:00:00.000Z,2008-03-12T00:00:00.000Z,5794,TRUE,FALSE,TRUE,TRUE,FALSE,FALSE,FALSE,FALSE
7832,M,NDE,United States,NDE,english,15,2015-11-07T00:00:00.000Z,1976-06-18T00:00:00.000Z,3307,TRUE,FALSE,FALSE,TRUE,FALSE,FALSE,FALSE,FALSE
7833,M,Probable NDE,United States,Probable NDE,english,12,2015-11-07T00:00:00.000Z,2010-05-18T00:00:00.000Z,7137,TRUE,FALSE,TRUE,TRUE,FALSE,FALSE,FALSE,FALSE
7834,M,NDE,United States,NDE,english,16,2015-11-09T00:00:00.000Z,1971-07-18T00:00:00.000Z,11133,TRUE,TRUE,FALSE,TRUE,FALSE,FALSE,FALSE,FALSE
7835,F,Possible NDE,France,Possible NDE,français,12,2015-11-10T00:00:00.000Z,2015-01-01T00:00:00.000Z,4764,FALSE,TRUE,FALSE,FALSE,FALSE,FALSE,FALSE,FALSE
7836,F,NDE,France,NDE,francais,19,2015-11-12T00:00:00.000Z,2006-10-18T00:00:00.000Z,8707,TRUE,FALSE,FALSE,TRUE,FALSE,FALSE,FALSE,FALSE
7837,F,Probable NDE,United States,Probable NDE,english,14,2015-11-12T00:00:00.000Z,2001-01-01T00:00:00.000Z,2925,FALSE,FALSE,FALSE,TRUE,FALSE,FALSE,FALSE,FALSE
7839,F,NDE,United States,NDE,english,22,2015-11-16T00:00:00.000Z,2015-10-19T00:00:00.000Z,9759,FALSE,FALSE,FALSE,TRUE,FALSE,FALSE,FALSE,FALSE
7841,F,NDE,United States,NDE,english,19,2015-11-17T00:00:00.000Z,1979-01-18T00:00:00.000Z,8875,FALSE,TRUE,FALSE,TRUE,FALSE,FALSE,FALSE,FALSE
7845,M,FDE,I,FDE,italiano,13,2015-11-23T00:00:00.000Z,1983-01-18T00:00:00.000Z,7303,FALSE,FALSE,FALSE,TRUE,FALSE,FALSE,FALSE,FALSE
7847,M,NDE,Nigeria,NDEs,francais,13,2015-11-23T00:00:00.000Z,1981-01-01T00:00:00.000Z,5505,FALSE,TRUE,FALSE,TRUE,FALSE,FALSE,FALSE,FALSE
7848,F,NDE,France,NDE,french,17,2015-11-30T00:00:00.000Z,2008-01-18T00:00:00.000Z,6174,FALSE,FALSE,FALSE,TRUE,FALSE,FALSE,FALSE,FALSE
7849,M,Probable NDE,Mexico,Probable NDE,english,19,2015-11-30T00:00:00.000Z,1993-09-11T00:00:00.000Z,8644,FALSE,TRUE,FALSE,TRUE,TRUE,FALSE,FALSE,FALSE
7850,F,NDE,United States,NDE,english,4,2015-12-01T00:00:00.000Z,2015-10-24T00:00:00.000Z,3139,TRUE,FALSE,FALSE,TRUE,TRUE,FALSE,FALSE,FALSE
7852,F,NDE,France,NDE,français,23,2015-12-04T00:00:00.000Z,2009-01-01T00:00:00.000Z,17520,TRUE,FALSE,FALSE,TRUE,FALSE,FALSE,FALSE,FALSE
7853,M,NDE,United States,NDE,english,16,NA,NA,11802,TRUE,FALSE,FALSE,TRUE,FALSE,FALSE,FALSE,FALSE
7854,F,Probable NDE,United States,Probable NDE,english,9,2015-12-08T00:00:00.000Z,1978-01-18T00:00:00.000Z,14209,FALSE,FALSE,FALSE,TRUE,FALSE,FALSE,FALSE,FALSE
7855,M,NDE,United States,NDE,english,26,2015-12-11T00:00:00.000Z,1987-09-27T00:00:00.000Z,37900,FALSE,TRUE,FALSE,TRUE,FALSE,FALSE,FALSE,FALSE
7857,M,NDE,United States,NDE,english,16,2015-12-13T00:00:00.000Z,1976-07-18T00:00:00.000Z,4546,FALSE,FALSE,FALSE,TRUE,FALSE,FALSE,FALSE,FALSE
7858,M,NDE,United States,NDE,english,13,2015-12-13T00:00:00.000Z,2010-08-25T00:00:00.000Z,4466,FALSE,FALSE,FALSE,TRUE,FALSE,FALSE,FALSE,FALSE
7859,M,Probable NDE,United States,NDE,english,17,2015-12-14T00:00:00.000Z,2011-03-15T00:00:00.000Z,8498,FALSE,TRUE,TRUE,TRUE,FALSE,FALSE,FALSE,FALSE
7863,F,NDE,United States,NDE,english,21,NA,NA,14861,FALSE,FALSE,FALSE,FALSE,FALSE,FALSE,FALSE,FALSE
7864,M,NDE,New Zealand,NDE,english,5,2015-12-25T00:00:00.000Z,2013-01-18T00:00:00.000Z,3177,FALSE,FALSE,FALSE,TRUE,FALSE,FALSE,FALSE,FALSE
7865,F,NDE,United States,NDE,english,22,2017-08-01T00:00:00.000Z,1969-01-18T00:00:00.000Z,6041,FALSE,FALSE,FALSE,TRUE,FALSE,FALSE,FALSE,FALSE
7866,M,Probable NDE,Spain,Probable NDE,english,7,2015-12-25T00:00:00.000Z,1996-03-06T00:00:00.000Z,4497,TRUE,FALSE,FALSE,TRUE,FALSE,FALSE,FALSE,FALSE
7869,M,NDE,United States,NDEs,english,18,2013-05-03T00:00:00.000Z,2005-01-01T00:00:00.000Z,67799,TRUE,FALSE,FALSE,TRUE,TRUE,TRUE,FALSE,FALSE
7872,F,Probable NDE,United States,Probable NDE,english,22,2016-01-06T00:00:00.000Z,2015-10-19T00:00:00.000Z,9076,FALSE,FALSE,FALSE,TRUE,FALSE,TRUE,FALSE,FALSE
7873,F,NDE,United States,NDE,english,24,2016-01-26T00:00:00.000Z,2015-09-02T00:00:00.000Z,22081,FALSE,TRUE,FALSE,TRUE,FALSE,FALSE,FALSE,FALSE
7876,M,Probable NDE,Canada,Probable NDE,english,11,2016-01-10T00:00:00.000Z,2003-03-18T00:00:00.000Z,5318,TRUE,TRUE,FALSE,FALSE,FALSE,TRUE,FALSE,FALSE
7878,M,Probable NDE,Canada,Secondhand Probable NDE,english,9,2016-01-10T00:00:00.000Z,1970-01-01T00:00:00.000Z,5287,TRUE,FALSE,FALSE,TRUE,FALSE,FALSE,FALSE,FALSE
7879,F,NDE,France,NDE,français,21,2016-01-11T00:00:00.000Z,1981-01-18T00:00:00.000Z,9048,FALSE,TRUE,FALSE,FALSE,FALSE,FALSE,TRUE,FALSE
7880,M,NDE,United States,NDE,english,17,2016-01-11T00:00:00.000Z,2015-07-01T00:00:00.000Z,5953,FALSE,FALSE,FALSE,TRUE,FALSE,FALSE,FALSE,FALSE
7881,M,Possible NDE,United States,Possible NDE,english,19,2016-01-12T00:00:00.000Z,2000-08-14T00:00:00.000Z,3485,FALSE,TRUE,FALSE,TRUE,FALSE,FALSE,FALSE,FALSE
7883,F,NDE,Romania,NDE,italiana,16,2016-01-13T00:00:00.000Z,1988-12-17T00:00:00.000Z,8121,FALSE,TRUE,FALSE,TRUE,FALSE,FALSE,FALSE,FALSE
7885,F,NDE,South Africa,NDE,english,13,2016-01-17T00:00:00.000Z,1999-02-18T00:00:00.000Z,13653,TRUE,FALSE,FALSE,TRUE,FALSE,FALSE,FALSE,FALSE
7887,F,NDE,United States,NDE,english,12,2016-01-17T00:00:00.000Z,2013-05-19T00:00:00.000Z,3713,TRUE,FALSE,FALSE,TRUE,FALSE,FALSE,FALSE,FALSE
7888,F,NDE,United States,NDE,english,9,2016-01-19T00:00:00.000Z,1993-01-18T00:00:00.000Z,6111,TRUE,TRUE,FALSE,TRUE,FALSE,FALSE,FALSE,FALSE
7889,F,NDE,Poland,NDE,polski,25,2016-01-20T00:00:00.000Z,2013-05-22T00:00:00.000Z,8575,TRUE,FALSE,FALSE,TRUE,TRUE,FALSE,FALSE,FALSE
7890,M,NDE,United States,NDE,english,17,2016-01-20T00:00:00.000Z,2000-01-18T00:00:00.000Z,9012,TRUE,FALSE,FALSE,TRUE,FALSE,FALSE,FALSE,FALSE
7892,F,NDE,United States,NDE,english,14,2016-01-22T00:00:00.000Z,1973-01-18T00:00:00.000Z,5873,TRUE,FALSE,TRUE,TRUE,FALSE,TRUE,FALSE,FALSE
7893,F,NDE,United States,NDE,english,24,2016-01-26T00:00:00.000Z,2015-09-02T00:00:00.000Z,22081,FALSE,TRUE,FALSE,TRUE,FALSE,FALSE,FALSE,FALSE
7894,M,Possible NDE,United Kingdom,Possible NDE,english,22,2016-01-28T00:00:00.000Z,2011-05-06T00:00:00.000Z,6330,FALSE,TRUE,FALSE,TRUE,FALSE,FALSE,FALSE,FALSE
7895,F,Probable NDE,United States,Probable NDE,english or spanish,20,2016-01-30T00:00:00.000Z,2013-06-18T00:00:00.000Z,11176,FALSE,TRUE,FALSE,TRUE,FALSE,TRUE,FALSE,FALSE
7896,F,NDE,Mexico,NDE,español,15,2016-01-30T00:00:00.000Z,1997-01-18T00:00:00.000Z,9204,TRUE,FALSE,FALSE,FALSE,FALSE,FALSE,FALSE,FALSE
7901,F,NDE,United Kingdom,NDE,english,3,2016-01-31T00:00:00.000Z,2014-05-30T00:00:00.000Z,5124,TRUE,FALSE,FALSE,FALSE,FALSE,FALSE,FALSE,FALSE
7902,M,NDE,Croatia,NDE,hrvatski,7,2016-02-03T00:00:00.000Z,1996-01-18T00:00:00.000Z,2354,TRUE,FALSE,FALSE,TRUE,FALSE,FALSE,FALSE,FALSE
7903,F,NDE,United Kingdom,NDE,english,14,2016-02-03T00:00:00.000Z,1987-11-27T00:00:00.000Z,5962,TRUE,FALSE,FALSE,TRUE,FALSE,FALSE,FALSE,FALSE
7906,F,NDE,India,NDEs,english,5,2016-02-10T00:00:00.000Z,1993-10-03T00:00:00.000Z,2956,FALSE,FALSE,FALSE,FALSE,FALSE,FALSE,FALSE,FALSE
7910,F,NDE,Australia,NDE,english,19,2016-02-15T00:00:00.000Z,2002-02-16T00:00:00.000Z,9016,FALSE,FALSE,FALSE,TRUE,FALSE,FALSE,FALSE,FALSE
7912,M,Probable NDE,Cyprus,Probable NDE,english,5,2016-02-16T00:00:00.000Z,2009-07-18T00:00:00.000Z,9792,TRUE,FALSE,FALSE,FALSE,FALSE,FALSE,FALSE,FALSE
7913,F,NDE,United Kingdom,NDE,english,28,2016-02-16T00:00:00.000Z,2006-01-18T00:00:00.000Z,7178,FALSE,TRUE,FALSE,TRUE,FALSE,FALSE,FALSE,FALSE
7914,M,Possible NDE,Hungary,Possible NDE,magyar,11,2016-02-21T00:00:00.000Z,1984-01-18T00:00:00.000Z,4832,TRUE,FALSE,FALSE,TRUE,TRUE,FALSE,FALSE,FALSE
7915,M,Probable NDE,Valparaíso,Probable NDE,español,12,2016-03-02T00:00:00.000Z,2009-11-18T00:00:00.000Z,4139,TRUE,FALSE,TRUE,TRUE,FALSE,FALSE,FALSE,FALSE
7916,F,NDE,France,NDE,français,16,2016-03-02T00:00:00.000Z,1996-01-18T00:00:00.000Z,5319,TRUE,FALSE,FALSE,TRUE,FALSE,FALSE,FALSE,FALSE
7917,F,NDE,United States,NDE,english,14,2016-03-03T00:00:00.000Z,2001-06-18T00:00:00.000Z,4757,FALSE,FALSE,FALSE,TRUE,FALSE,FALSE,TRUE,FALSE
7918,M,NDE,United States,NDE,english,9,2016-03-03T00:00:00.000Z,1979-01-01T00:00:00.000Z,8705,FALSE,FALSE,FALSE,FALSE,FALSE,FALSE,FALSE,FALSE
7919,M,NDE,United States,NDE,english,13,2016-03-04T00:00:00.000Z,2008-08-22T00:00:00.000Z,10747,FALSE,FALSE,FALSE,TRUE,FALSE,FALSE,FALSE,FALSE
7922,F,NDE,Canada,NDE,english,18,2016-03-08T00:00:00.000Z,1969-06-18T00:00:00.000Z,9296,TRUE,FALSE,FALSE,TRUE,TRUE,FALSE,FALSE,FALSE
7923,F,NDE,United States,NDE,english,11,2016-03-08T00:00:00.000Z,1953-01-18T00:00:00.000Z,3812,TRUE,FALSE,FALSE,TRUE,TRUE,FALSE,FALSE,FALSE
7924,M,NDE,United States,NDE,english,15,2016-03-11T00:00:00.000Z,1992-01-18T00:00:00.000Z,5682,TRUE,TRUE,FALSE,TRUE,FALSE,FALSE,FALSE,FALSE
7925,F,NDE,United States,NDE,english,22,2016-03-15T00:00:00.000Z,2005-01-18T00:00:00.000Z,33758,FALSE,TRUE,FALSE,TRUE,FALSE,FALSE,TRUE,FALSE
7926,M,Probable NDE,Italy,Probable NDE,italian,8,2016-03-16T00:00:00.000Z,2015-06-25T00:00:00.000Z,10715,FALSE,FALSE,TRUE,TRUE,FALSE,FALSE,FALSE,FALSE
7927,F,NDE,United States,NDE,english,13,2016-03-17T00:00:00.000Z,NA,4832,FALSE,FALSE,FALSE,TRUE,FALSE,FALSE,FALSE,FALSE
7930,M,NDE,United States,NDE,english,23,2016-03-23T00:00:00.000Z,1981-01-18T00:00:00.000Z,12892,TRUE,FALSE,FALSE,FALSE,TRUE,FALSE,FALSE,FALSE
7931,F,NDE-Like,United States,NDE-Like,english,14,2016-03-23T00:00:00.000Z,2014-01-15T00:00:00.000Z,14818,FALSE,TRUE,FALSE,TRUE,FALSE,FALSE,FALSE,FALSE
7936,F,NDE,United States,NDE,english,15,2016-03-27T00:00:00.000Z,2008-12-24T00:00:00.000Z,10707,TRUE,FALSE,FALSE,TRUE,TRUE,FALSE,FALSE,FALSE
7937,F,Possible NDE,Iran,Possible NDE,persian,7,2016-03-27T00:00:00.000Z,NA,5222,FALSE,FALSE,TRUE,FALSE,FALSE,FALSE,FALSE,FALSE
7938,F,Probable NDE,Australia,Probable NDE,english,28,2016-03-27T00:00:00.000Z,1967-01-18T00:00:00.000Z,7714,TRUE,FALSE,FALSE,TRUE,FALSE,FALSE,TRUE,FALSE
7940,F,NDE,Russia,NDE,russian,11,2016-03-27T00:00:00.000Z,1997-01-01T00:00:00.000Z,4351,TRUE,FALSE,FALSE,TRUE,FALSE,FALSE,FALSE,FALSE
7942,F,NDE,France,NDE,française,16,2016-03-29T00:00:00.000Z,2012-02-04T00:00:00.000Z,7714,TRUE,FALSE,FALSE,TRUE,FALSE,FALSE,FALSE,FALSE
7943,F,Possible NDE,United States,Possible NDE,english,11,2016-03-30T00:00:00.000Z,1962-12-18T00:00:00.000Z,2887,TRUE,FALSE,FALSE,TRUE,FALSE,FALSE,FALSE,FALSE
7945,F,NDE,United States,NDE,english,4,2016-04-02T00:00:00.000Z,2016-03-29T00:00:00.000Z,4919,FALSE,FALSE,FALSE,TRUE,FALSE,FALSE,FALSE,FALSE
7951,F,NDE,United States,NDE,english,19,2016-04-10T00:00:00.000Z,1985-07-18T00:00:00.000Z,9122,TRUE,TRUE,FALSE,TRUE,FALSE,FALSE,FALSE,FALSE
7952,M,Probable NDE,United States,Probable NDE,english,8,2016-04-11T00:00:00.000Z,2015-08-31T00:00:00.000Z,9720,FALSE,FALSE,FALSE,TRUE,FALSE,FALSE,FALSE,FALSE
7953,F,NDE,Hobbs,NDE,english,10,2016-04-12T00:00:00.000Z,2014-05-18T00:00:00.000Z,5374,FALSE,FALSE,FALSE,TRUE,FALSE,FALSE,FALSE,FALSE
7955,F,NDE,Ecuador,NDE,español,5,2016-04-14T00:00:00.000Z,1977-01-18T00:00:00.000Z,4583,TRUE,FALSE,FALSE,TRUE,TRUE,FALSE,FALSE,FALSE
7957,F,NDE,Portugal,NDE,português,16,2016-04-17T00:00:00.000Z,1989-01-01T00:00:00.000Z,8585,FALSE,TRUE,FALSE,TRUE,FALSE,FALSE,FALSE,FALSE
7958,F,NDE,United States,NDE,english,26,2016-04-19T00:00:00.000Z,2000-07-20T00:00:00.000Z,7944,TRUE,FALSE,FALSE,TRUE,FALSE,FALSE,FALSE,FALSE
7959,M,NDE,Germany,NDE,german,13,2016-04-19T00:00:00.000Z,2016-07-04T00:00:00.000Z,3197,TRUE,TRUE,FALSE,TRUE,FALSE,FALSE,FALSE,FALSE
7961,F,NDE-Like,United States,NDE-Like,english,11,2016-04-19T00:00:00.000Z,1997-06-18T00:00:00.000Z,12747,FALSE,FALSE,FALSE,FALSE,FALSE,FALSE,FALSE,FALSE
7962,F,NDE,United States,NDE,english,11,2016-04-19T00:00:00.000Z,NA,12813,TRUE,FALSE,FALSE,TRUE,FALSE,FALSE,TRUE,FALSE
7963,M,NDE,United States,NDE,english,14,2016-04-20T00:00:00.000Z,1982-04-15T00:00:00.000Z,7041,TRUE,FALSE,FALSE,TRUE,FALSE,FALSE,FALSE,FALSE
7964,F,FDE,Australia,FDE,english,10,2016-04-21T00:00:00.000Z,1990-01-18T00:00:00.000Z,8076,TRUE,FALSE,FALSE,TRUE,FALSE,FALSE,FALSE,FALSE
7965,F,NDE,Finland,NDE,english,7,2016-04-25T00:00:00.000Z,1992-02-18T00:00:00.000Z,9760,TRUE,FALSE,FALSE,FALSE,TRUE,FALSE,FALSE,FALSE
7966,M,NDE,Italy,NDE,italiano,13,2016-04-25T00:00:00.000Z,2009-11-22T00:00:00.000Z,5065,FALSE,FALSE,FALSE,TRUE,FALSE,FALSE,FALSE,FALSE
7968,M,NDE,France,NDE,française,9,2016-04-27T00:00:00.000Z,1976-02-10T00:00:00.000Z,4790,TRUE,FALSE,FALSE,TRUE,TRUE,FALSE,FALSE,FALSE
7970,M,NDE,France,NDE,française,18,2016-04-28T00:00:00.000Z,1985-01-18T00:00:00.000Z,6864,TRUE,FALSE,FALSE,TRUE,TRUE,FALSE,FALSE,FALSE
7971,F,NDE,United States,NDE,english,20,2016-04-28T00:00:00.000Z,2013-05-30T00:00:00.000Z,9911,TRUE,TRUE,FALSE,TRUE,FALSE,FALSE,FALSE,FALSE
7972,F,NDE,Iran,NDE,persian,11,NA,NA,8037,TRUE,FALSE,FALSE,TRUE,FALSE,FALSE,FALSE,FALSE
7975,F,NDE,Peru,NDE,español,14,2016-05-01T00:00:00.000Z,1989-01-18T00:00:00.000Z,4762,TRUE,FALSE,FALSE,FALSE,TRUE,FALSE,FALSE,FALSE
7976,M,Possible NDE,United States,Possible NDE,english,19,2016-05-02T00:00:00.000Z,2014-01-18T00:00:00.000Z,7345,TRUE,TRUE,FALSE,TRUE,TRUE,FALSE,FALSE,FALSE
7977,F,NDE,United States,NDE,english,16,2016-05-02T00:00:00.000Z,2013-04-18T00:00:00.000Z,2968,TRUE,FALSE,FALSE,TRUE,FALSE,FALSE,FALSE,FALSE
7979,F,NDE,France,NDE,français,18,2016-05-05T00:00:00.000Z,1976-01-01T00:00:00.000Z,5689,TRUE,FALSE,FALSE,TRUE,FALSE,FALSE,FALSE,FALSE
7980,F,NDE,China,NDE,chinese,15,2016-05-05T00:00:00.000Z,1997-01-18T00:00:00.000Z,5707,TRUE,FALSE,FALSE,TRUE,FALSE,FALSE,FALSE,FALSE
7981,M,NDE,United States,NDE,english,25,2016-05-06T00:00:00.000Z,2001-11-18T00:00:00.000Z,13001,FALSE,TRUE,FALSE,TRUE,TRUE,FALSE,FALSE,FALSE
7985,F,NDE,Turkey,NDE,english,12,2016-05-10T00:00:00.000Z,1988-05-18T00:00:00.000Z,6484,FALSE,FALSE,FALSE,TRUE,FALSE,FALSE,FALSE,FALSE
7988,F,Possible NDE,Canada,Possible NDE,francais,15,2016-05-12T00:00:00.000Z,2011-02-25T00:00:00.000Z,6173,FALSE,FALSE,FALSE,TRUE,FALSE,FALSE,FALSE,FALSE
7990,M,NDE,United States,NDE,english,16,2016-05-12T00:00:00.000Z,2015-01-12T00:00:00.000Z,10390,FALSE,TRUE,FALSE,TRUE,FALSE,FALSE,FALSE,FALSE
7993,M,Probable NDE,United States,Probable NDE,english,16,2016-05-14T00:00:00.000Z,2013-10-25T00:00:00.000Z,4400,FALSE,FALSE,FALSE,TRUE,FALSE,FALSE,FALSE,FALSE
7995,M,Probable NDE,Germany,Probable NDE,nederlands,12,2016-05-14T00:00:00.000Z,1955-01-18T00:00:00.000Z,5330,FALSE,FALSE,FALSE,TRUE,FALSE,FALSE,FALSE,FALSE
7996,F,NDE,Czechia,NDE,čeština,11,2016-05-16T00:00:00.000Z,2007-01-01T00:00:00.000Z,6058,TRUE,FALSE,FALSE,TRUE,TRUE,FALSE,FALSE,FALSE
7999,F,NDE,Spain,NDE,english,16,2016-05-21T00:00:00.000Z,1984-09-04T00:00:00.000Z,7758,FALSE,TRUE,FALSE,TRUE,FALSE,FALSE,FALSE,FALSE
8000,F,NDE,France,NDE,français,12,2016-05-22T00:00:00.000Z,2003-01-01T00:00:00.000Z,2714,TRUE,FALSE,FALSE,TRUE,FALSE,FALSE,FALSE,FALSE
8001,M,NDE,France,NDE,polski,13,2016-05-22T00:00:00.000Z,2016-01-18T00:00:00.000Z,5883,FALSE,TRUE,FALSE,TRUE,FALSE,FALSE,FALSE,FALSE
8002,M,NDE,France,NDE,francais,10,2016-05-23T00:00:00.000Z,1981-01-01T00:00:00.000Z,4379,FALSE,FALSE,FALSE,FALSE,FALSE,FALSE,FALSE,FALSE
8003,M,Possible NDE,France,Possible NDE,francais,9,2016-05-24T00:00:00.000Z,1964-10-12T00:00:00.000Z,4416,FALSE,FALSE,FALSE,TRUE,FALSE,FALSE,FALSE,FALSE
8004,M,Possible NDE,Monaco,Possible NDE,français,18,2016-05-24T00:00:00.000Z,2012-12-19T00:00:00.000Z,16853,FALSE,FALSE,FALSE,TRUE,FALSE,FALSE,FALSE,FALSE
8007,M,NDE,Japan,NDE,english,10,2016-05-28T00:00:00.000Z,1962-01-01T00:00:00.000Z,3704,FALSE,FALSE,FALSE,TRUE,FALSE,TRUE,FALSE,FALSE
8008,M,NDE,Peru,NDE,español,2,2016-05-29T00:00:00.000Z,2001-01-18T00:00:00.000Z,3974,TRUE,FALSE,FALSE,FALSE,FALSE,FALSE,FALSE,FALSE
8009,F,Possible NDE,United States,Possible NDE,english,5,2016-05-29T00:00:00.000Z,2014-04-21T00:00:00.000Z,5774,FALSE,FALSE,FALSE,TRUE,FALSE,FALSE,FALSE,FALSE
8010,M,NDE,United States,NDE,english,22,2016-06-01T00:00:00.000Z,NA,12292,FALSE,TRUE,FALSE,TRUE,FALSE,FALSE,TRUE,FALSE
8012,M,NDE,UAE,NDE,english,18,2016-06-04T00:00:00.000Z,2008-01-18T00:00:00.000Z,2694,FALSE,FALSE,FALSE,FALSE,FALSE,FALSE,FALSE,FALSE
8014,F,Probable NDE,United States,Probable NDE,english,10,2016-06-07T00:00:00.000Z,1959-06-05T00:00:00.000Z,5570,TRUE,FALSE,FALSE,FALSE,FALSE,FALSE,FALSE,FALSE
8017,M,Possible NDE,United States,Possible NDE,english,5,2016-06-10T00:00:00.000Z,2016-02-29T00:00:00.000Z,3679,FALSE,FALSE,FALSE,TRUE,FALSE,FALSE,FALSE,FALSE
8018,F,Probable NDE,Utah,Secondhand Probable NDE,english,5,2016-06-13T00:00:00.000Z,2014-01-18T00:00:00.000Z,6096,FALSE,FALSE,FALSE,TRUE,FALSE,FALSE,FALSE,FALSE
8020,M,Probable NDE,Peru,Probable NDE,español,13,2016-06-15T00:00:00.000Z,2016-01-01T00:00:00.000Z,6290,FALSE,FALSE,FALSE,TRUE,FALSE,FALSE,FALSE,FALSE
8022,M,NDE,Aruba,NDE,english,23,2016-06-17T00:00:00.000Z,1996-10-15T00:00:00.000Z,28817,TRUE,TRUE,FALSE,TRUE,FALSE,FALSE,FALSE,FALSE
8023,M,NDE,Canada,NDE,english,9,2016-06-18T00:00:00.000Z,1998-01-01T00:00:00.000Z,8142,TRUE,FALSE,FALSE,TRUE,FALSE,FALSE,FALSE,FALSE
8024,M,NDE,United States,NDE,english,15,2016-06-25T00:00:00.000Z,1989-01-18T00:00:00.000Z,30764,TRUE,FALSE,TRUE,TRUE,TRUE,FALSE,TRUE,FALSE
8027,F,Possible NDE,United States,Possible NDE,english,13,2016-06-28T00:00:00.000Z,1975-07-18T00:00:00.000Z,7015,TRUE,FALSE,FALSE,TRUE,FALSE,FALSE,FALSE,FALSE
8029,M,NDE,United States,NDE,english,9,2016-06-29T00:00:00.000Z,2014-12-12T00:00:00.000Z,8986,FALSE,FALSE,FALSE,TRUE,FALSE,FALSE,FALSE,FALSE
8030,M,NDE,United States,NDE,english,22,2016-06-29T00:00:00.000Z,2005-07-25T00:00:00.000Z,14191,FALSE,FALSE,FALSE,TRUE,FALSE,FALSE,FALSE,FALSE
8031,M,NDE,United States,NDE,english,10,2016-06-30T00:00:00.000Z,2004-01-01T00:00:00.000Z,5318,FALSE,FALSE,FALSE,TRUE,FALSE,FALSE,FALSE,FALSE
8032,F,NDE,United States,NDE,english,8,2016-06-30T00:00:00.000Z,1971-06-18T00:00:00.000Z,11300,FALSE,FALSE,FALSE,TRUE,FALSE,FALSE,FALSE,FALSE
8033,F,NDE,United States,Second-Person NDE,english,8,2016-07-01T00:00:00.000Z,1958-01-01T00:00:00.000Z,3809,FALSE,FALSE,FALSE,TRUE,FALSE,FALSE,FALSE,FALSE
8034,F,NDE,United States,NDE,english,23,2016-07-01T00:00:00.000Z,1983-10-04T00:00:00.000Z,20645,TRUE,TRUE,FALSE,TRUE,FALSE,FALSE,FALSE,FALSE
8037,F,NDE,United States,NDE,english,10,2016-07-02T00:00:00.000Z,1969-01-18T00:00:00.000Z,5491,TRUE,FALSE,FALSE,FALSE,TRUE,FALSE,FALSE,FALSE
8039,M,NDE,Chile,NDE,spanish,10,2016-07-04T00:00:00.000Z,2009-01-18T00:00:00.000Z,4902,FALSE,TRUE,FALSE,TRUE,FALSE,FALSE,FALSE,FALSE
8040,F,Possible NDE,France,Possible NDE,français,19,2016-07-06T00:00:00.000Z,2015-01-01T00:00:00.000Z,9027,TRUE,TRUE,FALSE,TRUE,FALSE,FALSE,FALSE,FALSE
8041,M,NDE,Victorville,NDE,english,10,2016-07-06T00:00:00.000Z,2016-03-24T00:00:00.000Z,5775,FALSE,FALSE,FALSE,TRUE,FALSE,FALSE,FALSE,FALSE
8044,F,NDE,Costa Rica,NDE,español,21,2016-07-10T00:00:00.000Z,1995-01-01T00:00:00.000Z,13217,TRUE,TRUE,FALSE,TRUE,FALSE,FALSE,FALSE,FALSE
8046,F,NDE,United States,NDE,english,22,2016-07-11T00:00:00.000Z,1968-10-18T00:00:00.000Z,9321,TRUE,FALSE,FALSE,TRUE,FALSE,FALSE,FALSE,FALSE
8047,M,Probable NDE,United States,Probable NDE,english,6,2016-07-12T00:00:00.000Z,1975-01-18T00:00:00.000Z,6146,FALSE,FALSE,FALSE,FALSE,FALSE,FALSE,FALSE,FALSE
8050,F,NDE,United States,NDE,english,13,2016-07-18T00:00:00.000Z,1997-08-13T00:00:00.000Z,6182,FALSE,FALSE,FALSE,TRUE,FALSE,FALSE,FALSE,FALSE
8051,F,NDE,United States,NDE,english,13,2016-07-18T00:00:00.000Z,1978-01-01T00:00:00.000Z,3807,FALSE,FALSE,FALSE,TRUE,FALSE,FALSE,FALSE,FALSE
8052,F,Possible NDE,United Kingdom,Possible NDE,english,5,2016-07-18T00:00:00.000Z,2016-02-18T00:00:00.000Z,4317,FALSE,FALSE,FALSE,TRUE,FALSE,FALSE,FALSE,FALSE
8054,F,NDE,United States,NDE,english,9,2016-07-20T00:00:00.000Z,1964-01-01T00:00:00.000Z,6025,TRUE,FALSE,FALSE,TRUE,TRUE,FALSE,FALSE,FALSE
8055,F,NDE,Greece,NDE,english,22,2016-07-21T00:00:00.000Z,1996-03-08T00:00:00.000Z,9992,TRUE,TRUE,FALSE,TRUE,FALSE,FALSE,FALSE,FALSE
8057,F,Possible NDE,United States,Possible NDE,english,9,2016-07-23T00:00:00.000Z,1951-07-18T00:00:00.000Z,4334,FALSE,FALSE,FALSE,TRUE,FALSE,FALSE,FALSE,FALSE
8059,F,NDE-Like,S,NDE-Like Experience,español,21,2016-07-25T00:00:00.000Z,2015-05-04T00:00:00.000Z,31490,TRUE,TRUE,FALSE,TRUE,FALSE,FALSE,FALSE,FALSE
8060,F,Probable NDE,United Kingdom,Probable NDE,english,18,2016-07-25T00:00:00.000Z,1995-12-04T00:00:00.000Z,10418,TRUE,TRUE,FALSE,TRUE,FALSE,FALSE,FALSE,FALSE
8061,M,Possible NDE,United States,Possible NDE,english,31,2016-07-26T00:00:00.000Z,2016-01-18T00:00:00.000Z,14674,TRUE,FALSE,FALSE,TRUE,TRUE,FALSE,FALSE,FALSE
8062,M,NDE,United States,NDE,english,16,2016-07-31T00:00:00.000Z,NA,7296,FALSE,FALSE,FALSE,TRUE,FALSE,FALSE,FALSE,FALSE
8064,M,NDE,United States,NDE,english,14,2016-08-02T00:00:00.000Z,1997-01-01T00:00:00.000Z,6349,TRUE,FALSE,FALSE,TRUE,FALSE,FALSE,FALSE,FALSE
8065,M,NDE,Iran,NDE,فارسی,8,2016-08-03T00:00:00.000Z,NA,3721,TRUE,FALSE,FALSE,TRUE,FALSE,FALSE,FALSE,FALSE
8066,M,NDE-Like,Algeria,NDE-Like,arabe,12,2016-08-04T00:00:00.000Z,1993-01-18T00:00:00.000Z,5182,TRUE,FALSE,FALSE,TRUE,FALSE,FALSE,FALSE,FALSE
8067,M,Probable NDE,United States,Probable NDE,english,5,2016-08-05T00:00:00.000Z,1972-07-30T00:00:00.000Z,6580,FALSE,FALSE,FALSE,TRUE,FALSE,FALSE,FALSE,FALSE
8068,M,NDE,Italy,NDE,italiano,15,2016-08-06T00:00:00.000Z,NA,3959,TRUE,FALSE,FALSE,TRUE,TRUE,FALSE,FALSE,FALSE
8069,F,FDE,United States,FDE,english,16,2016-08-07T00:00:00.000Z,1980-02-28T00:00:00.000Z,5338,FALSE,FALSE,FALSE,TRUE,FALSE,FALSE,FALSE,FALSE
8070,F,Possible NDE,India,Possible NDE,english,13,2016-08-08T00:00:00.000Z,2004-05-18T00:00:00.000Z,7152,FALSE,TRUE,FALSE,TRUE,FALSE,FALSE,FALSE,FALSE
8071,F,NDE,South Africa,NDE,english,23,2016-08-11T00:00:00.000Z,1982-01-18T00:00:00.000Z,19962,TRUE,FALSE,FALSE,TRUE,TRUE,FALSE,FALSE,FALSE
8075,M,Probable NDE,austin,Probable NDE,english,11,2016-08-12T00:00:00.000Z,1960-01-18T00:00:00.000Z,2424,TRUE,FALSE,FALSE,TRUE,FALSE,FALSE,FALSE,FALSE
8076,M,Probable NDE,United States,Probable NDE,english,12,2016-08-13T00:00:00.000Z,1969-01-18T00:00:00.000Z,7129,FALSE,FALSE,FALSE,TRUE,FALSE,FALSE,FALSE,FALSE
8078,M,NDE,United States,NDE,english,11,2016-08-16T00:00:00.000Z,2016-04-26T00:00:00.000Z,6151,FALSE,FALSE,FALSE,TRUE,FALSE,FALSE,FALSE,FALSE
8079,F,Possible NDE,France,Possible NDE,français,3,2016-08-17T00:00:00.000Z,2010-01-01T00:00:00.000Z,6499,FALSE,FALSE,FALSE,FALSE,FALSE,FALSE,FALSE,FALSE
8080,F,Possible NDE,United States,Possible NDE,english,14,2016-08-19T00:00:00.000Z,1965-01-18T00:00:00.000Z,6176,FALSE,FALSE,FALSE,FALSE,FALSE,FALSE,FALSE,FALSE
8081,M,FDE,U,FDE,english,8,2016-08-19T00:00:00.000Z,1967-08-16T00:00:00.000Z,2790,TRUE,FALSE,FALSE,TRUE,FALSE,FALSE,FALSE,FALSE
8083,F,NDE,Rhodesia,NDE,english,21,2016-08-20T00:00:00.000Z,1977-01-01T00:00:00.000Z,10801,TRUE,TRUE,FALSE,TRUE,FALSE,FALSE,FALSE,FALSE
8084,M,Probable NDE,United States,Probable NDE,engliish,20,2016-08-21T00:00:00.000Z,NA,11056,TRUE,TRUE,FALSE,FALSE,TRUE,FALSE,FALSE,FALSE
8085,M,NDE,United States,NDE,english,24,2016-08-22T00:00:00.000Z,2010-07-18T00:00:00.000Z,5078,TRUE,FALSE,FALSE,TRUE,TRUE,FALSE,FALSE,FALSE
8086,F,NDE,United States,NDE,english,28,2016-08-24T00:00:00.000Z,1994-04-18T00:00:00.000Z,8550,TRUE,TRUE,FALSE,TRUE,TRUE,FALSE,FALSE,FALSE
8087,F,NDE,United States,NDE,english,11,2016-08-24T00:00:00.000Z,2016-07-29T00:00:00.000Z,8453,TRUE,FALSE,FALSE,TRUE,FALSE,FALSE,FALSE,FALSE
8090,F,NDE,Canada,NDE,english,15,2016-08-25T00:00:00.000Z,2016-08-09T00:00:00.000Z,3878,TRUE,FALSE,FALSE,TRUE,FALSE,FALSE,FALSE,FALSE
8092,F,NDE,India,NDE,english,19,2016-08-28T00:00:00.000Z,1991-10-09T00:00:00.000Z,8985,TRUE,FALSE,FALSE,TRUE,TRUE,FALSE,FALSE,FALSE
8095,F,NDE,Australia,NDE,english,9,2016-08-30T00:00:00.000Z,1998-06-18T00:00:00.000Z,11313,TRUE,FALSE,FALSE,TRUE,FALSE,FALSE,FALSE,FALSE
8096,M,Probable NDE,Australia,Probable NDE,english,23,2016-09-02T00:00:00.000Z,1998-01-18T00:00:00.000Z,7793,FALSE,TRUE,FALSE,FALSE,FALSE,FALSE,FALSE,FALSE
8097,F,NDE,Brazil,NDE,português,20,2016-09-02T00:00:00.000Z,1991-01-01T00:00:00.000Z,11763,TRUE,TRUE,FALSE,TRUE,FALSE,FALSE,FALSE,FALSE
8098,M,NDE,United States,NDE,english,15,2016-09-03T00:00:00.000Z,NA,5534,FALSE,FALSE,FALSE,TRUE,FALSE,FALSE,FALSE,FALSE
8099,F,Probable NDE,United States,Probable NDE,english,9,2016-09-04T00:00:00.000Z,2015-10-23T00:00:00.000Z,8091,FALSE,FALSE,FALSE,TRUE,FALSE,FALSE,FALSE,FALSE
8101,F,Probable NDE,United States,Probable NDE,english,14,2016-09-06T00:00:00.000Z,1961-01-01T00:00:00.000Z,9861,TRUE,FALSE,FALSE,TRUE,TRUE,FALSE,FALSE,FALSE
8103,F,SDE,United States,Shared Death Experience,english,12,2016-09-10T00:00:00.000Z,2004-03-16T00:00:00.000Z,8897,FALSE,FALSE,TRUE,FALSE,FALSE,FALSE,FALSE,FALSE
8105,M,NDE,Germany,Probable NDEs,deutsch,16,2016-09-13T00:00:00.000Z,2002-09-18T00:00:00.000Z,7579,TRUE,FALSE,FALSE,TRUE,FALSE,FALSE,FALSE,FALSE
8107,F,NDE,United States,NDE,english,7,2016-09-17T00:00:00.000Z,1994-02-11T00:00:00.000Z,4310,TRUE,FALSE,FALSE,TRUE,FALSE,FALSE,FALSE,FALSE
8108,F,Possible NDE,United States,Possible NDE,english,15,2016-09-17T00:00:00.000Z,2011-09-18T00:00:00.000Z,11918,FALSE,FALSE,FALSE,TRUE,FALSE,FALSE,FALSE,FALSE
8110,M,Drug,United Kingdom,Ketamine Experience,english,20,2016-09-19T00:00:00.000Z,2008-05-18T00:00:00.000Z,7116,TRUE,FALSE,TRUE,TRUE,FALSE,FALSE,FALSE,FALSE
8111,F,FDE,A,FDE,deutsch,10,2016-09-19T00:00:00.000Z,1971-08-18T00:00:00.000Z,8476,TRUE,FALSE,FALSE,TRUE,FALSE,FALSE,FALSE,FALSE
8113,F,NDE,United States,NDE,english,14,2016-09-22T00:00:00.000Z,1959-06-18T00:00:00.000Z,5299,FALSE,FALSE,FALSE,TRUE,FALSE,FALSE,FALSE,FALSE
8115,M,NDE,France,NDE,francais,11,2016-09-29T00:00:00.000Z,1984-01-18T00:00:00.000Z,3298,TRUE,FALSE,FALSE,TRUE,TRUE,FALSE,FALSE,FALSE
8116,F,Probable NDE,United States,Probable NDE,english,17,2016-09-30T00:00:00.000Z,2005-01-18T00:00:00.000Z,7579,TRUE,FALSE,FALSE,TRUE,FALSE,FALSE,FALSE,FALSE
8117,F,NDE,Mexico,NDE,español,12,2016-10-01T00:00:00.000Z,2013-01-01T00:00:00.000Z,7603,TRUE,TRUE,FALSE,TRUE,TRUE,FALSE,FALSE,FALSE
8118,F,Probable NDE,United States,Probable NDE,english,21,2016-10-04T00:00:00.000Z,1975-03-18T00:00:00.000Z,10143,TRUE,TRUE,FALSE,TRUE,TRUE,FALSE,FALSE,FALSE
8119,F,NDE,DR Congo,NDE,francaise,19,2016-10-04T00:00:00.000Z,2016-03-01T00:00:00.000Z,12700,TRUE,FALSE,FALSE,TRUE,TRUE,FALSE,FALSE,FALSE
8120,M,Possible NDE,England,Possible NDE,english,17,2016-10-05T00:00:00.000Z,2014-06-15T00:00:00.000Z,17173,TRUE,FALSE,TRUE,TRUE,FALSE,FALSE,FALSE,FALSE
8121,M,NDE,United States,NDE,english,11,2016-10-05T00:00:00.000Z,2016-09-22T00:00:00.000Z,3986,FALSE,FALSE,FALSE,TRUE,FALSE,FALSE,FALSE,FALSE
8129,M,NDE,Switzerland,NDE,english,15,2016-10-19T00:00:00.000Z,1982-01-18T00:00:00.000Z,3431,TRUE,FALSE,FALSE,TRUE,FALSE,FALSE,FALSE,FALSE
8131,M,NDE,United States,NDE,english,12,2016-10-24T00:00:00.000Z,2002-06-18T00:00:00.000Z,11737,TRUE,TRUE,FALSE,TRUE,FALSE,FALSE,FALSE,FALSE
8132,M,STE,United States,STE,english,11,2016-10-24T00:00:00.000Z,1969-01-18T00:00:00.000Z,6062,TRUE,FALSE,FALSE,TRUE,FALSE,FALSE,FALSE,FALSE
8133,M,NDE,France,NDE,deutsch,26,2016-10-26T00:00:00.000Z,1970-01-01T00:00:00.000Z,6082,TRUE,FALSE,FALSE,FALSE,TRUE,FALSE,FALSE,FALSE
8135,M,NDE,United States,NDE,english,16,NA,NA,11802,TRUE,FALSE,FALSE,TRUE,FALSE,FALSE,FALSE,FALSE
8136,M,NDE,Costa Rica,Second-Person NDE,español,19,2016-11-02T00:00:00.000Z,2009-01-01T00:00:00.000Z,8592,TRUE,TRUE,FALSE,TRUE,FALSE,FALSE,FALSE,FALSE
8137,M,NDE,Australia,NDE,english,17,2016-11-03T00:00:00.000Z,2011-12-25T00:00:00.000Z,10153,TRUE,TRUE,FALSE,TRUE,FALSE,FALSE,FALSE,FALSE
8139,F,Probable NDE,Hong Kong,Probable Second-Person NDE.,english,13,2016-11-09T00:00:00.000Z,1930-05-18T00:00:00.000Z,10478,FALSE,TRUE,FALSE,TRUE,FALSE,FALSE,FALSE,FALSE
8141,F,NDE,United States,NDE,english,26,2016-11-11T00:00:00.000Z,1974-01-18T00:00:00.000Z,14666,TRUE,TRUE,FALSE,TRUE,FALSE,TRUE,FALSE,FALSE
8145,M,Probable NDE,Argentina,NDE,español,0,2016-11-18T00:00:00.000Z,1986-01-18T00:00:00.000Z,2586,TRUE,FALSE,FALSE,TRUE,TRUE,FALSE,FALSE,FALSE
8146,F,NDE,France,NDE,français,20,2016-11-20T00:00:00.000Z,1989-01-01T00:00:00.000Z,6262,TRUE,FALSE,FALSE,TRUE,FALSE,FALSE,FALSE,FALSE
8147,F,NDE,United States,NDE,english,17,2016-11-22T00:00:00.000Z,2014-03-01T00:00:00.000Z,10007,FALSE,FALSE,FALSE,TRUE,FALSE,FALSE,FALSE,FALSE
8148,M,NDE,France,NDE,français,29,2016-11-23T00:00:00.000Z,1999-10-03T00:00:00.000Z,51031,TRUE,TRUE,TRUE,TRUE,TRUE,FALSE,FALSE,FALSE
8150,F,NDE,United States,NDE,english,16,2016-11-28T00:00:00.000Z,2014-08-13T00:00:00.000Z,11833,FALSE,FALSE,FALSE,TRUE,FALSE,FALSE,FALSE,FALSE
8151,M,NDE,United States,NDE,english,16,2016-11-28T00:00:00.000Z,1981-01-18T00:00:00.000Z,11163,TRUE,TRUE,FALSE,FALSE,TRUE,FALSE,FALSE,FALSE
8152,F,NDE,United States,NDE,english,9,2016-11-28T00:00:00.000Z,1981-10-18T00:00:00.000Z,3481,FALSE,FALSE,FALSE,TRUE,FALSE,FALSE,FALSE,FALSE
8154,M,NDE,United States,NDE,english,18,2016-12-03T00:00:00.000Z,2008-08-04T00:00:00.000Z,14203,FALSE,TRUE,FALSE,TRUE,FALSE,FALSE,FALSE,FALSE
8155,F,NDE,Brazil,NDE,portugues,7,2016-12-03T00:00:00.000Z,1990-09-11T00:00:00.000Z,2645,FALSE,FALSE,FALSE,TRUE,FALSE,FALSE,FALSE,FALSE
8156,M,NDE,United States,NDE,english,14,2016-12-03T00:00:00.000Z,1971-05-18T00:00:00.000Z,9964,TRUE,FALSE,FALSE,TRUE,TRUE,FALSE,FALSE,FALSE
8157,F,NDE,United States,NDE,english,13,2016-12-06T00:00:00.000Z,2014-12-10T00:00:00.000Z,4979,TRUE,FALSE,FALSE,TRUE,FALSE,FALSE,FALSE,FALSE
8158,M,NDE,France,NDE,français,17,2016-12-06T00:00:00.000Z,2008-01-01T00:00:00.000Z,5044,FALSE,TRUE,FALSE,FALSE,FALSE,FALSE,FALSE,FALSE
8159,M,NDE,United States,NDE,english,14,2016-12-12T00:00:00.000Z,1980-01-01T00:00:00.000Z,13541,TRUE,FALSE,FALSE,TRUE,FALSE,FALSE,FALSE,FALSE
8160,F,FDE,Canada,FDE,english,17,2016-12-12T00:00:00.000Z,2013-08-13T00:00:00.000Z,3485,TRUE,FALSE,FALSE,TRUE,FALSE,FALSE,FALSE,FALSE
8163,F,NDE,United States,NDE,english,10,2016-12-14T00:00:00.000Z,1976-01-18T00:00:00.000Z,7403,FALSE,FALSE,FALSE,TRUE,FALSE,FALSE,FALSE,FALSE
8164,F,FDE,United States,FDE,english,14,2016-12-15T00:00:00.000Z,NA,6694,TRUE,FALSE,FALSE,TRUE,FALSE,FALSE,FALSE,FALSE
8166,F,NDE,Hungary,NDE,english,21,NA,NA,26591,FALSE,FALSE,FALSE,FALSE,FALSE,FALSE,FALSE,FALSE
8167,F,NDE,United States,NDE,english,12,2016-12-18T00:00:00.000Z,1983-01-01T00:00:00.000Z,3857,TRUE,FALSE,FALSE,TRUE,FALSE,FALSE,FALSE,FALSE
8169,M,Possible NDE,United Kingdom,Possible NDE,english,15,2016-12-20T00:00:00.000Z,2015-03-03T00:00:00.000Z,5061,FALSE,TRUE,FALSE,TRUE,FALSE,FALSE,FALSE,FALSE
8171,M,Probable NDE,United States,Probable NDE,english,9,2016-12-21T00:00:00.000Z,2001-06-08T00:00:00.000Z,7827,FALSE,FALSE,FALSE,TRUE,FALSE,FALSE,FALSE,FALSE
8172,M,NDE,United States,NDE,english,20,2016-12-21T00:00:00.000Z,2008-01-01T00:00:00.000Z,7016,TRUE,TRUE,FALSE,TRUE,FALSE,FALSE,FALSE,FALSE
8176,M,ADC,C,ADC,english,11,2016-12-23T00:00:00.000Z,1986-08-18T00:00:00.000Z,18370,TRUE,FALSE,FALSE,TRUE,TRUE,FALSE,FALSE,FALSE
8177,M,NDE,France,NDE,français,22,2016-12-27T00:00:00.000Z,1984-01-01T00:00:00.000Z,16427,FALSE,FALSE,FALSE,TRUE,FALSE,FALSE,FALSE,FALSE
8178,F,Probable NDE,United States,Probable NDE,english,3,2016-12-29T00:00:00.000Z,2016-03-11T00:00:00.000Z,2744,TRUE,FALSE,FALSE,TRUE,FALSE,FALSE,FALSE,FALSE
8179,F,NDE;Probable NDE,United States,Probable NDE and NDE,english,5,2017-01-01T00:00:00.000Z,NA,4592,TRUE,FALSE,FALSE,TRUE,FALSE,FALSE,FALSE,FALSE
8182,M,NDE,United States,NDE,english,7,2017-01-03T00:00:00.000Z,1975-01-01T00:00:00.000Z,3541,TRUE,FALSE,FALSE,FALSE,TRUE,FALSE,FALSE,FALSE
8183,F,Probable NDE,United States,Probable NDE,english,7,2017-01-03T00:00:00.000Z,2005-03-18T00:00:00.000Z,16819,TRUE,FALSE,FALSE,FALSE,FALSE,FALSE,FALSE,FALSE
8187,M,Probable NDE,Ukraine,Probable NDE,ukrainian,2,2017-01-07T00:00:00.000Z,2014-12-20T00:00:00.000Z,4414,FALSE,FALSE,FALSE,TRUE,FALSE,FALSE,FALSE,FALSE
8188,F,NDE,United States,NDE,english,8,2017-01-08T00:00:00.000Z,1964-01-01T00:00:00.000Z,6037,FALSE,FALSE,FALSE,FALSE,FALSE,FALSE,FALSE,FALSE
8190,M,NDE,United States,NDE,english,28,2017-01-09T00:00:00.000Z,2001-01-18T00:00:00.000Z,21410,TRUE,TRUE,FALSE,TRUE,FALSE,FALSE,FALSE,FALSE
8192,F,Probable NDE,United States,Probable NDE,english,9,2017-01-10T00:00:00.000Z,2014-12-20T00:00:00.000Z,3744,TRUE,FALSE,FALSE,FALSE,FALSE,FALSE,FALSE,FALSE
8193,M,Probable NDE,United States,Probable NDE,english,16,NA,NA,6258,FALSE,FALSE,FALSE,TRUE,FALSE,FALSE,FALSE,FALSE
8195,M,NDE,United States,NDE,english,23,NA,NA,20442,FALSE,TRUE,TRUE,TRUE,FALSE,FALSE,FALSE,FALSE
8197,F,NDE,Australia,NDE,english,5,2017-01-18T00:00:00.000Z,1962-01-18T00:00:00.000Z,2525,TRUE,FALSE,FALSE,TRUE,TRUE,FALSE,FALSE,FALSE
8198,F,NDE,France,NDE,français,14,2017-01-18T00:00:00.000Z,2003-01-01T00:00:00.000Z,7548,TRUE,FALSE,FALSE,TRUE,FALSE,FALSE,TRUE,FALSE
8199,M,NDE,United States,NDE & FDE,english,21,2017-01-21T00:00:00.000Z,1988-11-18T00:00:00.000Z,12979,FALSE,FALSE,FALSE,TRUE,FALSE,FALSE,FALSE,FALSE
8200,M,FDE,U,FDE,english,10,2017-01-21T00:00:00.000Z,2013-07-15T00:00:00.000Z,19267,TRUE,FALSE,FALSE,TRUE,FALSE,FALSE,FALSE,FALSE
8201,F,Probable NDE,United States,NDE,english,14,2017-01-21T00:00:00.000Z,2016-07-08T00:00:00.000Z,9426,FALSE,FALSE,FALSE,TRUE,FALSE,FALSE,FALSE,FALSE
8202,M,NDE,Australia,NDE,italiano,18,2017-01-22T00:00:00.000Z,2010-10-06T00:00:00.000Z,4208,TRUE,FALSE,FALSE,TRUE,FALSE,FALSE,FALSE,FALSE
8204,M,NDE,Pueblo,NDE,english,5,2017-01-27T00:00:00.000Z,2002-01-08T00:00:00.000Z,2327,FALSE,FALSE,FALSE,TRUE,FALSE,FALSE,FALSE,FALSE
8205,F,NDE,United States,NDE,english,6,2017-01-27T00:00:00.000Z,1973-01-18T00:00:00.000Z,4098,TRUE,FALSE,FALSE,FALSE,FALSE,FALSE,FALSE,FALSE
8206,F,Probable NDE,France,Probable NDE,english,2,2017-01-28T00:00:00.000Z,1938-01-18T00:00:00.000Z,6009,FALSE,TRUE,FALSE,TRUE,FALSE,FALSE,FALSE,FALSE
8207,F,NDE,France,NDE,français,12,2017-01-28T00:00:00.000Z,2004-01-18T00:00:00.000Z,4107,TRUE,FALSE,FALSE,TRUE,FALSE,FALSE,FALSE,FALSE
8208,F,NDE,Taiwan,NDEs,chinese,17,2017-01-30T00:00:00.000Z,2015-05-21T00:00:00.000Z,12897,FALSE,FALSE,FALSE,TRUE,FALSE,FALSE,FALSE,FALSE
8211,M,NDE,United States,Mark B NDE,english,11,2017-02-02T00:00:00.000Z,1980-09-18T00:00:00.000Z,4379,FALSE,FALSE,FALSE,TRUE,FALSE,FALSE,FALSE,FALSE
8213,F,NDE,United States,NDE,english,21,2017-02-04T00:00:00.000Z,2001-02-19T00:00:00.000Z,19997,TRUE,TRUE,FALSE,TRUE,TRUE,FALSE,FALSE,FALSE
8216,M,NDE,Estonia,NDE,english,16,2017-02-05T00:00:00.000Z,2013-12-05T00:00:00.000Z,7710,TRUE,FALSE,FALSE,TRUE,FALSE,FALSE,FALSE,FALSE
8217,M,Probable NDE,United States,Probable NDE,english,4,2017-02-07T00:00:00.000Z,1946-09-07T00:00:00.000Z,9992,TRUE,FALSE,FALSE,FALSE,FALSE,FALSE,FALSE,FALSE
8219,F,NDE,France,NDE,français,28,2017-02-09T00:00:00.000Z,2012-12-13T00:00:00.000Z,13212,TRUE,TRUE,FALSE,TRUE,FALSE,FALSE,FALSE,FALSE
8221,M,Probable NDE,United States,Probable NDE,english,13,2017-02-09T00:00:00.000Z,NA,8776,FALSE,TRUE,FALSE,TRUE,FALSE,FALSE,FALSE,FALSE
8225,F,NDE,United States,NDE,english,18,2017-02-13T00:00:00.000Z,1974-01-01T00:00:00.000Z,9115,FALSE,TRUE,FALSE,TRUE,FALSE,FALSE,FALSE,FALSE
8226,M,STE,United States,STE,english,29,2017-02-14T00:00:00.000Z,1983-08-25T00:00:00.000Z,24060,FALSE,FALSE,FALSE,TRUE,FALSE,FALSE,FALSE,FALSE
8227,F,Probable NDE,Brazil,Probable NDE,português,19,2017-02-16T00:00:00.000Z,1985-01-18T00:00:00.000Z,5469,TRUE,FALSE,FALSE,TRUE,TRUE,FALSE,FALSE,FALSE
8228,M,Possible NDE,United States,Possible NDE,english,13,2017-02-16T00:00:00.000Z,2016-12-16T00:00:00.000Z,10813,TRUE,FALSE,FALSE,TRUE,FALSE,FALSE,FALSE,FALSE
8229,F,STE,India,STE,english,25,2017-02-17T00:00:00.000Z,1998-01-01T00:00:00.000Z,14874,TRUE,TRUE,FALSE,FALSE,FALSE,FALSE,FALSE,FALSE
8230,M,NDE,United States,NDE,english,19,2017-02-17T00:00:00.000Z,2006-05-18T00:00:00.000Z,8048,FALSE,TRUE,FALSE,TRUE,FALSE,FALSE,FALSE,FALSE
8231,F,NDE,United States,NDE,english,9,2017-02-18T00:00:00.000Z,2016-04-14T00:00:00.000Z,7202,FALSE,FALSE,FALSE,TRUE,FALSE,FALSE,FALSE,FALSE
8232,F,NDE,Canada,NDE,english,16,2017-02-18T00:00:00.000Z,2016-06-18T00:00:00.000Z,3677,FALSE,FALSE,FALSE,TRUE,FALSE,FALSE,FALSE,FALSE
8233,F,Probable NDE,United Kingdom,Probable NDE,english,14,2017-02-25T00:00:00.000Z,2003-01-18T00:00:00.000Z,6310,FALSE,FALSE,FALSE,TRUE,FALSE,FALSE,FALSE,FALSE
8237,M,Probable NDE,United States,Probable NDE,english,5,2017-02-28T00:00:00.000Z,2012-08-31T00:00:00.000Z,9076,FALSE,FALSE,FALSE,TRUE,FALSE,FALSE,FALSE,FALSE
8240,M,NDE,United Kingdom,NDE,english,13,2017-03-02T00:00:00.000Z,1993-01-18T00:00:00.000Z,5332,FALSE,FALSE,FALSE,TRUE,FALSE,FALSE,FALSE,FALSE
8242,M,Probable NDE,United States,Probable NDE,english,25,2017-03-02T00:00:00.000Z,1983-01-18T00:00:00.000Z,23615,FALSE,TRUE,FALSE,TRUE,FALSE,FALSE,FALSE,FALSE
8243,M,NDE,United Kingdom,NDE,english,7,2017-03-04T00:00:00.000Z,1972-02-03T00:00:00.000Z,3562,TRUE,FALSE,FALSE,TRUE,FALSE,FALSE,FALSE,FALSE
8244,F,SDE,South Africa,SDE,english,14,2017-03-04T00:00:00.000Z,2014-11-04T00:00:00.000Z,12521,FALSE,TRUE,FALSE,FALSE,FALSE,FALSE,FALSE,FALSE
8247,F,NDE,United States,NDEs,english,26,2017-03-11T00:00:00.000Z,2016-11-03T00:00:00.000Z,6375,TRUE,FALSE,FALSE,TRUE,FALSE,FALSE,FALSE,FALSE
8249,F,NDE,United States,NDE,english,23,2017-03-12T00:00:00.000Z,1957-02-18T00:00:00.000Z,20949,FALSE,FALSE,FALSE,FALSE,FALSE,FALSE,FALSE,FALSE
8250,F,NDE,United States,NDE,english,24,2017-03-15T00:00:00.000Z,1982-07-07T00:00:00.000Z,25657,TRUE,FALSE,FALSE,TRUE,TRUE,FALSE,FALSE,FALSE
8251,F,NDE,United States,NDE,english,24,2017-03-15T00:00:00.000Z,1975-01-19T00:00:00.000Z,10616,TRUE,TRUE,FALSE,TRUE,TRUE,FALSE,FALSE,FALSE
8253,F,FDE,United States,FDE,english,20,2017-03-17T00:00:00.000Z,1991-12-31T00:00:00.000Z,6219,TRUE,FALSE,FALSE,TRUE,FALSE,FALSE,FALSE,FALSE
8254,F,NDE,France,NA,français,5,2017-03-18T00:00:00.000Z,1998-01-18T00:00:00.000Z,3657,FALSE,FALSE,FALSE,TRUE,FALSE,FALSE,FALSE,FALSE
8259,F,NDE,United States,NDE,english,17,2017-04-02T00:00:00.000Z,2016-05-08T00:00:00.000Z,8588,FALSE,FALSE,FALSE,TRUE,FALSE,FALSE,FALSE,FALSE
8260,F,NDE,Portugal,NDE,português,18,2017-04-03T00:00:00.000Z,1982-01-18T00:00:00.000Z,25581,TRUE,FALSE,FALSE,TRUE,TRUE,FALSE,FALSE,FALSE
8262,M,NDE,France,NDE,french,12,2017-04-06T00:00:00.000Z,2016-03-18T00:00:00.000Z,3477,TRUE,FALSE,FALSE,TRUE,FALSE,FALSE,FALSE,FALSE
8264,M,Possible NDE,Russia,Possible NDE,russian,11,2017-04-07T00:00:00.000Z,1990-01-01T00:00:00.000Z,9603,FALSE,FALSE,FALSE,TRUE,FALSE,FALSE,FALSE,FALSE
8266,M,NDE,United States,NDE,english,10,2017-04-11T00:00:00.000Z,2009-03-15T00:00:00.000Z,4300,FALSE,FALSE,FALSE,TRUE,FALSE,FALSE,FALSE,FALSE
8268,M,NDE,United States,NDE,english,23,2017-04-10T00:00:00.000Z,1982-05-20T00:00:00.000Z,6094,FALSE,FALSE,FALSE,TRUE,FALSE,FALSE,FALSE,FALSE
8270,F,NDE,United States,NDE,english,10,2017-04-10T00:00:00.000Z,2014-12-16T00:00:00.000Z,5108,FALSE,FALSE,FALSE,TRUE,FALSE,FALSE,FALSE,FALSE
8272,F,Possible NDE,Australia,Possible NDE,english,6,2017-04-13T00:00:00.000Z,1989-06-18T00:00:00.000Z,3544,TRUE,TRUE,FALSE,FALSE,FALSE,FALSE,FALSE,FALSE
8274,M,NDE,United States,NDE,english,3,2017-04-14T00:00:00.000Z,1997-11-25T00:00:00.000Z,2697,FALSE,FALSE,FALSE,TRUE,FALSE,FALSE,FALSE,FALSE
8276,F,NDE,Germany,NDE,deutsch,26,2017-04-17T00:00:00.000Z,2009-09-18T00:00:00.000Z,18313,TRUE,TRUE,FALSE,TRUE,TRUE,TRUE,FALSE,FALSE
8279,F,Probable NDE,United States,Probable NDE,english,25,2017-04-17T00:00:00.000Z,1986-12-21T00:00:00.000Z,5626,TRUE,FALSE,FALSE,TRUE,FALSE,FALSE,FALSE,FALSE
8282,F,NDE,United States,NDE,english,22,2017-04-21T00:00:00.000Z,1981-09-05T00:00:00.000Z,5545,FALSE,TRUE,FALSE,TRUE,FALSE,FALSE,FALSE,FALSE
8283,M,FDE,U,FDE,english,14,2017-04-26T00:00:00.000Z,2004-07-23T00:00:00.000Z,8789,TRUE,FALSE,FALSE,TRUE,FALSE,FALSE,FALSE,FALSE
8284,M,NDE,Turkey,NDE,english,27,2017-04-26T00:00:00.000Z,2017-03-26T00:00:00.000Z,10274,TRUE,TRUE,FALSE,TRUE,TRUE,FALSE,FALSE,FALSE
8285,F,Probable NDE,United Kingdom,Probable NDE,english,13,2017-04-26T00:00:00.000Z,1955-01-01T00:00:00.000Z,12133,TRUE,FALSE,TRUE,TRUE,FALSE,TRUE,FALSE,FALSE
8289,F,Possible NDE,Denmark,Irene H Possible NDE,dansk,0,2017-05-10T00:00:00.000Z,1969-01-01T00:00:00.000Z,6153,FALSE,FALSE,FALSE,TRUE,FALSE,FALSE,FALSE,FALSE
8291,M,NDE,Colombia,NDE-Like,español,22,2017-05-11T00:00:00.000Z,NA,19423,TRUE,FALSE,FALSE,TRUE,FALSE,TRUE,FALSE,FALSE
8293,F,Probable NDE,United States,Probable NDE,english,10,2017-05-27T00:00:00.000Z,2003-01-01T00:00:00.000Z,6574,FALSE,FALSE,FALSE,TRUE,FALSE,FALSE,FALSE,FALSE
8294,F,NDE,United States,NDE,english,15,2014-08-08T00:00:00.000Z,1956-01-01T00:00:00.000Z,15477,TRUE,FALSE,FALSE,TRUE,FALSE,FALSE,FALSE,FALSE
8295,F,NDE,United States,NDE,english,22,2017-05-28T00:00:00.000Z,2014-06-15T00:00:00.000Z,7225,FALSE,FALSE,FALSE,FALSE,FALSE,FALSE,TRUE,FALSE
8296,F,Probable NDE,United States,Probable NDE,english,19,2017-05-28T00:00:00.000Z,2000-04-03T00:00:00.000Z,11444,TRUE,TRUE,FALSE,TRUE,TRUE,FALSE,FALSE,FALSE
8300,M,Possible NDE,United States,NDE,english,11,2017-06-02T00:00:00.000Z,1998-01-01T00:00:00.000Z,8772,TRUE,TRUE,FALSE,TRUE,FALSE,FALSE,FALSE,FALSE
8302,M,Probable NDE,United States,Probable NDE,english,22,2017-06-04T00:00:00.000Z,1945-01-18T00:00:00.000Z,8368,FALSE,TRUE,FALSE,TRUE,FALSE,FALSE,TRUE,FALSE
8303,M,NDE,Sweden,NDE,english,23,2017-06-04T00:00:00.000Z,1986-10-18T00:00:00.000Z,8108,TRUE,TRUE,FALSE,TRUE,TRUE,FALSE,FALSE,FALSE
8305,M,Probable NDE,United States,Probable NDE,english,18,2017-06-06T00:00:00.000Z,NA,16874,FALSE,TRUE,FALSE,TRUE,FALSE,FALSE,FALSE,FALSE
8307,M,NDE,Peru,NDE,español,17,2017-06-08T00:00:00.000Z,1980-01-18T00:00:00.000Z,5196,TRUE,FALSE,FALSE,FALSE,FALSE,FALSE,FALSE,FALSE
8309,M,NDE,Mexico,NDE,español,10,2017-06-13T00:00:00.000Z,2014-01-01T00:00:00.000Z,5200,FALSE,FALSE,FALSE,TRUE,FALSE,FALSE,FALSE,FALSE
8311,F,Possible NDE,United States,Possible NDE,english,5,2017-06-14T00:00:00.000Z,1956-07-18T00:00:00.000Z,16550,FALSE,FALSE,FALSE,TRUE,FALSE,FALSE,FALSE,FALSE
8312,M,NDE,United States,NDE,english,14,2017-06-18T00:00:00.000Z,2010-01-18T00:00:00.000Z,3705,FALSE,FALSE,FALSE,FALSE,FALSE,FALSE,FALSE,FALSE
8316,M,NDE,Mexico,NDEs,english,24,2017-06-24T00:00:00.000Z,1965-01-01T00:00:00.000Z,9182,FALSE,FALSE,FALSE,TRUE,FALSE,FALSE,FALSE,FALSE
8317,F,Possible NDE,United States,Possible NDE,english,23,2017-06-24T00:00:00.000Z,2015-05-11T00:00:00.000Z,16261,TRUE,FALSE,FALSE,TRUE,FALSE,FALSE,FALSE,FALSE
8319,M,NDE,United States,NDE,english,20,2017-06-27T00:00:00.000Z,2004-01-18T00:00:00.000Z,4065,FALSE,FALSE,FALSE,TRUE,FALSE,FALSE,FALSE,FALSE
8322,F,Possible NDE,United States,Possible NDE,english,17,2017-07-01T00:00:00.000Z,1995-11-18T00:00:00.000Z,5963,TRUE,FALSE,FALSE,TRUE,FALSE,FALSE,FALSE,FALSE
8323,F,Possible NDE,Ireland,Possible NDE,english,16,2017-07-01T00:00:00.000Z,2012-04-25T00:00:00.000Z,2525,FALSE,FALSE,FALSE,TRUE,FALSE,FALSE,FALSE,FALSE
8324,F,NDE,Dominican Republic,NDE,english,21,2017-07-03T00:00:00.000Z,1976-01-19T00:00:00.000Z,6114,FALSE,TRUE,FALSE,TRUE,FALSE,FALSE,FALSE,FALSE
8325,M,NDE,United States,NDE,english,25,2017-07-03T00:00:00.000Z,2016-01-01T00:00:00.000Z,9095,FALSE,TRUE,FALSE,TRUE,FALSE,FALSE,FALSE,FALSE
8326,F,NDE,China,NDE,chinese,23,2017-07-04T00:00:00.000Z,1995-01-01T00:00:00.000Z,15979,TRUE,TRUE,FALSE,TRUE,TRUE,FALSE,FALSE,FALSE
8328,M,NDE,United States,NDE,english,10,2017-07-06T00:00:00.000Z,1972-01-18T00:00:00.000Z,4716,TRUE,FALSE,FALSE,TRUE,FALSE,FALSE,FALSE,FALSE
8329,F,NDE,United States,NDE,english,22,2017-07-07T00:00:00.000Z,1967-12-16T00:00:00.000Z,10266,FALSE,TRUE,FALSE,TRUE,FALSE,FALSE,FALSE,FALSE
8332,M,NDE,Canada,Possible NDEs,english,6,2017-07-10T00:00:00.000Z,1962-01-01T00:00:00.000Z,3389,TRUE,FALSE,FALSE,TRUE,TRUE,FALSE,FALSE,FALSE
8333,F,Possible NDE,Czech Republic,NDE,czech,9,2017-07-12T00:00:00.000Z,2016-01-18T00:00:00.000Z,4138,FALSE,TRUE,FALSE,TRUE,FALSE,FALSE,FALSE,FALSE
8334,F,NDE,France,NDE,france,31,2017-07-17T00:00:00.000Z,1989-01-18T00:00:00.000Z,7076,TRUE,FALSE,TRUE,TRUE,FALSE,TRUE,FALSE,FALSE
8336,F,NDE,United States,NDE,english,5,2017-07-20T00:00:00.000Z,2014-02-12T00:00:00.000Z,2921,TRUE,FALSE,FALSE,TRUE,FALSE,FALSE,FALSE,FALSE
8337,M,NDE,Finland,NDE,suomi,15,2017-07-22T00:00:00.000Z,2016-04-22T00:00:00.000Z,8291,FALSE,FALSE,FALSE,TRUE,FALSE,FALSE,FALSE,FALSE
8339,F,NDE,France,NDE,english,26,2017-07-22T00:00:00.000Z,2003-01-01T00:00:00.000Z,9443,TRUE,FALSE,FALSE,TRUE,TRUE,FALSE,FALSE,FALSE
8341,F,NDE,United States,NDE,english,22,2017-07-23T00:00:00.000Z,2015-07-30T00:00:00.000Z,9670,TRUE,TRUE,FALSE,TRUE,FALSE,FALSE,FALSE,FALSE
8342,F,NDE,United States,NDE,english,26,2017-07-24T00:00:00.000Z,1970-01-18T00:00:00.000Z,13773,TRUE,TRUE,FALSE,TRUE,FALSE,FALSE,FALSE,FALSE
8344,M,NDE,US,NDE,english,15,2017-07-27T00:00:00.000Z,1955-01-18T00:00:00.000Z,3880,TRUE,TRUE,FALSE,TRUE,FALSE,FALSE,FALSE,FALSE
8345,F,NDE,United States,NDE,english,14,2017-07-28T00:00:00.000Z,2012-12-28T00:00:00.000Z,6032,FALSE,FALSE,FALSE,TRUE,FALSE,FALSE,FALSE,FALSE
8346,M,NDE,Czech Republic,NDE,czech,21,2017-07-28T00:00:00.000Z,2003-05-10T00:00:00.000Z,6854,FALSE,FALSE,FALSE,FALSE,FALSE,FALSE,FALSE,FALSE
8347,F,STE,United States,STE,english,9,2017-07-28T00:00:00.000Z,1985-04-12T00:00:00.000Z,9270,FALSE,TRUE,FALSE,FALSE,FALSE,FALSE,FALSE,FALSE
8349,F,NDE,United States,NDE,english,21,NA,NA,14861,FALSE,FALSE,FALSE,FALSE,FALSE,FALSE,FALSE,FALSE
8350,M,NDE,Vietnam,NDE,english,26,2017-07-29T00:00:00.000Z,2015-08-01T00:00:00.000Z,26881,FALSE,TRUE,FALSE,TRUE,FALSE,FALSE,TRUE,TRUE
8352,F,FDE,United States,FDEs,english,16,2017-08-07T00:00:00.000Z,1965-01-01T00:00:00.000Z,8474,TRUE,FALSE,FALSE,TRUE,FALSE,FALSE,FALSE,FALSE
8353,M,NDE,Peru,NDE,español,17,2017-08-07T00:00:00.000Z,1988-01-01T00:00:00.000Z,11003,FALSE,TRUE,FALSE,TRUE,FALSE,FALSE,FALSE,FALSE
8354,F,NDE,United States,NDE,english,26,2017-08-08T00:00:00.000Z,2004-05-29T00:00:00.000Z,22281,FALSE,TRUE,FALSE,TRUE,FALSE,FALSE,FALSE,FALSE
8355,F,Possible NDE,United States,Possible NDE,english,7,2017-08-10T00:00:00.000Z,2012-01-18T00:00:00.000Z,2930,FALSE,FALSE,FALSE,TRUE,FALSE,FALSE,FALSE,FALSE
8356,M,NDE,United States,NDE,english,9,2017-08-10T00:00:00.000Z,2015-08-02T00:00:00.000Z,2745,FALSE,FALSE,FALSE,TRUE,FALSE,FALSE,FALSE,FALSE
8357,F,NDE,Chile,NDE,español,13,2017-08-12T00:00:00.000Z,2000-02-20T00:00:00.000Z,5229,FALSE,FALSE,FALSE,TRUE,FALSE,FALSE,FALSE,FALSE
8360,M,Probable NDE,United States,Probable NDE,english,27,2017-08-17T00:00:00.000Z,NA,19993,FALSE,FALSE,FALSE,TRUE,FALSE,FALSE,TRUE,FALSE
8362,F,NDE,United States,NDE,english,20,2017-08-18T00:00:00.000Z,1998-06-18T00:00:00.000Z,6359,FALSE,FALSE,FALSE,TRUE,FALSE,FALSE,FALSE,FALSE
8366,M,Probable NDE,United States,Probable NDE,english,11,2017-08-25T00:00:00.000Z,1970-06-23T00:00:00.000Z,6565,FALSE,FALSE,FALSE,TRUE,TRUE,FALSE,FALSE,FALSE
8369,M,NDE,United States,NDE,english,8,2017-08-31T00:00:00.000Z,2003-01-23T00:00:00.000Z,5171,TRUE,FALSE,FALSE,FALSE,FALSE,FALSE,FALSE,FALSE
8371,F,NDE,Canada,NDE,english,13,2017-09-03T00:00:00.000Z,1980-01-18T00:00:00.000Z,4002,TRUE,TRUE,FALSE,TRUE,FALSE,FALSE,FALSE,FALSE
8374,F,NDE,Canada,NDE,english,4,2017-09-09T00:00:00.000Z,2010-02-01T00:00:00.000Z,2641,TRUE,FALSE,FALSE,TRUE,TRUE,FALSE,FALSE,FALSE
8375,M,NDE,Peru,NDE,español,7,2017-09-11T00:00:00.000Z,1994-01-01T00:00:00.000Z,5662,FALSE,FALSE,TRUE,FALSE,FALSE,FALSE,FALSE,FALSE
8379,M,NDE,United States,NDE,english,6,2017-09-18T00:00:00.000Z,1986-12-18T00:00:00.000Z,3982,TRUE,FALSE,FALSE,TRUE,FALSE,FALSE,FALSE,FALSE
8380,F,NDE,United States,NDE,english,12,2017-09-22T00:00:00.000Z,2016-01-14T00:00:00.000Z,13075,FALSE,FALSE,FALSE,TRUE,FALSE,FALSE,FALSE,FALSE
8383,M,NDE,United States,NDE,english,10,2017-09-23T00:00:00.000Z,1983-05-22T00:00:00.000Z,3514,FALSE,FALSE,FALSE,TRUE,FALSE,FALSE,FALSE,FALSE
8384,F,NDE,Mexico,NDE,english,22,2017-09-24T00:00:00.000Z,1978-12-08T00:00:00.000Z,24456,TRUE,FALSE,TRUE,TRUE,FALSE,FALSE,FALSE,FALSE
8387,M,Probable NDE,United States,Probable NDE,english,16,2017-09-27T00:00:00.000Z,2015-04-19T00:00:00.000Z,4051,FALSE,TRUE,FALSE,TRUE,FALSE,FALSE,FALSE,FALSE
8388,F,Probable NDE,United States,Probable NDE,english,3,2017-09-28T00:00:00.000Z,2017-09-26T00:00:00.000Z,3787,FALSE,FALSE,FALSE,FALSE,FALSE,FALSE,FALSE,FALSE
8391,M,Probable NDE,California,Probable NDE,english,22,2017-10-01T00:00:00.000Z,2010-01-18T00:00:00.000Z,7705,FALSE,TRUE,FALSE,TRUE,FALSE,FALSE,FALSE,FALSE
8393,F,Probable NDE,United States,Probable NDE,english,7,2017-10-05T00:00:00.000Z,1972-01-18T00:00:00.000Z,18150,FALSE,FALSE,TRUE,TRUE,FALSE,FALSE,FALSE,FALSE
8397,F,Probable NDE,New Zealand,Probable NDE,english,8,2017-10-05T00:00:00.000Z,1994-01-18T00:00:00.000Z,10737,TRUE,FALSE,FALSE,TRUE,FALSE,FALSE,TRUE,FALSE
8401,F,NDE,United States,NDE,english,8,2017-10-11T00:00:00.000Z,1991-10-08T00:00:00.000Z,15035,TRUE,TRUE,FALSE,TRUE,TRUE,FALSE,FALSE,FALSE
8402,M,Probable NDE,United States,Probable NDE,english,25,2017-10-11T00:00:00.000Z,NA,5035,FALSE,FALSE,FALSE,TRUE,FALSE,FALSE,FALSE,FALSE
8403,M,NDE,United States,NDE,english,20,2017-10-14T00:00:00.000Z,2017-08-06T00:00:00.000Z,11104,TRUE,TRUE,FALSE,TRUE,FALSE,FALSE,FALSE,FALSE
8404,M,Possible NDE,Belgium,Possible NDE,francais,12,2017-10-15T00:00:00.000Z,1980-01-18T00:00:00.000Z,6668,FALSE,FALSE,FALSE,TRUE,FALSE,FALSE,FALSE,FALSE
8405,F,Possible NDE,Switzerland,Possible NDE,french,14,2017-10-15T00:00:00.000Z,2014-02-01T00:00:00.000Z,5151,FALSE,TRUE,FALSE,TRUE,FALSE,FALSE,FALSE,FALSE
8407,M,NDE,United States,NDE,english,4,2017-10-15T00:00:00.000Z,1970-01-01T00:00:00.000Z,2810,TRUE,FALSE,FALSE,FALSE,FALSE,FALSE,FALSE,FALSE
8408,F,NDE,United States,NDE,english,13,2017-10-18T00:00:00.000Z,1972-08-18T00:00:00.000Z,9825,FALSE,FALSE,FALSE,TRUE,FALSE,FALSE,FALSE,FALSE
8410,F,NDE,Germany,NDE,english,16,2017-10-18T00:00:00.000Z,1963-01-18T00:00:00.000Z,9319,TRUE,FALSE,FALSE,TRUE,TRUE,TRUE,FALSE,FALSE
8411,M,NDE,Germany,NDE,deutsch,12,2017-10-18T00:00:00.000Z,1989-10-15T00:00:00.000Z,7349,TRUE,FALSE,FALSE,TRUE,FALSE,FALSE,FALSE,FALSE
8412,M,Probable NDE,Sweden,Probable NDE,svenska,8,2017-10-19T00:00:00.000Z,NA,4027,FALSE,TRUE,FALSE,TRUE,FALSE,FALSE,FALSE,FALSE
8413,F,Probable NDE,United States,Probable NDE,english,12,2017-10-19T00:00:00.000Z,1963-01-18T00:00:00.000Z,7580,FALSE,FALSE,FALSE,TRUE,FALSE,FALSE,FALSE,FALSE
8414,M,Probable NDE,United States,Probable NDE,english,21,2017-10-21T00:00:00.000Z,2004-02-24T00:00:00.000Z,15018,FALSE,FALSE,FALSE,TRUE,FALSE,FALSE,FALSE,FALSE
8416,M,NDE,United States,NDE,english,4,2017-10-22T00:00:00.000Z,2001-01-18T00:00:00.000Z,3651,TRUE,FALSE,FALSE,TRUE,TRUE,FALSE,FALSE,FALSE
8417,M,NDE,South Africa,NDE,english,16,2017-10-23T00:00:00.000Z,1973-01-18T00:00:00.000Z,10063,TRUE,TRUE,FALSE,TRUE,FALSE,FALSE,FALSE,FALSE
8418,M,Probable NDE,United States,Probable NDE,english,10,2017-10-24T00:00:00.000Z,1981-01-01T00:00:00.000Z,5320,TRUE,FALSE,FALSE,TRUE,FALSE,FALSE,FALSE,FALSE
8419,F,NDE,United States,NDE &amp; Shared NDE,english,14,2017-10-25T00:00:00.000Z,1967-08-10T00:00:00.000Z,6228,FALSE,FALSE,FALSE,TRUE,FALSE,FALSE,FALSE,FALSE
8421,F,Probable NDE,France,Probable NDE,english,28,2017-10-28T00:00:00.000Z,2009-01-18T00:00:00.000Z,10313,FALSE,TRUE,FALSE,FALSE,FALSE,FALSE,FALSE,FALSE
8422,M,NDE,India,NDE,english,29,2017-10-30T00:00:00.000Z,1979-12-18T00:00:00.000Z,9945,TRUE,TRUE,TRUE,TRUE,FALSE,TRUE,FALSE,FALSE
8423,F,Probable NDE,United States,Probable NDE,english,8,2017-10-30T00:00:00.000Z,1970-06-17T00:00:00.000Z,5654,TRUE,FALSE,FALSE,TRUE,TRUE,FALSE,FALSE,FALSE
8424,M,NDE,United States,NDE,english,3,2017-11-01T00:00:00.000Z,2010-01-01T00:00:00.000Z,5227,TRUE,FALSE,FALSE,TRUE,FALSE,FALSE,FALSE,FALSE
8425,F,Possible NDE,United States,Possible NDE,english,27,2017-11-01T00:00:00.000Z,1975-01-18T00:00:00.000Z,12106,TRUE,TRUE,FALSE,TRUE,FALSE,FALSE,TRUE,FALSE
8427,F,NDE,India,NDE,english,11,2017-11-03T00:00:00.000Z,2002-02-01T00:00:00.000Z,3929,FALSE,FALSE,FALSE,TRUE,FALSE,FALSE,FALSE,FALSE
8428,F,NDE,United States,NDE,english,14,2017-11-05T00:00:00.000Z,1965-10-18T00:00:00.000Z,9048,TRUE,FALSE,FALSE,TRUE,FALSE,FALSE,FALSE,FALSE
8429,M,Possible NDE,Italy,Possible NDE,italian,10,2017-11-05T00:00:00.000Z,2013-12-18T00:00:00.000Z,2178,FALSE,TRUE,FALSE,FALSE,FALSE,FALSE,FALSE,FALSE
8430,F,FDE,United States,FDE,english,19,2017-11-05T00:00:00.000Z,2015-01-05T00:00:00.000Z,3411,FALSE,FALSE,FALSE,FALSE,FALSE,FALSE,FALSE,FALSE
8434,F,Possible NDE,Canada,Possible NDE,english,12,2017-11-07T00:00:00.000Z,2004-04-18T00:00:00.000Z,7705,TRUE,TRUE,FALSE,TRUE,FALSE,FALSE,FALSE,FALSE
8435,M,NDE,United States,NDE,english,23,2017-11-07T00:00:00.000Z,1981-04-18T00:00:00.000Z,8295,TRUE,FALSE,FALSE,TRUE,FALSE,FALSE,FALSE,FALSE
8436,F,NDE,United States,NDE,english,12,2017-11-12T00:00:00.000Z,2001-01-18T00:00:00.000Z,9106,FALSE,FALSE,FALSE,TRUE,FALSE,FALSE,FALSE,FALSE
8437,M,Probable NDE,Italy,Probable NDE,italiano,19,2017-11-14T00:00:00.000Z,2007-03-29T00:00:00.000Z,3716,TRUE,FALSE,FALSE,TRUE,FALSE,FALSE,FALSE,FALSE
8440,F,NDE,Colombia,NDE,english,24,2017-11-15T00:00:00.000Z,1973-09-18T00:00:00.000Z,14279,TRUE,TRUE,FALSE,TRUE,TRUE,TRUE,TRUE,FALSE
8441,F,NDE,United States,NDE,english,8,2017-11-16T00:00:00.000Z,1966-12-20T00:00:00.000Z,8906,TRUE,TRUE,FALSE,FALSE,TRUE,FALSE,FALSE,FALSE
8444,F,NDE,Croatia,NDE,hrvatski,8,2017-11-20T00:00:00.000Z,1976-05-26T00:00:00.000Z,6756,FALSE,FALSE,FALSE,TRUE,FALSE,FALSE,FALSE,FALSE
8445,F,Probable NDE,United States,Probable NDE,english,10,2017-11-24T00:00:00.000Z,1964-01-18T00:00:00.000Z,5586,TRUE,FALSE,FALSE,TRUE,FALSE,FALSE,FALSE,FALSE
8447,M,NDE,France,NDE,french,17,2017-11-24T00:00:00.000Z,2004-01-18T00:00:00.000Z,13695,TRUE,TRUE,FALSE,TRUE,FALSE,FALSE,FALSE,FALSE
8448,M,NDE,Canada,NDE,persian,9,2017-11-25T00:00:00.000Z,1986-01-18T00:00:00.000Z,3249,TRUE,FALSE,FALSE,TRUE,FALSE,FALSE,FALSE,FALSE
8449,M,NDE,United States,NDE,english,16,2017-11-25T00:00:00.000Z,2012-09-15T00:00:00.000Z,4808,TRUE,FALSE,FALSE,FALSE,TRUE,FALSE,FALSE,FALSE
8450,F,Possible NDE,Australia,Possible NDE,english,2,2017-11-25T00:00:00.000Z,1966-01-18T00:00:00.000Z,2670,TRUE,FALSE,FALSE,FALSE,TRUE,FALSE,FALSE,FALSE
8453,F,NDE,Italy,NDE,italiano,16,2017-11-29T00:00:00.000Z,2011-11-11T00:00:00.000Z,5321,FALSE,FALSE,FALSE,FALSE,FALSE,FALSE,FALSE,FALSE
8454,F,NDE,New Zealand,NDE,english,16,2017-12-01T00:00:00.000Z,2016-05-19T00:00:00.000Z,13398,TRUE,FALSE,FALSE,TRUE,FALSE,FALSE,FALSE,FALSE
8456,F,Probable NDE,United States,Probable NDE,english,5,2017-12-05T00:00:00.000Z,2017-12-01T00:00:00.000Z,4879,FALSE,FALSE,FALSE,TRUE,FALSE,FALSE,FALSE,FALSE
8458,M,NDE,United States,NDEs,english,16,2017-12-05T00:00:00.000Z,1999-01-01T00:00:00.000Z,14602,FALSE,FALSE,FALSE,TRUE,FALSE,FALSE,FALSE,FALSE
8459,F,NDE,France,Secondhand NDE,español,15,2017-12-07T00:00:00.000Z,1954-01-18T00:00:00.000Z,2959,TRUE,FALSE,FALSE,TRUE,TRUE,FALSE,FALSE,FALSE
8460,F,NDE,United States,NDE,english,12,2017-12-10T00:00:00.000Z,1976-01-01T00:00:00.000Z,15640,FALSE,FALSE,FALSE,TRUE,FALSE,FALSE,FALSE,FALSE
8465,F,Possible NDE,Romania,Possible NDE,romana,8,2017-12-14T00:00:00.000Z,2012-01-01T00:00:00.000Z,3531,FALSE,FALSE,FALSE,TRUE,FALSE,FALSE,FALSE,FALSE
8466,F,NDE,United States,NDE,english,14,2017-12-15T00:00:00.000Z,1994-01-01T00:00:00.000Z,14292,FALSE,FALSE,FALSE,TRUE,FALSE,FALSE,FALSE,FALSE
8469,F,NDE,Spain,NDE,español,12,2017-12-17T00:00:00.000Z,1999-01-27T00:00:00.000Z,5932,FALSE,FALSE,FALSE,TRUE,FALSE,FALSE,FALSE,FALSE
8471,F,Possible NDE,Portugal,Possible NDE,português,7,2017-12-20T00:00:00.000Z,2012-09-02T00:00:00.000Z,5572,TRUE,FALSE,FALSE,TRUE,FALSE,FALSE,FALSE,FALSE
8473,F,FDE,United States,FDE,english,8,2017-12-22T00:00:00.000Z,2001-01-18T00:00:00.000Z,3427,TRUE,FALSE,FALSE,TRUE,FALSE,FALSE,FALSE,FALSE
8475,M,Probable NDE,United States,Probable NDE,english,4,2017-12-26T00:00:00.000Z,1978-08-18T00:00:00.000Z,5232,FALSE,FALSE,FALSE,TRUE,FALSE,FALSE,FALSE,FALSE
8476,M,NDE,United States,NDE,english,9,2017-12-30T00:00:00.000Z,1973-01-18T00:00:00.000Z,5440,TRUE,FALSE,FALSE,FALSE,TRUE,FALSE,FALSE,FALSE
8477,F,Possible NDE,United States,Possible NDE,english,19,2017-12-31T00:00:00.000Z,2015-07-24T00:00:00.000Z,20397,FALSE,FALSE,TRUE,TRUE,FALSE,FALSE,FALSE,FALSE
8478,M,NDE,United States,NDE,english,8,2017-12-31T00:00:00.000Z,1992-01-18T00:00:00.000Z,2259,TRUE,FALSE,FALSE,FALSE,FALSE,FALSE,FALSE,FALSE
8482,M,Probable NDE,India,Probable NDE,english,5,2018-01-06T00:00:00.000Z,2012-01-18T00:00:00.000Z,4815,FALSE,FALSE,FALSE,TRUE,FALSE,FALSE,FALSE,FALSE
8483,F,NDE,United States,NDE,english,14,2018-01-07T00:00:00.000Z,1967-01-18T00:00:00.000Z,3829,FALSE,FALSE,FALSE,TRUE,FALSE,FALSE,FALSE,FALSE
8485,F,NDE,United States,NDE,english,2,2018-01-08T00:00:00.000Z,1986-11-17T00:00:00.000Z,2421,TRUE,FALSE,FALSE,TRUE,TRUE,FALSE,FALSE,FALSE
8486,F,Probable NDE,Argentina,Probable NDE,español,21,2018-01-09T00:00:00.000Z,2011-04-28T00:00:00.000Z,8075,FALSE,TRUE,FALSE,FALSE,FALSE,FALSE,FALSE,FALSE
8489,M,NDE,China,NDE,chinese,11,2018-01-12T00:00:00.000Z,1979-01-01T00:00:00.000Z,4338,TRUE,FALSE,FALSE,FALSE,FALSE,FALSE,FALSE,FALSE
8490,M,NDE,Spain,NDE,español,10,2018-01-13T00:00:00.000Z,1994-01-18T00:00:00.000Z,7883,FALSE,FALSE,FALSE,TRUE,FALSE,FALSE,FALSE,FALSE
8492,M,NDE,United States,NDE,english,19,2018-01-19T00:00:00.000Z,2017-11-19T00:00:00.000Z,4774,FALSE,FALSE,FALSE,TRUE,FALSE,FALSE,FALSE,FALSE
8493,M,NDE,United States,Combined with,english,20,NA,NA,10753,FALSE,TRUE,FALSE,TRUE,FALSE,FALSE,FALSE,FALSE
8494,F,NDE,United States,NDE,english,10,2018-01-21T00:00:00.000Z,1975-10-12T00:00:00.000Z,9064,FALSE,TRUE,FALSE,TRUE,FALSE,FALSE,FALSE,FALSE
8496,M,Probable NDE,France,Probable NDE,france,14,2018-01-23T00:00:00.000Z,2016-01-01T00:00:00.000Z,4360,TRUE,FALSE,FALSE,TRUE,TRUE,FALSE,FALSE,FALSE
8497,F,NDE,France,Shared NDE,english,22,2018-01-23T00:00:00.000Z,2017-05-28T00:00:00.000Z,5013,TRUE,TRUE,FALSE,TRUE,FALSE,FALSE,FALSE,FALSE
8501,M,NDE,Canada,NDE,english,9,2018-01-30T00:00:00.000Z,1988-01-18T00:00:00.000Z,6679,TRUE,FALSE,FALSE,TRUE,FALSE,FALSE,FALSE,FALSE
8503,M,NDE,United Kingdom,NDE,english,20,2024-04-14T10:00:23.000Z,1985-12-19T00:00:00.000Z,30977,TRUE,TRUE,FALSE,TRUE,FALSE,TRUE,FALSE,FALSE
8505,M,Possible NDE,Indonesia,Possible NDE,english,18,2018-02-04T00:00:00.000Z,1990-01-01T00:00:00.000Z,6724,TRUE,FALSE,FALSE,TRUE,TRUE,FALSE,FALSE,FALSE
8506,F,NDE,Denmark,NDE,dansk,17,2018-02-04T00:00:00.000Z,2009-05-25T00:00:00.000Z,2790,TRUE,FALSE,FALSE,TRUE,FALSE,FALSE,FALSE,FALSE
8507,M,NDE,United States,NDE,english,17,2018-02-08T00:00:00.000Z,1973-01-01T00:00:00.000Z,9901,TRUE,FALSE,FALSE,TRUE,TRUE,FALSE,FALSE,FALSE
8508,F,NDE,United States,NDE,english,16,2018-02-11T00:00:00.000Z,1994-06-08T00:00:00.000Z,4949,TRUE,FALSE,FALSE,TRUE,TRUE,FALSE,FALSE,FALSE
8509,F,NDE,Texas,NDE,english,15,2018-02-11T00:00:00.000Z,2014-07-23T00:00:00.000Z,8386,TRUE,FALSE,FALSE,TRUE,TRUE,FALSE,FALSE,FALSE
8511,F,Possible NDE,United States,Possible NDE,english,5,2018-02-13T00:00:00.000Z,2014-04-18T00:00:00.000Z,4932,TRUE,FALSE,FALSE,TRUE,FALSE,FALSE,FALSE,FALSE
8512,F,Probable NDE,United States,Probable NDE,english,13,2018-02-15T00:00:00.000Z,1980-01-18T00:00:00.000Z,5362,TRUE,FALSE,FALSE,TRUE,FALSE,FALSE,FALSE,FALSE
8515,F,NDE,Louisiana,NDE,english,4,2018-02-19T00:00:00.000Z,2018-02-18T00:00:00.000Z,7278,FALSE,FALSE,FALSE,TRUE,FALSE,FALSE,FALSE,FALSE
8517,F,Possible NDE,United States,Possible NDE,english,9,2018-02-21T00:00:00.000Z,2018-01-07T00:00:00.000Z,8257,FALSE,FALSE,FALSE,FALSE,FALSE,FALSE,FALSE,FALSE
8518,F,Probable NDE,United States,Probable NDE,english,10,2018-02-22T00:00:00.000Z,1966-01-01T00:00:00.000Z,4212,FALSE,FALSE,FALSE,TRUE,FALSE,FALSE,FALSE,FALSE
8519,F,NDE,United States,NDE,english,9,2018-02-22T00:00:00.000Z,2013-10-26T00:00:00.000Z,8145,TRUE,FALSE,FALSE,TRUE,FALSE,FALSE,FALSE,FALSE
8521,M,NDE,Germany,NDE,deutsch,20,2018-02-26T00:00:00.000Z,1993-01-18T00:00:00.000Z,10034,TRUE,TRUE,FALSE,TRUE,FALSE,FALSE,TRUE,FALSE
8523,F,Anesthesia,Italy,Anesthesia Experience,italiano,11,2018-02-26T00:00:00.000Z,2014-01-01T00:00:00.000Z,2988,TRUE,FALSE,FALSE,TRUE,FALSE,FALSE,FALSE,FALSE
8525,F,NDE,Oregon,NDE,english,26,2018-03-06T00:00:00.000Z,1986-05-18T00:00:00.000Z,18120,FALSE,TRUE,FALSE,TRUE,FALSE,FALSE,FALSE,FALSE
8526,M,NDE,Argentina,NDE,español,19,2018-03-12T00:00:00.000Z,1969-02-21T00:00:00.000Z,5069,FALSE,TRUE,FALSE,FALSE,FALSE,FALSE,FALSE,FALSE
8528,M,NDE,United States,NDE,english,4,2018-03-16T00:00:00.000Z,2005-01-01T00:00:00.000Z,7709,TRUE,FALSE,FALSE,TRUE,FALSE,FALSE,FALSE,FALSE
8529,M,Probable NDE,South Africa,Probable NDE,english,10,2018-03-17T00:00:00.000Z,1985-01-18T00:00:00.000Z,5639,FALSE,FALSE,FALSE,FALSE,FALSE,FALSE,FALSE,FALSE
8530,F,NDE,Italy,NDE,italiano,21,2018-03-17T00:00:00.000Z,1976-09-23T00:00:00.000Z,21557,TRUE,TRUE,FALSE,TRUE,FALSE,FALSE,FALSE,FALSE
8531,M,NDE,Germany,NDE,deutsch,28,2018-03-17T00:00:00.000Z,1991-06-21T00:00:00.000Z,13799,TRUE,TRUE,FALSE,TRUE,TRUE,FALSE,FALSE,FALSE
8533,F,NDE,United States,NDE,english,16,2018-03-20T00:00:00.000Z,1990-05-18T00:00:00.000Z,11099,TRUE,FALSE,FALSE,TRUE,FALSE,FALSE,FALSE,FALSE
8534,M,NDE,United States,NDE,english,16,2018-03-27T00:00:00.000Z,1997-01-18T00:00:00.000Z,6893,FALSE,FALSE,FALSE,TRUE,FALSE,FALSE,FALSE,FALSE
8536,M,NDE,Canada,NDE,english,11,2018-03-27T00:00:00.000Z,1972-05-18T00:00:00.000Z,2575,FALSE,FALSE,FALSE,TRUE,FALSE,FALSE,FALSE,FALSE
8537,F,NDE-Like,Germany,NDE-Like,deutsch,16,2018-03-27T00:00:00.000Z,2002-01-23T00:00:00.000Z,5733,TRUE,TRUE,FALSE,TRUE,FALSE,FALSE,FALSE,FALSE
8538,M,Probable NDE,Australia,Probable NDE,english,17,2018-03-27T00:00:00.000Z,2013-11-07T00:00:00.000Z,2176,TRUE,FALSE,FALSE,TRUE,FALSE,FALSE,FALSE,FALSE
8539,M,Probable NDE,United States,Probable NDE,english,14,2018-03-28T00:00:00.000Z,2017-10-17T00:00:00.000Z,4016,FALSE,FALSE,FALSE,FALSE,FALSE,FALSE,FALSE,FALSE
8541,F,NDE,United Kingdom,NDE,english,3,2018-03-31T00:00:00.000Z,1995-01-18T00:00:00.000Z,7284,FALSE,FALSE,TRUE,TRUE,FALSE,FALSE,FALSE,FALSE
8542,M,Possible NDE,United States,Possible NDE,english,11,2018-04-04T00:00:00.000Z,2018-03-22T00:00:00.000Z,3740,FALSE,FALSE,FALSE,FALSE,FALSE,FALSE,FALSE,FALSE
8543,M,NDE,United States,NDE,english,15,2018-04-04T00:00:00.000Z,1972-01-18T00:00:00.000Z,13088,TRUE,FALSE,FALSE,TRUE,FALSE,FALSE,FALSE,FALSE
8544,F,NDE-Like,Iran,NDE-Like,persian,15,2018-04-05T00:00:00.000Z,NA,5084,TRUE,FALSE,FALSE,TRUE,FALSE,FALSE,FALSE,FALSE
8545,M,NDE,United States,NDE,english,13,2018-04-10T00:00:00.000Z,1992-02-22T00:00:00.000Z,4816,FALSE,TRUE,FALSE,TRUE,FALSE,FALSE,FALSE,FALSE
8548,M,NDE,United States,NDE,english,14,2018-04-13T00:00:00.000Z,2018-01-25T00:00:00.000Z,4379,FALSE,FALSE,FALSE,TRUE,TRUE,FALSE,FALSE,FALSE
8551,F,NDE-Like,N,NDE-Like,francais,22,2018-04-19T00:00:00.000Z,1993-01-18T00:00:00.000Z,17272,TRUE,TRUE,FALSE,TRUE,FALSE,FALSE,FALSE,FALSE
8554,M,STE,United States,STE,english,28,2018-04-23T00:00:00.000Z,2018-02-17T00:00:00.000Z,23566,TRUE,TRUE,FALSE,TRUE,FALSE,FALSE,FALSE,FALSE
8556,F,NDE,United States,NDE,english,20,2018-04-24T00:00:00.000Z,1958-01-18T00:00:00.000Z,19558,TRUE,FALSE,FALSE,TRUE,TRUE,FALSE,TRUE,FALSE
8557,F,NDE,United States,NDE,english,14,2018-04-26T00:00:00.000Z,2000-01-18T00:00:00.000Z,3208,FALSE,FALSE,FALSE,TRUE,FALSE,FALSE,FALSE,FALSE
8558,F,NDE,Iran,NDE,persian,8,2018-10-23T00:00:00.000Z,NA,6400,FALSE,FALSE,FALSE,FALSE,FALSE,FALSE,FALSE,FALSE
8559,M,NDE,United States,NDE,english,27,2018-05-03T00:00:00.000Z,1978-03-20T00:00:00.000Z,20604,TRUE,TRUE,FALSE,TRUE,FALSE,FALSE,FALSE,FALSE
8560,F,Possible NDE,United Kingdom,Possible NDE,english,21,2018-05-08T00:00:00.000Z,2002-01-18T00:00:00.000Z,11286,TRUE,FALSE,FALSE,TRUE,FALSE,FALSE,FALSE,FALSE
8562,M,NDE,Canada,NDE,english,11,2018-05-10T00:00:00.000Z,NA,6453,TRUE,TRUE,TRUE,FALSE,TRUE,FALSE,FALSE,FALSE
8564,M,NDE,Australia,NDE,english,16,2018-05-14T00:00:00.000Z,2012-01-18T00:00:00.000Z,4969,FALSE,FALSE,FALSE,TRUE,FALSE,FALSE,FALSE,FALSE
8565,M,Probable NDE,United States,Probable NDE,english,4,2018-05-17T00:00:00.000Z,2013-11-13T00:00:00.000Z,4291,FALSE,FALSE,FALSE,TRUE,FALSE,FALSE,FALSE,FALSE
8568,M,NDE,Uruguay,NDE,español,5,2018-05-23T00:00:00.000Z,1974-11-25T00:00:00.000Z,3059,TRUE,FALSE,FALSE,TRUE,TRUE,FALSE,FALSE,FALSE
8573,F,Probable NDE,United States,Probable NDE,english,17,2018-05-30T00:00:00.000Z,2016-04-18T00:00:00.000Z,12454,TRUE,TRUE,FALSE,FALSE,FALSE,FALSE,FALSE,FALSE
8583,F,NDE,Canada,NDE,english,19,2018-06-19T00:00:00.000Z,2016-03-19T00:00:00.000Z,7033,TRUE,TRUE,FALSE,TRUE,TRUE,FALSE,FALSE,FALSE
8584,F,Probable NDE,Iran,Probable NDE,persian,2,2018-06-19T00:00:00.000Z,NA,1906,FALSE,FALSE,FALSE,FALSE,FALSE,FALSE,FALSE,FALSE
8585,F,Probable NDE,Portugal,Probable NDE,français,8,2018-06-20T00:00:00.000Z,1974-08-21T00:00:00.000Z,3742,TRUE,FALSE,FALSE,TRUE,FALSE,FALSE,FALSE,FALSE
8587,M,NDE,New Zealand,NDE,english,7,2018-06-29T00:00:00.000Z,2018-05-15T00:00:00.000Z,4443,TRUE,FALSE,FALSE,TRUE,FALSE,FALSE,FALSE,FALSE
8588,F,NDE,Texas,NDE,english,21,2018-06-30T00:00:00.000Z,1996-01-18T00:00:00.000Z,5214,FALSE,TRUE,FALSE,TRUE,FALSE,FALSE,FALSE,FALSE
8590,F,FDE,F,FDE,francais,8,2018-07-05T00:00:00.000Z,1985-01-01T00:00:00.000Z,7929,TRUE,FALSE,FALSE,TRUE,FALSE,FALSE,FALSE,FALSE
8594,M,NDE,United States,NDE,english,24,2018-07-09T00:00:00.000Z,2012-02-27T00:00:00.000Z,9080,TRUE,TRUE,FALSE,TRUE,FALSE,FALSE,FALSE,FALSE
8596,M,NDE,United States,NDE,english,16,2018-07-09T00:00:00.000Z,1982-07-01T00:00:00.000Z,5441,FALSE,FALSE,FALSE,TRUE,FALSE,FALSE,FALSE,FALSE
8597,F,NDE,United States,NDE,english,7,2018-07-11T00:00:00.000Z,1972-09-12T00:00:00.000Z,10783,TRUE,FALSE,FALSE,TRUE,FALSE,FALSE,FALSE,FALSE
8598,M,Probable NDE,Colombia,Probable NDE,español,12,2008-07-12T00:00:00.000Z,1991-01-01T00:00:00.000Z,2302,FALSE,FALSE,FALSE,TRUE,FALSE,FALSE,FALSE,FALSE
8600,M,NDE,United States,NDE,english,24,2018-07-20T00:00:00.000Z,1990-03-18T00:00:00.000Z,3677,TRUE,FALSE,FALSE,TRUE,FALSE,FALSE,FALSE,FALSE
8601,M,Possible NDE,France,Possible NDE,france,12,2018-07-22T00:00:00.000Z,1980-01-18T00:00:00.000Z,6258,FALSE,FALSE,FALSE,TRUE,FALSE,FALSE,FALSE,FALSE
8603,M,NDE,United States,NDE,english,14,2018-07-23T00:00:00.000Z,2017-12-27T00:00:00.000Z,9553,FALSE,FALSE,FALSE,TRUE,FALSE,FALSE,FALSE,FALSE
8604,F,NDE,United States,NDE,english,25,2018-07-24T00:00:00.000Z,2012-03-09T00:00:00.000Z,19239,FALSE,TRUE,FALSE,TRUE,FALSE,FALSE,TRUE,FALSE
8606,F,NDE,United States,NDE,english,14,2018-07-25T00:00:00.000Z,1980-01-18T00:00:00.000Z,7253,TRUE,TRUE,FALSE,TRUE,TRUE,FALSE,TRUE,FALSE
8608,F,NDE,China,NDE,chinese,9,2018-08-03T00:00:00.000Z,1987-01-18T00:00:00.000Z,2826,TRUE,FALSE,FALSE,FALSE,FALSE,FALSE,FALSE,FALSE
8612,F,Possible NDE,Spain,Possible NDE,españa,5,2018-08-07T00:00:00.000Z,2014-10-24T00:00:00.000Z,3172,FALSE,FALSE,FALSE,TRUE,FALSE,FALSE,FALSE,FALSE
8614,F,Probable NDE,United States,Probable NDE,english,6,2018-08-08T00:00:00.000Z,1991-08-18T00:00:00.000Z,5153,FALSE,FALSE,TRUE,TRUE,FALSE,FALSE,FALSE,FALSE
8617,M,NDE,United States,NDE,english,18,2018-08-14T00:00:00.000Z,2018-08-10T00:00:00.000Z,9419,TRUE,FALSE,FALSE,TRUE,FALSE,FALSE,FALSE,FALSE
8619,F,FDE,Egypt,FDE,english,4,2018-08-15T00:00:00.000Z,2004-01-18T00:00:00.000Z,2544,TRUE,FALSE,FALSE,TRUE,FALSE,FALSE,FALSE,FALSE
8620,M,NDE,United Kingdom,NDE,english,11,2018-08-16T00:00:00.000Z,1981-03-18T00:00:00.000Z,6278,TRUE,FALSE,FALSE,TRUE,FALSE,FALSE,FALSE,FALSE
8621,M,Probable NDE,United States,Probable NDE,english,19,2018-08-20T00:00:00.000Z,2007-11-18T00:00:00.000Z,5434,FALSE,TRUE,FALSE,TRUE,FALSE,FALSE,FALSE,FALSE
8623,F,Possible NDE,Australia,Possible NDE,english,2,2018-08-30T00:00:00.000Z,1963-01-07T00:00:00.000Z,2325,TRUE,FALSE,FALSE,TRUE,TRUE,FALSE,FALSE,FALSE
8624,F,NDE,United Kingdom,NDE,english,16,2018-08-30T00:00:00.000Z,1988-05-03T00:00:00.000Z,6010,FALSE,FALSE,FALSE,TRUE,FALSE,FALSE,FALSE,FALSE
8625,M,Possible NDE,Ireland,Possible NDE,english,19,2018-09-01T00:00:00.000Z,2012-07-21T00:00:00.000Z,2676,FALSE,FALSE,FALSE,FALSE,FALSE,FALSE,FALSE,FALSE
8626,F,Possible NDE,United Kingdom,Possible NDE,english,7,2018-09-01T00:00:00.000Z,2017-09-18T00:00:00.000Z,3548,FALSE,FALSE,FALSE,TRUE,FALSE,FALSE,FALSE,FALSE
8628,F,NDE-Like,Iran,NDE-like,persian,15,2018-09-03T00:00:00.000Z,NA,9208,FALSE,TRUE,FALSE,FALSE,FALSE,FALSE,FALSE,FALSE
8630,M,NDE,United States,NA,english,22,NA,NA,10476,TRUE,TRUE,FALSE,TRUE,FALSE,FALSE,FALSE,FALSE
8631,M,NDE,United States,NDE,english,5,2018-09-06T00:00:00.000Z,2011-09-16T00:00:00.000Z,8701,FALSE,FALSE,FALSE,TRUE,FALSE,FALSE,FALSE,FALSE
8633,F,NDE,New Zealand,NDE,english,23,2018-09-09T00:00:00.000Z,2017-03-05T00:00:00.000Z,6253,TRUE,FALSE,FALSE,TRUE,FALSE,FALSE,FALSE,FALSE
8634,M,NDE,United States,NA,english,22,NA,NA,10476,TRUE,TRUE,FALSE,TRUE,FALSE,FALSE,FALSE,FALSE
8635,M,NDE,United States,NDE,english,14,2018-09-09T00:00:00.000Z,1976-01-18T00:00:00.000Z,14466,TRUE,FALSE,FALSE,TRUE,FALSE,FALSE,FALSE,FALSE
8637,M,NDE,United States,NDE,english,7,2018-09-10T00:00:00.000Z,2011-05-22T00:00:00.000Z,3991,TRUE,FALSE,FALSE,TRUE,FALSE,FALSE,FALSE,FALSE
8640,M,NDE,United States,NDEs,english,21,2018-09-12T00:00:00.000Z,1983-01-01T00:00:00.000Z,17995,TRUE,FALSE,FALSE,TRUE,FALSE,FALSE,FALSE,FALSE
8643,F,Possible NDE,United States,Possible NDE,english,6,2018-09-15T00:00:00.000Z,1956-01-18T00:00:00.000Z,2264,TRUE,FALSE,FALSE,TRUE,FALSE,FALSE,FALSE,FALSE
8647,M,NDE,United States,NDE,english,8,2018-09-25T00:00:00.000Z,2016-01-01T00:00:00.000Z,8919,FALSE,FALSE,FALSE,TRUE,FALSE,FALSE,FALSE,FALSE
8648,F,NDE,Croatia,NDE,english,17,2018-09-25T00:00:00.000Z,2018-06-16T00:00:00.000Z,9532,TRUE,TRUE,FALSE,TRUE,FALSE,FALSE,FALSE,FALSE
8649,M,Probable NDE,Russia,Probable NDE,français,19,2018-09-25T00:00:00.000Z,2000-01-01T00:00:00.000Z,12700,FALSE,TRUE,FALSE,TRUE,FALSE,FALSE,FALSE,FALSE
8650,F,NDE-Like,U,NDE-like,english,22,2018-10-01T00:00:00.000Z,1985-06-18T00:00:00.000Z,19675,FALSE,TRUE,FALSE,TRUE,FALSE,FALSE,FALSE,FALSE
8651,F,NDE,United States,NDE,english,7,2018-10-05T00:00:00.000Z,1985-01-18T00:00:00.000Z,6144,TRUE,FALSE,FALSE,TRUE,FALSE,FALSE,FALSE,FALSE
8653,F,NDE,United States,NDE,english,1,2018-10-06T00:00:00.000Z,1987-05-18T00:00:00.000Z,9233,TRUE,FALSE,FALSE,FALSE,TRUE,FALSE,FALSE,FALSE
8655,M,NDE,Virginia,NDE,english,23,2018-10-09T00:00:00.000Z,1968-07-18T00:00:00.000Z,4648,TRUE,TRUE,FALSE,FALSE,TRUE,FALSE,FALSE,FALSE
8657,M,NDE,United States,NDE,english,14,2018-10-15T00:00:00.000Z,2010-11-18T00:00:00.000Z,2270,TRUE,FALSE,FALSE,TRUE,FALSE,FALSE,FALSE,FALSE
8658,M,NDE,United States,NDE,english,5,2018-10-15T00:00:00.000Z,2014-12-16T00:00:00.000Z,6052,TRUE,FALSE,FALSE,TRUE,TRUE,FALSE,FALSE,FALSE
8659,F,NDE,Haiti,NDE,english,16,2018-10-16T00:00:00.000Z,1975-01-01T00:00:00.000Z,6933,TRUE,FALSE,FALSE,TRUE,FALSE,FALSE,FALSE,FALSE
8661,M,NDE,United States,NDE,english,15,2018-10-18T00:00:00.000Z,1995-10-04T00:00:00.000Z,4693,FALSE,FALSE,FALSE,TRUE,FALSE,FALSE,FALSE,FALSE
8662,F,Possible NDE,United States,Possible NDE,english,7,2018-10-19T00:00:00.000Z,2001-07-18T00:00:00.000Z,2225,FALSE,FALSE,FALSE,FALSE,FALSE,FALSE,FALSE,FALSE
8663,F,Possible NDE,Denmark,Possible NDE,danmark,9,2018-10-23T00:00:00.000Z,1965-01-01T00:00:00.000Z,4312,TRUE,FALSE,FALSE,TRUE,FALSE,FALSE,FALSE,FALSE
8664,F,NDE,Iran,NDE,persian,8,2018-10-23T00:00:00.000Z,NA,6400,FALSE,FALSE,FALSE,FALSE,FALSE,FALSE,FALSE,FALSE
8665,F,Possible NDE,United States,Possible NDE,english,7,2018-10-23T00:00:00.000Z,1964-01-18T00:00:00.000Z,9232,FALSE,FALSE,FALSE,TRUE,FALSE,FALSE,FALSE,FALSE
8667,F,Possible NDE,United States,Possible NDE,english,10,2018-10-24T00:00:00.000Z,2024-01-11T00:00:00.000Z,8126,TRUE,FALSE,FALSE,TRUE,FALSE,FALSE,FALSE,FALSE
8668,F,FDE,South Africa,FDE,english,11,2018-10-24T00:00:00.000Z,1967-01-01T00:00:00.000Z,10602,TRUE,FALSE,FALSE,TRUE,FALSE,FALSE,FALSE,FALSE
8669,F,NDE,Liverpool,NDE,español,9,2018-10-25T00:00:00.000Z,1985-02-16T00:00:00.000Z,6864,TRUE,FALSE,FALSE,TRUE,FALSE,FALSE,FALSE,FALSE
8670,F,NDE,United States,NDE,english,12,2018-10-25T00:00:00.000Z,2003-01-18T00:00:00.000Z,5142,TRUE,FALSE,FALSE,FALSE,TRUE,FALSE,FALSE,FALSE
8671,M,FDE,United States,FDE,english,3,2018-10-27T00:00:00.000Z,1979-06-18T00:00:00.000Z,4668,TRUE,FALSE,FALSE,FALSE,FALSE,FALSE,FALSE,FALSE
8673,M,NDE,Canada,NDE,english,4,2018-11-03T00:00:00.000Z,1975-01-18T00:00:00.000Z,6343,TRUE,FALSE,FALSE,TRUE,FALSE,FALSE,FALSE,FALSE
8675,F,Probable NDE,United States,Probable NDE,english,19,2018-11-07T00:00:00.000Z,2007-01-18T00:00:00.000Z,5735,FALSE,FALSE,FALSE,TRUE,FALSE,FALSE,FALSE,FALSE
8677,F,NDE,United States,NDE,english,5,2018-11-09T00:00:00.000Z,1983-01-01T00:00:00.000Z,2006,TRUE,FALSE,FALSE,FALSE,FALSE,FALSE,FALSE,FALSE
8678,M,Probable NDE,United States,Probable NDE,english,17,2018-11-12T00:00:00.000Z,2018-05-04T00:00:00.000Z,5655,FALSE,FALSE,FALSE,TRUE,FALSE,FALSE,FALSE,FALSE
8679,M,Probable NDE,United States,Probable NDE,english,14,2018-11-12T00:00:00.000Z,2014-08-16T00:00:00.000Z,21420,TRUE,TRUE,FALSE,TRUE,TRUE,FALSE,FALSE,FALSE
8680,F,NDE,United States,NDE,english,24,2018-11-12T00:00:00.000Z,2017-01-02T00:00:00.000Z,16601,FALSE,TRUE,FALSE,TRUE,FALSE,FALSE,FALSE,FALSE
8681,M,NDE,United States,NDE,english,9,2018-11-13T00:00:00.000Z,1968-08-18T00:00:00.000Z,2558,TRUE,FALSE,FALSE,TRUE,FALSE,FALSE,FALSE,FALSE
8684,F,NDE,Germany,NDE,deutsch,4,2018-11-15T00:00:00.000Z,2005-12-15T00:00:00.000Z,2316,TRUE,FALSE,FALSE,TRUE,FALSE,FALSE,FALSE,FALSE
8685,F,NDE,Austria,NDE,deutsch,14,2018-11-17T00:00:00.000Z,1994-01-01T00:00:00.000Z,2812,TRUE,FALSE,FALSE,FALSE,TRUE,FALSE,FALSE,FALSE
8688,M,NDE,United States,NDE,english,17,2018-11-25T00:00:00.000Z,2016-10-06T00:00:00.000Z,17217,FALSE,FALSE,FALSE,TRUE,FALSE,FALSE,TRUE,FALSE
8689,M,NELE,U,NELE,english,13,2018-11-25T00:00:00.000Z,2011-10-31T00:00:00.000Z,3678,FALSE,TRUE,FALSE,FALSE,FALSE,FALSE,FALSE,FALSE
8694,M,NDE,United States,NDE,english,10,2018-12-01T00:00:00.000Z,1992-01-18T00:00:00.000Z,3251,TRUE,FALSE,FALSE,TRUE,FALSE,FALSE,FALSE,FALSE
8695,F,NDE,Turkey,NDE,türkçe,15,2018-12-02T00:00:00.000Z,2016-01-28T00:00:00.000Z,3823,FALSE,FALSE,FALSE,TRUE,FALSE,FALSE,FALSE,FALSE
8696,F,NDE,United States,NDEs,english,30,NA,NA,0,TRUE,FALSE,TRUE,TRUE,TRUE,FALSE,FALSE,FALSE
8697,F,NDE,UAE,NDE,english,24,2018-12-08T00:00:00.000Z,2018-05-03T00:00:00.000Z,5184,TRUE,FALSE,FALSE,TRUE,FALSE,FALSE,FALSE,FALSE
8698,M,NDE,United States,NDE,english,18,2018-12-09T00:00:00.000Z,2012-01-18T00:00:00.000Z,11829,TRUE,FALSE,FALSE,TRUE,FALSE,FALSE,FALSE,FALSE
8699,M,NDE,United States,NDE,english,13,2018-12-10T00:00:00.000Z,1982-01-18T00:00:00.000Z,5836,TRUE,FALSE,FALSE,TRUE,FALSE,FALSE,FALSE,FALSE
8702,M,NDE,United States,NDE,english,8,2018-12-12T00:00:00.000Z,1971-01-18T00:00:00.000Z,3320,TRUE,FALSE,FALSE,TRUE,TRUE,FALSE,FALSE,FALSE
8703,F,NDE,United States,NDEs,english,26,2018-12-12T00:00:00.000Z,2015-09-02T00:00:00.000Z,27102,TRUE,TRUE,FALSE,TRUE,FALSE,FALSE,FALSE,FALSE
8704,F,NDE,United States,NDE,english,7,2018-12-14T00:00:00.000Z,2008-12-11T00:00:00.000Z,12188,TRUE,FALSE,FALSE,TRUE,TRUE,FALSE,FALSE,FALSE
8705,F,Possible NDE,India,Possible NDE,english,10,2018-12-14T00:00:00.000Z,2018-06-15T00:00:00.000Z,5697,FALSE,FALSE,FALSE,TRUE,FALSE,FALSE,FALSE,FALSE
8706,F,NDE-Like,United States,NDE-like,english,11,2018-12-14T00:00:00.000Z,2011-03-09T00:00:00.000Z,7730,TRUE,TRUE,FALSE,TRUE,FALSE,FALSE,FALSE,FALSE
8709,F,Probable NDE,United Kingdom,Probable NDE,english,21,2018-12-22T00:00:00.000Z,1991-01-18T00:00:00.000Z,12054,FALSE,FALSE,FALSE,FALSE,FALSE,FALSE,FALSE,FALSE
8711,F,NDE,United States,NDE,english,8,2018-12-24T00:00:00.000Z,1976-01-18T00:00:00.000Z,10666,TRUE,FALSE,FALSE,TRUE,FALSE,FALSE,FALSE,FALSE
8713,M,NDE,Iran,NDE,persian,4,2018-12-24T00:00:00.000Z,1999-01-18T00:00:00.000Z,2970,TRUE,FALSE,FALSE,FALSE,FALSE,FALSE,FALSE,FALSE
8716,M,Probable NDE,South Korea,Probable NDE and STE,english,15,2018-12-31T00:00:00.000Z,NA,5912,TRUE,FALSE,TRUE,TRUE,FALSE,FALSE,FALSE,FALSE
8718,M,NDE,United States,NDE,english,15,2019-01-02T00:00:00.000Z,1976-01-18T00:00:00.000Z,13009,TRUE,FALSE,FALSE,TRUE,TRUE,FALSE,FALSE,FALSE
8720,F,Possible NDE,United Kingdom,Possible NDE,english,5,2019-01-04T00:00:00.000Z,1995-05-18T00:00:00.000Z,1723,FALSE,FALSE,FALSE,TRUE,FALSE,FALSE,FALSE,FALSE
8722,M,NDE,Italy,NDE,italian,23,2019-01-07T00:00:00.000Z,2018-01-01T00:00:00.000Z,7807,TRUE,TRUE,FALSE,TRUE,FALSE,TRUE,FALSE,FALSE
8724,F,NDE,United States,NDE,english,24,2019-01-09T00:00:00.000Z,2017-12-07T00:00:00.000Z,17245,FALSE,TRUE,FALSE,TRUE,TRUE,TRUE,TRUE,FALSE
8726,M,NDE,United States,NDE,english,27,2019-01-14T00:00:00.000Z,1978-01-01T00:00:00.000Z,6754,TRUE,FALSE,TRUE,TRUE,FALSE,FALSE,FALSE,FALSE
8728,F,NDE,Denmark,NDE,danish,15,2019-01-14T00:00:00.000Z,1967-08-18T00:00:00.000Z,15945,FALSE,TRUE,FALSE,TRUE,FALSE,FALSE,FALSE,FALSE
8732,F,NDE,United States,NDE,english,18,2019-01-28T00:00:00.000Z,2006-11-01T00:00:00.000Z,5380,FALSE,TRUE,FALSE,TRUE,FALSE,FALSE,FALSE,FALSE
8736,M,NDE,Iran,NDE,persian,12,2019-02-03T00:00:00.000Z,2017-01-18T00:00:00.000Z,6470,FALSE,FALSE,FALSE,TRUE,FALSE,FALSE,FALSE,FALSE
8737,M,Possible NDE,Unknown,Possible NDE,español,13,2019-02-03T00:00:00.000Z,2017-11-03T00:00:00.000Z,3666,TRUE,TRUE,FALSE,FALSE,FALSE,FALSE,FALSE,FALSE
8738,F,NDE,United States,NDE,english,13,2019-02-09T00:00:00.000Z,2016-05-18T00:00:00.000Z,8586,TRUE,TRUE,FALSE,TRUE,FALSE,FALSE,FALSE,FALSE
8739,F,STE,Canada,STE,english,16,2019-02-10T00:00:00.000Z,2018-01-13T00:00:00.000Z,17758,TRUE,FALSE,FALSE,FALSE,FALSE,FALSE,FALSE,FALSE
8740,M,Possible NDE,United States,Possible NDE,english,4,2019-02-13T00:00:00.000Z,2018-02-13T00:00:00.000Z,5169,TRUE,FALSE,FALSE,FALSE,FALSE,FALSE,FALSE,FALSE
8742,M,NDE,Poland,NDE,polski,23,2019-02-16T00:00:00.000Z,2000-01-18T00:00:00.000Z,4444,TRUE,FALSE,FALSE,TRUE,FALSE,FALSE,FALSE,FALSE
8744,F,NDE,United States,NDE,english,20,2019-02-19T00:00:00.000Z,2006-01-18T00:00:00.000Z,20288,TRUE,TRUE,FALSE,TRUE,FALSE,FALSE,FALSE,FALSE
8747,F,NDE,Belgium,NDE,french,27,2019-02-21T00:00:00.000Z,1981-01-18T00:00:00.000Z,9946,FALSE,TRUE,FALSE,TRUE,FALSE,FALSE,FALSE,FALSE
8748,F,NDE,United States,NDE,english,19,2019-02-21T00:00:00.000Z,1968-12-18T00:00:00.000Z,10744,TRUE,TRUE,FALSE,TRUE,FALSE,FALSE,FALSE,FALSE
8750,F,FDE,United States,FDE,english,22,2019-02-23T00:00:00.000Z,2019-01-12T00:00:00.000Z,6704,TRUE,TRUE,FALSE,FALSE,FALSE,FALSE,FALSE,FALSE
8751,M,NDE,United Kingdom,NDE,english,11,2019-02-25T00:00:00.000Z,1978-01-01T00:00:00.000Z,3711,TRUE,FALSE,FALSE,TRUE,FALSE,FALSE,FALSE,FALSE
8752,F,NDE,United States,NDE,english,4,2019-02-26T00:00:00.000Z,1978-02-07T00:00:00.000Z,9206,TRUE,FALSE,FALSE,TRUE,TRUE,FALSE,FALSE,FALSE
8753,M,NDE,United States,NDE,english,21,2019-02-28T00:00:00.000Z,1999-04-04T00:00:00.000Z,9921,TRUE,FALSE,FALSE,TRUE,TRUE,FALSE,FALSE,FALSE
8754,F,Probable NDE,Canada,Probable NDE,english,10,2019-03-01T00:00:00.000Z,2018-03-06T00:00:00.000Z,2625,FALSE,FALSE,FALSE,TRUE,FALSE,FALSE,FALSE,FALSE
8756,F,NDE,Spain,NDE,español,13,2019-03-04T00:00:00.000Z,2013-01-18T00:00:00.000Z,7824,FALSE,FALSE,FALSE,FALSE,FALSE,FALSE,FALSE,FALSE
8757,F,Probable NDE,Namibia,Probable NDE,english,26,2019-03-05T00:00:00.000Z,2006-06-14T00:00:00.000Z,13637,FALSE,FALSE,FALSE,FALSE,FALSE,FALSE,FALSE,FALSE
8759,F,NDE,United States,NDE,english,17,2019-03-05T00:00:00.000Z,1988-11-29T00:00:00.000Z,6280,FALSE,FALSE,FALSE,TRUE,FALSE,FALSE,FALSE,FALSE
8760,F,STE,United States,STE,english,12,2019-03-07T00:00:00.000Z,1984-02-23T00:00:00.000Z,11654,TRUE,TRUE,FALSE,TRUE,FALSE,FALSE,FALSE,FALSE
8762,F,Probable NDE,Germany,Probable NDE,deutsch,21,2019-03-10T00:00:00.000Z,2014-01-16T00:00:00.000Z,7559,FALSE,TRUE,FALSE,FALSE,FALSE,FALSE,FALSE,FALSE
8764,F,Possible NDE,United States,Possible NDE,english,15,2019-03-13T00:00:00.000Z,1996-05-18T00:00:00.000Z,10951,FALSE,FALSE,FALSE,TRUE,FALSE,FALSE,FALSE,FALSE
8765,M,NDE,United States,NDE,english,24,2019-03-20T00:00:00.000Z,2011-01-01T00:00:00.000Z,6552,FALSE,FALSE,FALSE,TRUE,FALSE,FALSE,FALSE,FALSE
8766,F,NDE,United States,NDE,english,15,2019-03-21T00:00:00.000Z,2016-09-02T00:00:00.000Z,6686,TRUE,TRUE,FALSE,TRUE,FALSE,FALSE,FALSE,FALSE
8767,F,Possible NDE,Egypt,Possible NDE,english,16,2019-03-23T00:00:00.000Z,2017-09-18T00:00:00.000Z,6144,TRUE,TRUE,FALSE,TRUE,FALSE,FALSE,FALSE,FALSE
8770,M,NDE,United States,NDE,english,10,2019-03-29T00:00:00.000Z,1963-06-18T00:00:00.000Z,5228,TRUE,FALSE,FALSE,FALSE,TRUE,FALSE,FALSE,FALSE
8771,F,NDE,Italy,NDE,english,14,2019-03-31T00:00:00.000Z,1997-01-18T00:00:00.000Z,30515,FALSE,FALSE,FALSE,TRUE,FALSE,FALSE,FALSE,FALSE
8772,F,NDE,Italy,NDE,english,14,2019-03-31T00:00:00.000Z,1997-01-18T00:00:00.000Z,30515,FALSE,FALSE,FALSE,TRUE,FALSE,FALSE,FALSE,FALSE
8774,F,NDE,South Africa,NDE,english,22,2019-04-10T00:00:00.000Z,1975-01-18T00:00:00.000Z,6619,TRUE,FALSE,FALSE,TRUE,FALSE,TRUE,FALSE,FALSE
8775,M,Probable NDE,Italy,Probable NDE,italiano,19,2019-04-11T00:00:00.000Z,2017-01-01T00:00:00.000Z,7697,TRUE,FALSE,FALSE,TRUE,TRUE,FALSE,FALSE,FALSE
8777,F,Possible NDE,United States,Possible NDE &amp; FDE,english,11,2019-04-15T00:00:00.000Z,2016-01-01T00:00:00.000Z,4863,FALSE,FALSE,FALSE,FALSE,FALSE,FALSE,FALSE,FALSE
8778,F,NDE-Like,England,NDE-like,english,18,2019-04-15T00:00:00.000Z,2013-04-02T00:00:00.000Z,12487,TRUE,TRUE,FALSE,TRUE,TRUE,FALSE,FALSE,FALSE
8779,M,Probable NDE,United States,Probable NDE,english,15,2019-04-15T00:00:00.000Z,1997-07-15T00:00:00.000Z,5089,TRUE,FALSE,FALSE,TRUE,FALSE,FALSE,FALSE,FALSE
8780,F,NDE,Spain,NDE,español,19,2019-04-18T00:00:00.000Z,2009-07-09T00:00:00.000Z,12347,FALSE,TRUE,TRUE,TRUE,FALSE,FALSE,FALSE,FALSE
8783,M,NDE-Like,United States,NDE-like,english,21,2019-04-18T00:00:00.000Z,2003-01-18T00:00:00.000Z,17404,TRUE,TRUE,FALSE,TRUE,FALSE,FALSE,FALSE,FALSE
8788,M,Probable NDE,United States,NDE,english,9,2019-04-30T00:00:00.000Z,1955-01-18T00:00:00.000Z,4317,TRUE,FALSE,FALSE,TRUE,FALSE,FALSE,FALSE,FALSE
8790,M,Possible NDE,United States,Possible NDE,english,14,2019-04-30T00:00:00.000Z,2018-10-17T00:00:00.000Z,1789,FALSE,FALSE,FALSE,TRUE,FALSE,FALSE,FALSE,FALSE
8794,M,FDE,U,FDE,english,8,2019-05-06T00:00:00.000Z,2018-06-04T00:00:00.000Z,3550,FALSE,FALSE,FALSE,FALSE,FALSE,FALSE,FALSE,FALSE
8796,F,NDE,New Zealand,NDE,english,20,2019-05-07T00:00:00.000Z,2014-01-18T00:00:00.000Z,13225,TRUE,FALSE,TRUE,TRUE,FALSE,FALSE,FALSE,FALSE
8798,F,NDE,United States,NDE,english,3,2019-05-10T00:00:00.000Z,1976-01-18T00:00:00.000Z,8730,FALSE,TRUE,FALSE,TRUE,FALSE,FALSE,FALSE,FALSE
8799,F,NDE,France,NDE,français,13,2019-05-13T00:00:00.000Z,2018-01-01T00:00:00.000Z,4735,TRUE,FALSE,FALSE,TRUE,FALSE,FALSE,FALSE,FALSE
8801,F,Probable NDE,South Africa,Probable NDE,english,17,2019-05-16T00:00:00.000Z,2018-09-18T00:00:00.000Z,15262,FALSE,TRUE,FALSE,TRUE,FALSE,FALSE,FALSE,FALSE
8802,M,Probable NDE,Italy,Probable NDE,italiano,12,2019-05-16T00:00:00.000Z,1977-01-18T00:00:00.000Z,5609,TRUE,FALSE,FALSE,TRUE,TRUE,FALSE,FALSE,FALSE
8803,F,Probable NDE,Iran,Probable NDE,persian,16,2019-05-17T00:00:00.000Z,NA,3093,TRUE,FALSE,FALSE,TRUE,FALSE,FALSE,TRUE,FALSE
8804,F,NDE,Mexico,NDE,español,26,2019-05-19T00:00:00.000Z,2016-01-01T00:00:00.000Z,14837,FALSE,TRUE,FALSE,TRUE,FALSE,FALSE,FALSE,FALSE
8805,F,NDE,England,NDE,english,27,2019-05-20T00:00:00.000Z,2006-02-06T00:00:00.000Z,7807,TRUE,TRUE,FALSE,TRUE,TRUE,FALSE,FALSE,FALSE
8806,M,Probable NDE,United Kingdom,Probable NDE,english,7,2019-05-20T00:00:00.000Z,1963-01-01T00:00:00.000Z,3932,TRUE,FALSE,FALSE,TRUE,FALSE,FALSE,FALSE,FALSE
8809,M,NDE,Mexico,NDE and Probable NDE,español,12,2019-05-23T00:00:00.000Z,2015-01-01T00:00:00.000Z,3457,FALSE,FALSE,FALSE,FALSE,FALSE,FALSE,FALSE,FALSE
8816,F,Probable NDE,France,Probable NDE,français,12,2019-05-31T00:00:00.000Z,2009-05-31T00:00:00.000Z,9388,TRUE,TRUE,FALSE,TRUE,TRUE,FALSE,FALSE,FALSE
8819,F,NDE-Like,United States,NDE-like,english,22,2019-06-03T00:00:00.000Z,2016-09-18T00:00:00.000Z,10769,FALSE,FALSE,FALSE,FALSE,FALSE,FALSE,FALSE,FALSE
8821,F,NDE,United States,NDE,english,20,2019-06-11T00:00:00.000Z,1977-01-01T00:00:00.000Z,9925,TRUE,FALSE,FALSE,TRUE,FALSE,FALSE,FALSE,FALSE
8822,F,NDE,Canada,NDE,english,22,2019-06-11T00:00:00.000Z,2019-06-14T00:00:00.000Z,4556,TRUE,FALSE,TRUE,TRUE,TRUE,FALSE,FALSE,FALSE
8830,F,NDE,United States,NDE,english,20,2019-06-21T00:00:00.000Z,2019-05-16T00:00:00.000Z,4501,FALSE,TRUE,FALSE,TRUE,FALSE,FALSE,FALSE,FALSE
8835,F,NDE,United States,NDE,english,27,2019-06-30T00:00:00.000Z,1969-01-01T00:00:00.000Z,5875,FALSE,FALSE,FALSE,TRUE,TRUE,FALSE,FALSE,FALSE
8836,F,Probable NDE,United States,Probable NDE,english,16,2019-07-01T00:00:00.000Z,2019-02-09T00:00:00.000Z,7807,FALSE,TRUE,FALSE,TRUE,FALSE,FALSE,FALSE,TRUE
8837,M,NDE,United States,NDE,english,8,2019-07-01T00:00:00.000Z,1995-01-18T00:00:00.000Z,4859,TRUE,FALSE,TRUE,TRUE,FALSE,FALSE,FALSE,FALSE
8838,M,Probable NDE,United States,Probable NDE,english,11,2019-07-03T00:00:00.000Z,2012-05-12T00:00:00.000Z,6467,FALSE,FALSE,FALSE,TRUE,FALSE,FALSE,FALSE,FALSE
8841,F,NDE,Canada,NDE,english,6,2019-07-06T00:00:00.000Z,2018-01-18T00:00:00.000Z,10863,TRUE,FALSE,FALSE,TRUE,TRUE,FALSE,FALSE,FALSE
8842,F,NDE,Canada,NDE,français,15,2019-07-09T00:00:00.000Z,2011-01-18T00:00:00.000Z,4892,FALSE,TRUE,TRUE,FALSE,FALSE,FALSE,FALSE,FALSE
8845,M,NDE,United States,NDE,english,24,2019-07-10T00:00:00.000Z,1978-08-18T00:00:00.000Z,9377,TRUE,FALSE,FALSE,TRUE,FALSE,FALSE,FALSE,FALSE
8849,M,NDE,France,NDE,francais,17,2019-07-18T00:00:00.000Z,1983-01-18T00:00:00.000Z,7799,TRUE,FALSE,FALSE,TRUE,TRUE,FALSE,FALSE,FALSE
8854,F,NDE,United States,NDE,english,23,2019-07-26T00:00:00.000Z,2016-11-18T00:00:00.000Z,14366,TRUE,FALSE,FALSE,TRUE,FALSE,FALSE,FALSE,FALSE
8855,F,NDE,United States,NDE,english,11,2019-07-28T00:00:00.000Z,2018-08-15T00:00:00.000Z,7089,FALSE,TRUE,FALSE,TRUE,FALSE,FALSE,FALSE,FALSE
8857,M,Possible NDE,Spain,Possible NDE,english,15,2019-08-01T00:00:00.000Z,2016-01-18T00:00:00.000Z,8763,FALSE,TRUE,FALSE,TRUE,FALSE,FALSE,FALSE,FALSE
8858,M,Probable NDE,Netherlands,Probable NDE,nederlands,20,2019-08-03T00:00:00.000Z,1992-04-03T00:00:00.000Z,3290,FALSE,FALSE,FALSE,TRUE,FALSE,FALSE,FALSE,FALSE
8860,M,NDE,United States,NDE,english,8,2019-08-05T00:00:00.000Z,1998-01-01T00:00:00.000Z,3655,TRUE,FALSE,FALSE,TRUE,FALSE,FALSE,FALSE,FALSE
8865,M,Probable NDE,United States,Probable NDE,english,11,2019-08-15T00:00:00.000Z,2017-07-30T00:00:00.000Z,9260,TRUE,FALSE,FALSE,TRUE,FALSE,FALSE,FALSE,FALSE
8866,F,SDE,United States,SDE,english,10,2019-08-15T00:00:00.000Z,2002-03-29T19:00:00.000Z,4556,FALSE,FALSE,FALSE,FALSE,FALSE,FALSE,FALSE,FALSE
8867,M,NDE,Australia,NDE,english,12,2019-08-15T00:00:00.000Z,1971-01-18T00:00:00.000Z,22557,TRUE,FALSE,TRUE,TRUE,FALSE,FALSE,FALSE,FALSE
8871,F,NDE,Turkey,NDE,english,17,2019-08-22T00:00:00.000Z,2015-06-09T00:00:00.000Z,19789,FALSE,TRUE,FALSE,TRUE,FALSE,FALSE,FALSE,FALSE
8872,F,Probable NDE,United Kingdom,Probable NDE,english,10,2019-08-23T00:00:00.000Z,2015-01-18T00:00:00.000Z,5298,TRUE,TRUE,FALSE,TRUE,FALSE,FALSE,FALSE,FALSE
8874,M,NDE-Like,F,NDE-Like,français,18,2019-08-28T00:00:00.000Z,2006-01-01T00:00:00.000Z,14330,FALSE,TRUE,FALSE,TRUE,FALSE,FALSE,FALSE,FALSE
8875,F,NDE,United Kingdom,NDE,english,5,2019-08-31T00:00:00.000Z,1985-01-18T00:00:00.000Z,5133,TRUE,FALSE,FALSE,TRUE,FALSE,FALSE,FALSE,FALSE
8876,M,NDE,United States,NDE,english,21,2019-08-31T00:00:00.000Z,2013-11-09T00:00:00.000Z,7586,TRUE,FALSE,FALSE,TRUE,FALSE,FALSE,FALSE,FALSE
8878,F,NDE,France,NDE,fr,18,2019-08-31T00:00:00.000Z,2016-01-18T00:00:00.000Z,4405,TRUE,FALSE,FALSE,FALSE,TRUE,FALSE,FALSE,FALSE
8880,F,NDE,Iran,NDE,persian,4,2019-09-03T00:00:00.000Z,1992-01-18T00:00:00.000Z,2521,FALSE,FALSE,FALSE,TRUE,FALSE,FALSE,FALSE,FALSE
8887,F,NDE,United States,NDE,english,23,2019-09-13T00:00:00.000Z,1989-10-31T00:00:00.000Z,7411,TRUE,TRUE,FALSE,TRUE,FALSE,TRUE,FALSE,FALSE
8888,F,Possible NDE,United States,Possible NDE,english,8,2019-09-13T00:00:00.000Z,2020-01-01T00:00:00.000Z,3027,TRUE,FALSE,TRUE,FALSE,FALSE,FALSE,FALSE,FALSE
8890,M,NDE,United States,NDE,english,14,2019-09-17T00:00:00.000Z,1985-01-25T00:00:00.000Z,7633,TRUE,TRUE,FALSE,TRUE,FALSE,FALSE,FALSE,FALSE
8891,M,NDE,Canada,NDE,français,4,2019-09-17T00:00:00.000Z,2007-01-01T00:00:00.000Z,5674,TRUE,FALSE,TRUE,TRUE,FALSE,FALSE,FALSE,FALSE
8892,F,Probable NDE,United States,Probable NDE,english,16,2019-09-20T00:00:00.000Z,2018-06-22T00:00:00.000Z,10028,FALSE,TRUE,FALSE,TRUE,FALSE,FALSE,FALSE,FALSE
8893,F,SDE,Spain,SDE,español,14,2019-09-20T00:00:00.000Z,NA,9364,FALSE,TRUE,FALSE,FALSE,FALSE,FALSE,FALSE,FALSE
8894,F,NDE,Belgium,NDE,nederlands,12,2019-09-22T00:00:00.000Z,2017-09-18T00:00:00.000Z,5518,FALSE,TRUE,FALSE,FALSE,FALSE,FALSE,FALSE,FALSE
8896,M,NDE,United States,NDE,english,12,2019-09-30T00:00:00.000Z,2018-10-09T00:00:00.000Z,5150,TRUE,FALSE,TRUE,TRUE,FALSE,FALSE,FALSE,FALSE
8897,M,NDE,United States,NDE,english,10,2019-10-08T00:00:00.000Z,1971-04-18T00:00:00.000Z,1795,TRUE,FALSE,FALSE,FALSE,FALSE,FALSE,FALSE,FALSE
8900,M,NDE,United States,NDE,english,23,2019-10-14T00:00:00.000Z,2012-01-01T00:00:00.000Z,16314,FALSE,FALSE,TRUE,TRUE,FALSE,FALSE,FALSE,FALSE
8902,F,NDE,Brazil,NDE,português,13,2019-10-17T00:00:00.000Z,2006-08-03T00:00:00.000Z,6665,TRUE,TRUE,FALSE,TRUE,FALSE,FALSE,FALSE,FALSE
8904,M,NDE,Italy,NDE,italiana,14,2019-10-23T00:00:00.000Z,1989-02-04T00:00:00.000Z,9460,TRUE,FALSE,FALSE,TRUE,FALSE,FALSE,FALSE,FALSE
8905,F,NDE,New Zealand,NDE,english,4,2019-10-24T00:00:00.000Z,1988-06-18T00:00:00.000Z,6940,TRUE,FALSE,FALSE,TRUE,FALSE,FALSE,FALSE,FALSE
8908,F,NDE,United States,NDE,english,15,2019-10-27T00:00:00.000Z,1991-06-11T00:00:00.000Z,5235,TRUE,FALSE,FALSE,TRUE,TRUE,FALSE,FALSE,FALSE
8909,F,NDE,United States,NDE,english,21,2019-10-30T00:00:00.000Z,2016-04-18T00:00:00.000Z,6391,FALSE,FALSE,FALSE,TRUE,FALSE,FALSE,FALSE,FALSE
8910,M,Probable NDE,United States,Probable NDE,english,8,2019-10-31T00:00:00.000Z,2019-04-18T00:00:00.000Z,4855,FALSE,FALSE,FALSE,TRUE,FALSE,FALSE,FALSE,FALSE
8911,M,NDE,Viet Nam,NDE,english,22,2019-11-01T00:00:00.000Z,1973-05-12T00:00:00.000Z,34203,TRUE,FALSE,FALSE,TRUE,TRUE,FALSE,FALSE,FALSE
8912,M,Probable NDE,Canada,Probable NDE,english,14,2019-11-01T00:00:00.000Z,2010-03-16T00:00:00.000Z,2834,FALSE,TRUE,FALSE,TRUE,FALSE,FALSE,FALSE,FALSE
8913,M,Probable NDE,United States,Probable NDE,english,17,2019-11-01T00:00:00.000Z,2012-02-18T00:00:00.000Z,5790,FALSE,TRUE,FALSE,TRUE,FALSE,FALSE,FALSE,FALSE
8914,M,NDE,United States,NDE,english,12,2019-11-01T00:00:00.000Z,2019-06-04T00:00:00.000Z,5815,FALSE,TRUE,FALSE,TRUE,FALSE,FALSE,FALSE,FALSE
8915,M,NDE,United States,NDE,english,26,NA,NA,19192,FALSE,FALSE,FALSE,TRUE,FALSE,FALSE,FALSE,FALSE
8917,M,Probable NDE,United States,Probable NDE,english,14,2019-11-12T00:00:00.000Z,1951-02-12T00:00:00.000Z,6906,TRUE,FALSE,FALSE,TRUE,FALSE,FALSE,FALSE,FALSE
8918,F,NDE,Canada,NDE,english,6,2019-07-06T00:00:00.000Z,2018-01-18T00:00:00.000Z,10863,TRUE,FALSE,FALSE,TRUE,TRUE,FALSE,FALSE,FALSE
8919,M,NDE,United States,NDE,english,14,2019-11-15T00:00:00.000Z,2019-06-11T00:00:00.000Z,7578,FALSE,FALSE,FALSE,TRUE,FALSE,FALSE,FALSE,FALSE
8921,M,NDE,United States,NDE,english,3,2019-11-19T00:00:00.000Z,2012-12-20T00:00:00.000Z,2645,FALSE,FALSE,FALSE,TRUE,FALSE,FALSE,FALSE,FALSE
8922,M,Probable NDE,United States,Probable NDE,english,14,2019-11-19T00:00:00.000Z,2007-01-18T00:00:00.000Z,17997,FALSE,FALSE,FALSE,TRUE,FALSE,FALSE,FALSE,FALSE
8923,M,NDE,United States,NDE,english,10,2019-11-23T00:00:00.000Z,1990-01-01T00:00:00.000Z,3074,TRUE,FALSE,FALSE,TRUE,TRUE,FALSE,FALSE,FALSE
8924,M,NDE,Colombia,NDE,español,11,2019-11-24T00:00:00.000Z,2017-01-01T00:00:00.000Z,4277,TRUE,FALSE,FALSE,TRUE,TRUE,FALSE,FALSE,FALSE
8926,F,Possible NDE,United States,Possible NDE,english,5,2019-12-02T00:00:00.000Z,2010-08-28T00:00:00.000Z,3534,FALSE,FALSE,FALSE,TRUE,FALSE,FALSE,FALSE,FALSE
8927,F,NDE-Like,U,NDE-Like,english,18,2019-12-04T00:00:00.000Z,1987-03-05T00:00:00.000Z,41999,TRUE,FALSE,FALSE,TRUE,TRUE,FALSE,FALSE,FALSE
8928,M,Probable NDE,United States,Probable NDE,english,23,2019-12-11T00:00:00.000Z,2019-02-12T00:00:00.000Z,7841,FALSE,TRUE,FALSE,TRUE,FALSE,FALSE,FALSE,FALSE
8929,M,NDE,England,NDE,english,8,2019-12-11T00:00:00.000Z,1971-05-05T00:00:00.000Z,3413,TRUE,FALSE,FALSE,FALSE,TRUE,FALSE,FALSE,FALSE
8931,M,STE,United States,STE,english,8,2019-12-11T00:00:00.000Z,1993-04-18T00:00:00.000Z,15959,TRUE,TRUE,TRUE,TRUE,FALSE,FALSE,FALSE,FALSE
8932,F,NDE,United States,Secondhand NDE,english,9,2019-12-11T00:00:00.000Z,2009-12-18T00:00:00.000Z,3029,FALSE,FALSE,FALSE,TRUE,FALSE,FALSE,FALSE,FALSE
8933,F,Probable NDE,India,Probable NDE,english,12,2019-12-12T00:00:00.000Z,2013-09-18T00:00:00.000Z,6604,TRUE,FALSE,FALSE,TRUE,FALSE,FALSE,FALSE,FALSE
8935,F,NDE,France,NDEs,français,27,2019-12-16T00:00:00.000Z,1992-01-01T00:00:00.000Z,24258,TRUE,TRUE,FALSE,TRUE,FALSE,TRUE,FALSE,FALSE
8937,M,Possible NDE,Germany,Possible NDE,deutsch,25,2019-12-19T00:00:00.000Z,2024-01-06T00:00:00.000Z,6782,FALSE,TRUE,FALSE,FALSE,FALSE,FALSE,FALSE,FALSE
8939,M,Possible NDE,United States,Possible NDE,english,21,2019-12-20T00:00:00.000Z,2017-02-14T00:00:00.000Z,11136,FALSE,TRUE,FALSE,TRUE,FALSE,FALSE,FALSE,FALSE
8940,M,Probable NDE,United States,Probable NDE,english,16,NA,NA,6258,FALSE,FALSE,FALSE,TRUE,FALSE,FALSE,FALSE,FALSE
8946,F,Probable NDE,United States,Probable NDE,english,2,2020-01-07T00:00:00.000Z,1973-12-18T00:00:00.000Z,4645,TRUE,FALSE,FALSE,TRUE,TRUE,FALSE,FALSE,FALSE
8948,M,Possible NDE,United States,Possible NDE,english,10,2020-01-08T00:00:00.000Z,2018-05-13T00:00:00.000Z,3644,FALSE,FALSE,FALSE,TRUE,FALSE,FALSE,FALSE,FALSE
8949,F,Possible NDE,Australia,Possible NDE,hungarian,25,2020-01-12T00:00:00.000Z,1992-01-01T00:00:00.000Z,3440,TRUE,TRUE,FALSE,TRUE,TRUE,FALSE,FALSE,FALSE
8950,M,NDE,Switzerland,NDE,deutsch,19,2020-01-17T00:00:00.000Z,1998-08-26T00:00:00.000Z,6597,TRUE,FALSE,FALSE,TRUE,FALSE,FALSE,FALSE,FALSE
8951,F,NDE,United States,NDE,english,11,2020-01-18T00:00:00.000Z,1997-01-01T00:00:00.000Z,8395,TRUE,FALSE,FALSE,TRUE,FALSE,FALSE,FALSE,FALSE
8957,M,NDE,United States,NDE,english,20,2020-01-23T00:00:00.000Z,1975-09-04T00:00:00.000Z,6149,FALSE,TRUE,FALSE,TRUE,FALSE,FALSE,FALSE,FALSE
8959,F,Possible NDE,Iran,Possible NDE,persian,10,2020-02-04T00:00:00.000Z,NA,5125,FALSE,FALSE,FALSE,TRUE,FALSE,FALSE,FALSE,FALSE
8962,M,FDE,United States,Possible FDE,english,6,2020-02-12T00:00:00.000Z,1970-10-20T00:00:00.000Z,2067,FALSE,FALSE,FALSE,FALSE,FALSE,FALSE,FALSE,FALSE
8963,F,NDE,Canada,NDE,english,14,2020-02-15T00:00:00.000Z,2019-08-26T00:00:00.000Z,3568,FALSE,FALSE,FALSE,TRUE,FALSE,FALSE,FALSE,FALSE
8966,F,ADC,Poland,DBV,polski,13,2020-02-21T00:00:00.000Z,1949-01-18T00:00:00.000Z,3306,FALSE,FALSE,FALSE,TRUE,FALSE,FALSE,FALSE,FALSE
8968,F,NDE,United States,NDE,english,11,2020-02-21T00:00:00.000Z,2016-02-17T00:00:00.000Z,2936,TRUE,FALSE,FALSE,TRUE,TRUE,FALSE,FALSE,FALSE
8969,F,NDE,United States,NDE,english,10,2020-02-21T00:00:00.000Z,2019-11-06T00:00:00.000Z,8743,TRUE,FALSE,FALSE,TRUE,FALSE,FALSE,FALSE,FALSE
8971,M,FDE,U,FDE,english,7,2020-02-25T00:00:00.000Z,1979-01-01T00:00:00.000Z,2488,TRUE,FALSE,FALSE,TRUE,FALSE,FALSE,FALSE,FALSE
8972,M,Probable NDE,Canada,Probable NDE,english,10,2020-03-01T00:00:00.000Z,2004-01-18T00:00:00.000Z,4446,FALSE,FALSE,FALSE,TRUE,FALSE,FALSE,FALSE,FALSE
8973,M,NDE,unknown,NDE,english,20,2020-03-01T00:00:00.000Z,2019-11-27T00:00:00.000Z,12001,FALSE,TRUE,FALSE,TRUE,TRUE,FALSE,FALSE,FALSE
8974,F,NDE,Canada,NDE,english,26,2020-03-02T00:00:00.000Z,1998-01-01T00:00:00.000Z,16171,TRUE,FALSE,FALSE,FALSE,FALSE,FALSE,FALSE,FALSE
8979,F,Probable NDE,United States,Probable NDE,english,15,2020-03-10T00:00:00.000Z,2019-08-10T00:00:00.000Z,5534,FALSE,FALSE,FALSE,TRUE,FALSE,FALSE,FALSE,FALSE
8980,M,Probable NDE,United States,Probable NDE,english,14,2020-03-19T00:00:00.000Z,NA,21405,TRUE,FALSE,FALSE,TRUE,FALSE,FALSE,FALSE,FALSE
8982,F,NDE,United States,NDE,english,22,2020-03-20T00:00:00.000Z,2001-02-13T00:00:00.000Z,87810,FALSE,TRUE,FALSE,TRUE,FALSE,FALSE,FALSE,FALSE
8985,F,Possible NDE,France,Possible NDE,france,15,2020-03-22T00:00:00.000Z,2012-01-01T00:00:00.000Z,15422,FALSE,FALSE,FALSE,FALSE,FALSE,FALSE,TRUE,FALSE
8988,F,NDE,South Korea,NDE,korean,12,2020-03-31T00:00:00.000Z,1977-01-01T00:00:00.000Z,3578,TRUE,FALSE,FALSE,TRUE,TRUE,FALSE,FALSE,FALSE
8989,F,Possible NDE,United States,Possible NDE,english,7,2020-03-31T00:00:00.000Z,2007-05-18T00:00:00.000Z,6120,FALSE,FALSE,FALSE,FALSE,FALSE,FALSE,FALSE,FALSE
8993,F,Probable NDE,United States,Probable NDE,english,13,2020-04-14T00:00:00.000Z,2020-04-08T00:00:00.000Z,13428,FALSE,TRUE,FALSE,TRUE,FALSE,FALSE,FALSE,FALSE
8994,F,NDE,United States,NDE,english,11,2020-04-17T00:00:00.000Z,1986-01-11T00:00:00.000Z,9729,FALSE,FALSE,FALSE,TRUE,FALSE,FALSE,FALSE,FALSE
8995,M,NDE,United States,NDE,english,15,2020-04-20T00:00:00.000Z,1957-07-18T00:00:00.000Z,10451,TRUE,FALSE,FALSE,TRUE,FALSE,FALSE,FALSE,FALSE
8996,F,NDE,United States,NDE,english,9,2020-04-21T00:00:00.000Z,2012-12-18T00:00:00.000Z,7671,FALSE,FALSE,FALSE,TRUE,FALSE,FALSE,FALSE,FALSE
8999,M,FDE,United States,FDE,english,7,2020-04-27T00:00:00.000Z,1964-11-01T00:00:00.000Z,3009,FALSE,FALSE,FALSE,FALSE,FALSE,FALSE,FALSE,FALSE
9002,M,NDE,Gretna,NDE,english,6,2020-05-02T00:00:00.000Z,2020-04-11T00:00:00.000Z,2959,FALSE,FALSE,FALSE,TRUE,FALSE,FALSE,FALSE,FALSE
9003,F,Possible NDE,United Kingdom,Possible NDE,english,13,2020-05-02T00:00:00.000Z,2019-11-18T00:00:00.000Z,6927,FALSE,TRUE,FALSE,FALSE,FALSE,FALSE,FALSE,FALSE
9004,M,NDE,United States,NDE,english,14,2020-05-05T00:00:00.000Z,2012-10-31T00:00:00.000Z,4086,FALSE,FALSE,FALSE,TRUE,FALSE,FALSE,FALSE,FALSE
9006,M,NDE,Denmark,NDE,danish,10,2020-05-10T00:00:00.000Z,1961-01-01T00:00:00.000Z,9159,TRUE,FALSE,FALSE,TRUE,FALSE,FALSE,FALSE,FALSE
9008,F,NDE,United Kingdom,NDE,english,18,2020-05-12T00:00:00.000Z,2003-12-26T00:00:00.000Z,11519,FALSE,FALSE,FALSE,TRUE,FALSE,FALSE,FALSE,FALSE
9009,F,NDE,France,NDE,francais,19,2020-05-12T00:00:00.000Z,2016-01-18T00:00:00.000Z,3934,FALSE,FALSE,FALSE,FALSE,FALSE,FALSE,FALSE,FALSE
9010,M,Probable NDE,Sweden,Probable NDE,english,14,2020-05-14T00:00:00.000Z,2020-01-26T00:00:00.000Z,3904,TRUE,FALSE,FALSE,TRUE,FALSE,FALSE,FALSE,FALSE
9011,M,SDE,United States,SDE,english,16,2020-05-26T00:00:00.000Z,2008-01-01T00:00:00.000Z,17246,TRUE,FALSE,FALSE,FALSE,FALSE,FALSE,FALSE,FALSE
9012,F,Probable NDE,Spain,Probable NDE,español,7,2020-05-26T00:00:00.000Z,1979-01-19T00:00:00.000Z,5403,TRUE,FALSE,FALSE,TRUE,FALSE,FALSE,FALSE,FALSE
9014,M,NDE,Australia,NDE,english,9,2020-05-27T00:00:00.000Z,1967-01-18T00:00:00.000Z,3360,TRUE,FALSE,FALSE,FALSE,FALSE,FALSE,FALSE,FALSE
9016,M,Probable NDE,Mexico,Probable NDE,español,11,2020-05-30T00:00:00.000Z,2006-01-01T00:00:00.000Z,3529,TRUE,FALSE,TRUE,TRUE,FALSE,FALSE,FALSE,FALSE
9017,M,NDE,United States,NDE,english,16,2020-06-02T00:00:00.000Z,1992-04-18T00:00:00.000Z,5623,FALSE,FALSE,FALSE,TRUE,FALSE,FALSE,FALSE,FALSE
9019,F,NDE,United States,NDE,english,12,2020-06-12T00:00:00.000Z,2016-04-03T00:00:00.000Z,4172,FALSE,FALSE,FALSE,FALSE,FALSE,FALSE,FALSE,FALSE
9021,F,Probable NDE,United States,Probable NDE,english,10,2020-06-17T00:00:00.000Z,1985-01-18T00:00:00.000Z,2873,FALSE,TRUE,FALSE,TRUE,FALSE,FALSE,FALSE,FALSE
9022,M,NDE,Canada,NDE,english,21,NA,NA,47816,FALSE,TRUE,FALSE,TRUE,FALSE,FALSE,FALSE,FALSE
9023,M,NDE,United States,NDE,english,8,2020-06-20T00:00:00.000Z,2015-07-15T00:00:00.000Z,5775,TRUE,FALSE,FALSE,FALSE,FALSE,FALSE,FALSE,FALSE
9024,F,NDE,United States,NDE,english,3,2020-06-21T00:00:00.000Z,1977-01-01T00:00:00.000Z,3055,TRUE,FALSE,FALSE,TRUE,FALSE,FALSE,FALSE,FALSE
9025,F,NDE,United States,NDE,english,22,2020-06-29T00:00:00.000Z,2018-10-18T00:00:00.000Z,36219,FALSE,TRUE,FALSE,TRUE,FALSE,FALSE,FALSE,FALSE
9026,M,NDE,United States,NDE,english,19,2020-06-29T00:00:00.000Z,2005-12-23T00:00:00.000Z,4436,TRUE,FALSE,FALSE,TRUE,FALSE,FALSE,FALSE,FALSE
9027,M,Possible NDE,Mongolia,Possible NDE,english,13,2020-07-01T00:00:00.000Z,2006-12-18T00:00:00.000Z,3291,FALSE,TRUE,FALSE,FALSE,FALSE,FALSE,FALSE,FALSE
9028,M,FDE,Italy,STE,italian,22,NA,NA,40054,TRUE,FALSE,FALSE,FALSE,TRUE,FALSE,FALSE,FALSE
9029,F,NDE,United States,NDE,english,29,2020-07-08T00:00:00.000Z,1990-10-31T00:00:00.000Z,14867,TRUE,TRUE,FALSE,TRUE,TRUE,FALSE,FALSE,FALSE
9031,F,NDE,United States,NDE,english,8,2020-07-12T00:00:00.000Z,1999-09-21T00:00:00.000Z,7078,TRUE,FALSE,FALSE,TRUE,TRUE,TRUE,FALSE,FALSE
9032,M,NDE,England,NDEs,english,20,NA,NA,11624,FALSE,TRUE,FALSE,TRUE,FALSE,FALSE,FALSE,FALSE
9035,M,NDE,United States,NDE,english,20,2020-07-19T00:00:00.000Z,2020-04-21T00:00:00.000Z,5063,FALSE,TRUE,FALSE,TRUE,FALSE,FALSE,FALSE,FALSE
9036,F,NDE,Russia,NDE,russian,26,2020-07-20T00:00:00.000Z,2014-01-18T00:00:00.000Z,4185,TRUE,FALSE,FALSE,TRUE,FALSE,FALSE,FALSE,FALSE
9037,F,Probable NDE,United States,Probable NDE,english,7,2020-07-21T00:00:00.000Z,1972-01-18T00:00:00.000Z,4085,FALSE,FALSE,FALSE,TRUE,FALSE,FALSE,FALSE,FALSE
9038,F,NDE,Belgium,NDE,français,24,2020-07-27T00:00:00.000Z,2011-01-21T00:00:00.000Z,7023,TRUE,TRUE,FALSE,FALSE,FALSE,FALSE,FALSE,FALSE
9039,F,Probable NDE,Norway,Probable NDE,english,11,2020-08-01T00:00:00.000Z,2011-01-06T00:00:00.000Z,3780,TRUE,FALSE,FALSE,TRUE,FALSE,FALSE,FALSE,FALSE
9040,M,Probable NDE,Canada,Probable NDE,english,10,2020-08-02T00:00:00.000Z,1970-01-01T00:00:00.000Z,5246,TRUE,FALSE,FALSE,TRUE,FALSE,FALSE,FALSE,FALSE
9041,F,NDE,Wales,NDE,english,14,2020-08-03T00:00:00.000Z,2003-12-08T00:00:00.000Z,6351,FALSE,FALSE,FALSE,FALSE,FALSE,FALSE,FALSE,FALSE
9042,M,Probable NDE,United States,Probable NDE,english,6,2020-08-04T00:00:00.000Z,2019-01-01T00:00:00.000Z,3098,FALSE,FALSE,FALSE,TRUE,TRUE,FALSE,FALSE,FALSE
9043,M,Probable NDE,Canada,Probable NDE,english,5,2020-08-09T00:00:00.000Z,2016-06-18T00:00:00.000Z,8662,FALSE,FALSE,FALSE,TRUE,FALSE,FALSE,FALSE,FALSE
9045,M,NDE,United States,NDE,english,17,2020-08-10T00:00:00.000Z,1991-06-26T00:00:00.000Z,5953,TRUE,FALSE,FALSE,TRUE,FALSE,FALSE,FALSE,FALSE
9048,M,NDE,Iraq,NDE,english,16,2020-08-13T00:00:00.000Z,1988-03-05T00:00:00.000Z,7103,TRUE,FALSE,FALSE,TRUE,FALSE,FALSE,FALSE,FALSE
9049,F,NDE,United Kingdom,NDE,english,18,2020-08-14T00:00:00.000Z,2005-01-18T00:00:00.000Z,5615,TRUE,FALSE,FALSE,TRUE,FALSE,FALSE,FALSE,FALSE
9051,M,Possible NDE,United States,Possible NDE,english,23,2020-08-17T00:00:00.000Z,1988-02-14T00:00:00.000Z,25545,FALSE,TRUE,FALSE,TRUE,FALSE,FALSE,FALSE,FALSE
9053,M,NDE,United States,NDE,english,29,2020-08-18T00:00:00.000Z,1994-01-18T00:00:00.000Z,26696,TRUE,FALSE,TRUE,TRUE,FALSE,FALSE,FALSE,FALSE
9054,M,NDE,United States,NDEs,english,16,2020-08-20T00:00:00.000Z,NA,9217,FALSE,TRUE,FALSE,TRUE,FALSE,FALSE,FALSE,FALSE
9055,F,Probable NDE,Annandale,Probable NDE,english,14,2020-08-23T00:00:00.000Z,2003-05-18T00:00:00.000Z,7593,TRUE,TRUE,FALSE,TRUE,FALSE,FALSE,FALSE,FALSE
9057,M,NDE,United States,NDE,english,0,2020-08-27T00:00:00.000Z,1959-07-05T00:00:00.000Z,9248,TRUE,FALSE,FALSE,TRUE,TRUE,FALSE,FALSE,FALSE
9058,F,Probable NDE,France,Probable NDE,français,9,2020-09-01T00:00:00.000Z,2006-01-18T00:00:00.000Z,11096,TRUE,FALSE,FALSE,TRUE,TRUE,FALSE,FALSE,FALSE
9059,F,NDE,United States,NDE,english,13,2020-09-03T00:00:00.000Z,2015-04-02T00:00:00.000Z,7121,FALSE,TRUE,FALSE,TRUE,FALSE,FALSE,FALSE,FALSE
9061,M,NDE,United States,NDE,english,14,2020-09-10T00:00:00.000Z,1998-05-18T00:00:00.000Z,9609,TRUE,TRUE,FALSE,TRUE,TRUE,TRUE,FALSE,FALSE
9062,M,NDE,United States,NDE,english,15,2020-09-11T00:00:00.000Z,1952-01-01T00:00:00.000Z,5714,TRUE,TRUE,FALSE,TRUE,FALSE,FALSE,FALSE,FALSE
9063,M,Probable NDE,Syria,Probable NDE,arabic,11,2020-09-16T00:00:00.000Z,2018-01-18T00:00:00.000Z,3749,FALSE,FALSE,FALSE,TRUE,FALSE,FALSE,FALSE,FALSE
9064,M,FDE,United States,FDE,english,11,2020-09-16T00:00:00.000Z,1958-01-01T00:00:00.000Z,8255,FALSE,FALSE,FALSE,FALSE,FALSE,FALSE,FALSE,FALSE
9065,M,NDE,United States,NDE,english,9,2020-09-17T00:00:00.000Z,1993-07-18T00:00:00.000Z,2404,TRUE,FALSE,FALSE,TRUE,TRUE,FALSE,FALSE,FALSE
9067,F,NDE,United States,NDE,english,17,2020-09-21T00:00:00.000Z,1966-03-29T00:00:00.000Z,6071,FALSE,FALSE,FALSE,TRUE,FALSE,FALSE,FALSE,FALSE
9068,F,NDE,Australia,NDE,english,23,2020-09-21T00:00:00.000Z,1987-01-18T00:00:00.000Z,14979,TRUE,TRUE,FALSE,TRUE,FALSE,TRUE,FALSE,FALSE
9069,F,NDE,France,NDE,francais,25,2020-09-26T00:00:00.000Z,1982-01-01T00:00:00.000Z,18120,TRUE,TRUE,FALSE,TRUE,TRUE,FALSE,FALSE,FALSE
9070,M,NDE,United States,NDE,english,11,NA,NA,26273,FALSE,FALSE,FALSE,TRUE,FALSE,FALSE,FALSE,FALSE
9071,F,Pre-birth,Australia,Pre-birth,english,26,2020-09-26T00:00:00.000Z,1965-01-06T00:00:00.000Z,10808,TRUE,TRUE,FALSE,TRUE,TRUE,FALSE,FALSE,FALSE
9072,F,STE,Japan,STE/Anesthesia Experience,japanese,17,2020-09-28T00:00:00.000Z,2018-07-24T00:00:00.000Z,10559,TRUE,FALSE,FALSE,TRUE,FALSE,TRUE,FALSE,FALSE
9074,M,NDE,United States,NDE,english,8,2020-09-30T00:00:00.000Z,1993-09-18T00:00:00.000Z,5709,TRUE,FALSE,TRUE,TRUE,TRUE,FALSE,FALSE,FALSE
9075,M,NDE,United States,NDE,english,12,2020-10-01T00:00:00.000Z,2005-03-18T00:00:00.000Z,3471,FALSE,FALSE,FALSE,TRUE,FALSE,FALSE,FALSE,FALSE
9077,F,NDE,Canada,NDE,english,22,2020-10-05T00:00:00.000Z,2016-08-04T00:00:00.000Z,6978,FALSE,TRUE,FALSE,TRUE,FALSE,FALSE,FALSE,FALSE
9079,F,NDE,Egypt,NDE,arabic,3,2020-10-10T00:00:00.000Z,2015-01-18T00:00:00.000Z,3143,FALSE,FALSE,FALSE,FALSE,FALSE,FALSE,FALSE,FALSE
9081,F,Probable NDE,United States,Probable NDE,english,14,2020-10-12T00:00:00.000Z,2000-02-18T00:00:00.000Z,9789,FALSE,TRUE,FALSE,TRUE,FALSE,FALSE,FALSE,FALSE
9082,F,NDE,Idaho,NDEs,english,26,2020-10-14T00:00:00.000Z,1975-01-01T00:00:00.000Z,55050,TRUE,TRUE,FALSE,TRUE,TRUE,FALSE,TRUE,TRUE
9086,F,NDE,South Korea,NDE,korean,4,2020-10-21T00:00:00.000Z,1986-07-18T00:00:00.000Z,3329,FALSE,FALSE,FALSE,TRUE,FALSE,FALSE,FALSE,FALSE
9089,M,NDE,Australia,NDE,english,18,2020-10-23T00:00:00.000Z,2003-04-29T00:00:00.000Z,6108,TRUE,FALSE,FALSE,TRUE,FALSE,FALSE,FALSE,FALSE
9090,M,NDE,United States,NDE,english,13,2020-10-28T00:00:00.000Z,2016-08-31T00:00:00.000Z,4407,FALSE,FALSE,FALSE,TRUE,TRUE,FALSE,FALSE,FALSE
9091,M,NDE,United States,NDE,english,11,2020-10-31T00:00:00.000Z,2018-09-20T00:00:00.000Z,8207,FALSE,FALSE,TRUE,TRUE,FALSE,FALSE,FALSE,FALSE
9094,M,Probable NDE,United States,Probable NDE,english,13,2020-11-02T00:00:00.000Z,NA,3305,TRUE,FALSE,FALSE,TRUE,FALSE,FALSE,FALSE,FALSE
9097,F,NDE,Belgium,NDEs,nederlands,21,2020-11-27T00:00:00.000Z,1995-01-18T00:00:00.000Z,9991,TRUE,TRUE,TRUE,TRUE,FALSE,FALSE,FALSE,FALSE
9099,F,Probable NDE,United States,Probable NDE,english,10,2020-11-28T00:00:00.000Z,2009-08-18T00:00:00.000Z,7581,FALSE,FALSE,FALSE,TRUE,FALSE,FALSE,FALSE,FALSE
9100,M,NDE,United States,NDE,english,12,2020-12-01T00:00:00.000Z,2005-02-23T00:00:00.000Z,6072,FALSE,FALSE,FALSE,TRUE,FALSE,FALSE,FALSE,FALSE
9101,F,Probable NDE,United States,Probable NDE,english,6,2020-12-07T00:00:00.000Z,2017-01-18T00:00:00.000Z,3258,FALSE,FALSE,TRUE,TRUE,FALSE,FALSE,FALSE,FALSE
9102,F,Possible NDE,France,Possible NDE,français,5,2020-12-08T00:00:00.000Z,2014-01-18T00:00:00.000Z,8090,TRUE,FALSE,FALSE,TRUE,FALSE,FALSE,FALSE,FALSE
9103,F,Probable NDE,England,Probable NDE,english,18,2020-12-09T00:00:00.000Z,2020-12-12T00:00:00.000Z,4440,FALSE,FALSE,FALSE,TRUE,FALSE,FALSE,FALSE,FALSE
9104,M,NDE,United States,NDE,english,13,2020-12-09T00:00:00.000Z,2007-08-31T00:00:00.000Z,6100,TRUE,FALSE,FALSE,TRUE,TRUE,FALSE,FALSE,FALSE
9105,M,NDE,Scotland,NDE,english,12,2020-12-15T00:00:00.000Z,1988-09-10T00:00:00.000Z,11675,FALSE,TRUE,FALSE,FALSE,FALSE,FALSE,FALSE,FALSE
9106,F,Probable NDE,Canada,Probable NDE,english,20,2020-12-17T00:00:00.000Z,1983-01-18T00:00:00.000Z,5644,TRUE,FALSE,FALSE,TRUE,FALSE,FALSE,FALSE,FALSE
9107,M,Possible NDE,Brazil,Possible NDE,português,17,2020-12-18T00:00:00.000Z,2020-04-12T00:00:00.000Z,4255,FALSE,FALSE,FALSE,FALSE,TRUE,TRUE,FALSE,FALSE
9108,F,NDE,Bulgaria,NDE,english,23,2020-12-22T00:00:00.000Z,1987-01-01T00:00:00.000Z,19130,TRUE,TRUE,FALSE,FALSE,FALSE,FALSE,FALSE,FALSE
9109,M,Possible NDE,United States,Possible NDE,english,12,2020-12-22T00:00:00.000Z,2018-04-18T00:00:00.000Z,5223,FALSE,FALSE,FALSE,TRUE,FALSE,FALSE,FALSE,FALSE
9111,M,NDE,United States,NDE,english,7,2020-12-29T00:00:00.000Z,2020-07-10T00:00:00.000Z,7377,FALSE,FALSE,FALSE,FALSE,FALSE,FALSE,FALSE,FALSE
9114,F,Possible NDE,United States,Possible NDE,english,14,2021-01-03T00:00:00.000Z,2004-01-01T00:00:00.000Z,4752,FALSE,FALSE,TRUE,FALSE,FALSE,FALSE,FALSE,FALSE
9115,F,NDE,United Kingdom,NDE,english,20,2021-01-03T00:00:00.000Z,1985-01-18T00:00:00.000Z,6546,TRUE,TRUE,FALSE,TRUE,TRUE,FALSE,FALSE,FALSE
9116,M,NDE,United States,NDE,english,8,2021-01-05T00:00:00.000Z,1991-01-18T00:00:00.000Z,2811,TRUE,FALSE,FALSE,TRUE,FALSE,FALSE,FALSE,FALSE
9117,M,NDE,United States,NDE,english,11,2021-01-06T00:00:00.000Z,2020-05-11T00:00:00.000Z,5544,FALSE,FALSE,FALSE,TRUE,FALSE,FALSE,FALSE,FALSE
9118,F,Probable NDE,N,Probable NDE,dutch,20,2021-01-06T00:00:00.000Z,2012-01-18T00:00:00.000Z,12030,TRUE,FALSE,FALSE,TRUE,FALSE,FALSE,FALSE,TRUE
9119,F,NDE,United States,NDE,english,22,2021-01-07T00:00:00.000Z,2015-03-08T00:00:00.000Z,42822,TRUE,TRUE,FALSE,TRUE,TRUE,FALSE,FALSE,FALSE
9120,F,Possible NDE,United States,Possible NDE,english,24,2021-01-07T00:00:00.000Z,2018-04-19T00:00:00.000Z,12704,TRUE,TRUE,FALSE,TRUE,FALSE,FALSE,FALSE,FALSE
9121,F,NDE,Canada,NDE,english,16,2021-01-07T00:00:00.000Z,2021-01-01T00:00:00.000Z,5780,TRUE,FALSE,FALSE,FALSE,FALSE,TRUE,FALSE,FALSE
9122,F,Possible NDE,Puerto Rico,Possible NDE,english,7,2021-01-09T00:00:00.000Z,1994-01-01T00:00:00.000Z,4638,FALSE,FALSE,TRUE,FALSE,FALSE,FALSE,FALSE,FALSE
9123,M,NDE,United States,NDE,english,11,2021-01-09T00:00:00.000Z,NA,9187,TRUE,FALSE,FALSE,TRUE,FALSE,FALSE,FALSE,FALSE
9124,M,NDE,Brazil,NDE,português,23,2021-01-13T00:00:00.000Z,1976-04-21T00:00:00.000Z,12065,TRUE,FALSE,FALSE,TRUE,FALSE,FALSE,FALSE,FALSE
9125,F,NDE,United States,NDE,english,28,2021-01-13T00:00:00.000Z,2004-06-23T00:00:00.000Z,8251,FALSE,TRUE,FALSE,TRUE,FALSE,FALSE,FALSE,FALSE
9126,F,NDE,Iran,NDE,english,14,2021-01-13T00:00:00.000Z,2012-06-23T00:00:00.000Z,6119,FALSE,FALSE,FALSE,TRUE,FALSE,FALSE,FALSE,FALSE
9127,F,Possible NDE,Ukraine,Possible NDE,russian,5,2021-01-16T00:00:00.000Z,1997-01-01T00:00:00.000Z,6166,TRUE,TRUE,FALSE,TRUE,TRUE,FALSE,FALSE,FALSE
9128,M,FDE,United Kingdom,FDE,english,9,2021-01-19T00:00:00.000Z,2010-01-18T00:00:00.000Z,4256,FALSE,FALSE,FALSE,FALSE,FALSE,FALSE,FALSE,FALSE
9130,F,NDE,Germany,NDE,deutsch,17,2021-01-24T00:00:00.000Z,1990-05-13T00:00:00.000Z,3541,TRUE,FALSE,FALSE,TRUE,TRUE,FALSE,FALSE,FALSE
9131,F,NDE,Canada,NDE,english,20,2021-01-24T00:00:00.000Z,2012-01-18T00:00:00.000Z,5013,FALSE,FALSE,FALSE,FALSE,FALSE,FALSE,FALSE,FALSE
9132,F,NDE,United States,NDE,english,15,2021-01-24T00:00:00.000Z,1969-01-18T00:00:00.000Z,6142,TRUE,FALSE,FALSE,TRUE,FALSE,FALSE,FALSE,FALSE
9134,M,NDE,South Korea,NDE,korean,11,2021-01-30T00:00:00.000Z,2007-01-18T00:00:00.000Z,2853,FALSE,FALSE,FALSE,FALSE,FALSE,TRUE,FALSE,FALSE
9135,F,FDE,C,FDE,english,16,2021-01-30T00:00:00.000Z,2003-01-18T00:00:00.000Z,4145,TRUE,FALSE,FALSE,TRUE,FALSE,FALSE,FALSE,FALSE
9137,F,NDE,United States,NDE,english,16,2021-02-04T00:00:00.000Z,2021-01-23T00:00:00.000Z,4517,FALSE,FALSE,FALSE,TRUE,FALSE,FALSE,FALSE,FALSE
9139,F,NDE,Canada,NDE,english,18,2021-02-05T00:00:00.000Z,1984-10-18T00:00:00.000Z,10151,FALSE,FALSE,FALSE,TRUE,FALSE,FALSE,FALSE,FALSE
9141,F,NDE,United States,Secondhand NDE,english,10,2021-02-07T00:00:00.000Z,1940-01-01T00:00:00.000Z,6294,FALSE,FALSE,FALSE,TRUE,FALSE,FALSE,FALSE,FALSE
9143,M,Probable NDE,United Kingdom,Probable NDE,english,6,2021-02-10T00:00:00.000Z,NA,2084,FALSE,FALSE,FALSE,TRUE,FALSE,FALSE,FALSE,FALSE
9144,F,Probable NDE,United States,Probable NDE,english,NA,2021-02-13T00:00:00.000Z,1999-03-01T00:00:00.000Z,3677,TRUE,FALSE,FALSE,TRUE,FALSE,FALSE,FALSE,FALSE
9145,F,Probable NDE,Ukraine,Probable NDE,english,15,2021-02-16T00:00:00.000Z,1991-01-18T00:00:00.000Z,4811,FALSE,TRUE,FALSE,FALSE,FALSE,FALSE,FALSE,FALSE
9146,F,NDE,United States,NDE,english,19,2021-02-18T00:00:00.000Z,1997-08-18T00:00:00.000Z,34548,TRUE,FALSE,FALSE,TRUE,FALSE,FALSE,FALSE,FALSE
9151,F,NDE,Canada,NDE,english,16,2021-02-23T00:00:00.000Z,1995-11-22T00:00:00.000Z,10244,TRUE,FALSE,FALSE,TRUE,FALSE,FALSE,FALSE,FALSE
9152,M,NDE,United States,NDE,english,21,2021-02-25T00:00:00.000Z,1963-01-18T00:00:00.000Z,25405,TRUE,FALSE,TRUE,TRUE,FALSE,FALSE,FALSE,FALSE
9155,F,NDE,United States,NDE,english,20,2021-03-03T00:00:00.000Z,1988-01-18T00:00:00.000Z,25875,TRUE,TRUE,FALSE,TRUE,FALSE,FALSE,FALSE,FALSE
9157,F,Possible NDE,United States,Possible NDE,english,3,2021-03-03T00:00:00.000Z,2006-06-24T00:00:00.000Z,4965,FALSE,FALSE,FALSE,TRUE,FALSE,FALSE,FALSE,FALSE
9158,F,STE,U,STE,english,21,2021-03-03T00:00:00.000Z,2007-01-01T00:00:00.000Z,9974,TRUE,TRUE,FALSE,TRUE,FALSE,FALSE,TRUE,FALSE
9159,F,Probable NDE,United States,Probable NDE,english,17,2021-03-04T00:00:00.000Z,2015-11-22T00:00:00.000Z,10031,FALSE,FALSE,FALSE,TRUE,FALSE,FALSE,FALSE,FALSE
9162,F,NDE,Australia,NDE,english,11,2021-03-07T00:00:00.000Z,1985-01-01T00:00:00.000Z,4433,TRUE,FALSE,FALSE,TRUE,FALSE,FALSE,FALSE,FALSE
9163,M,NDE,United States,NDE,english,20,2021-03-08T00:00:00.000Z,2019-11-20T00:00:00.000Z,8223,FALSE,FALSE,FALSE,TRUE,FALSE,FALSE,FALSE,FALSE
9164,F,NDE,United States,NDE,english,17,2021-03-10T00:00:00.000Z,2021-03-13T00:00:00.000Z,3915,FALSE,TRUE,FALSE,TRUE,FALSE,FALSE,FALSE,FALSE
9165,M,NDE,United States,NDE,english,23,2021-03-12T00:00:00.000Z,1970-01-18T00:00:00.000Z,3629,FALSE,TRUE,FALSE,TRUE,FALSE,FALSE,FALSE,FALSE
9169,M,NDE,China,NDE,chinese,20,2021-03-24T00:00:00.000Z,2002-03-18T00:00:00.000Z,7206,TRUE,FALSE,FALSE,TRUE,TRUE,FALSE,FALSE,FALSE
9170,F,STE,United States,STE,english,21,2021-03-25T00:00:00.000Z,1994-01-01T00:00:00.000Z,13017,TRUE,TRUE,FALSE,TRUE,FALSE,FALSE,FALSE,FALSE
9173,F,Probable NDE,Turkey,Probable NDE,english,20,2021-03-28T00:00:00.000Z,2013-01-18T00:00:00.000Z,9949,TRUE,FALSE,FALSE,TRUE,FALSE,FALSE,FALSE,FALSE
9174,F,NDE,Sweden,NDE,english,11,2021-03-30T00:00:00.000Z,2010-01-18T00:00:00.000Z,5234,FALSE,FALSE,FALSE,TRUE,FALSE,FALSE,FALSE,FALSE
9175,M,NDE,Dominican Republic,NDE;Other,english,24,2021-04-01T00:00:00.000Z,2001-03-11T00:00:00.000Z,7375,FALSE,TRUE,FALSE,TRUE,FALSE,FALSE,FALSE,FALSE
9176,M,NDE,United States,NDE,english,15,2021-04-01T00:00:00.000Z,2018-01-03T00:00:00.000Z,13026,TRUE,FALSE,FALSE,TRUE,FALSE,FALSE,TRUE,FALSE
9177,M,NDE,United States,NDE,english,14,2021-04-02T00:00:00.000Z,2001-05-01T00:00:00.000Z,2229,TRUE,FALSE,FALSE,FALSE,FALSE,FALSE,FALSE,FALSE
9179,F,NDE,United States,NDE,english,10,2021-04-04T00:00:00.000Z,2005-03-18T00:00:00.000Z,5468,FALSE,TRUE,FALSE,TRUE,FALSE,TRUE,FALSE,FALSE
9185,M,Probable NDE,United States,Probable NDE,english,7,2021-04-12T00:00:00.000Z,NA,2850,TRUE,FALSE,FALSE,TRUE,TRUE,FALSE,FALSE,FALSE
9186,M,NDE,Germany,NDE,deutsch,11,2021-04-12T00:00:00.000Z,1992-01-18T00:00:00.000Z,6606,FALSE,FALSE,FALSE,TRUE,FALSE,FALSE,FALSE,FALSE
9189,M,NDE,Germany,NDE,deutsch,2,2021-04-14T00:00:00.000Z,1974-01-01T00:00:00.000Z,3996,TRUE,FALSE,FALSE,FALSE,FALSE,FALSE,FALSE,FALSE
9193,M,NDE,United States,NDE,english,16,2021-04-18T00:00:00.000Z,1995-01-18T00:00:00.000Z,5635,TRUE,FALSE,FALSE,TRUE,FALSE,TRUE,FALSE,FALSE
9194,F,SDE,United States,SDE,english,6,2021-04-19T00:00:00.000Z,1986-10-31T00:00:00.000Z,5263,FALSE,TRUE,FALSE,FALSE,FALSE,FALSE,FALSE,FALSE
9196,M,NDE,United States,NDE,english,9,2021-04-24T00:00:00.000Z,2021-02-19T00:00:00.000Z,4855,TRUE,FALSE,FALSE,FALSE,FALSE,FALSE,FALSE,FALSE
9197,M,NDE,United States,NDE,english,22,2021-04-24T00:00:00.000Z,2004-01-18T00:00:00.000Z,10741,TRUE,FALSE,FALSE,TRUE,FALSE,TRUE,FALSE,FALSE
9198,F,Probable NDE,Australia,Probable NDE,english,23,2021-04-27T00:00:00.000Z,2020-01-07T00:00:00.000Z,5177,TRUE,FALSE,FALSE,TRUE,FALSE,FALSE,FALSE,FALSE
9200,F,Possible NDE,Russia,Anesthesias,russian,10,2021-05-06T00:00:00.000Z,1985-01-01T00:00:00.000Z,2211,TRUE,FALSE,FALSE,TRUE,FALSE,FALSE,FALSE,FALSE
9201,F,NDE,United States,Probable NDEs,english,23,2021-05-06T00:00:00.000Z,1996-01-01T00:00:00.000Z,6830,TRUE,FALSE,FALSE,TRUE,TRUE,FALSE,FALSE,FALSE
9202,M,NDE,Germany,NDE,english,6,2021-05-06T00:00:00.000Z,1944-01-01T00:00:00.000Z,3012,TRUE,FALSE,FALSE,TRUE,FALSE,FALSE,FALSE,FALSE
9205,F,NDE,United States,NDE,english,14,2021-05-14T00:00:00.000Z,2014-01-18T00:00:00.000Z,2159,FALSE,FALSE,FALSE,TRUE,FALSE,FALSE,FALSE,FALSE
9206,M,NDE,United States,NDE,english,6,2021-05-19T00:00:00.000Z,2013-10-20T00:00:00.000Z,1172,FALSE,FALSE,FALSE,TRUE,FALSE,FALSE,FALSE,FALSE
9208,M,NDE,France,NDE,english,11,2021-05-22T00:00:00.000Z,1993-01-18T00:00:00.000Z,8976,FALSE,FALSE,TRUE,TRUE,FALSE,FALSE,FALSE,FALSE
9209,F,Probable NDE,United States,Probable NDE,english,19,2021-05-23T00:00:00.000Z,2020-07-18T00:00:00.000Z,9029,FALSE,FALSE,TRUE,TRUE,FALSE,FALSE,FALSE,FALSE
9212,M,NDE,United States,NDE,english,7,2021-05-26T00:00:00.000Z,1993-01-18T00:00:00.000Z,5345,FALSE,FALSE,FALSE,FALSE,FALSE,FALSE,FALSE,FALSE
9215,F,NDE,United States,NDE,english,25,NA,NA,44918,FALSE,FALSE,FALSE,TRUE,FALSE,FALSE,TRUE,FALSE
9216,M,NDE,United States,NDE,english,14,2021-05-29T00:00:00.000Z,2011-05-18T00:00:00.000Z,7200,TRUE,TRUE,FALSE,TRUE,FALSE,FALSE,FALSE,FALSE
9218,F,NDE,United States,NDE,english,27,2021-06-03T00:00:00.000Z,2004-01-18T00:00:00.000Z,11747,TRUE,TRUE,FALSE,TRUE,FALSE,FALSE,FALSE,FALSE
9220,M,NDE,United States,NDE,english,13,2021-06-09T00:00:00.000Z,2012-12-01T00:00:00.000Z,3956,TRUE,TRUE,FALSE,TRUE,FALSE,FALSE,FALSE,FALSE
9224,F,NDE,United States,NDE,english,25,2021-06-16T00:00:00.000Z,1973-01-01T00:00:00.000Z,5358,TRUE,TRUE,FALSE,TRUE,TRUE,FALSE,FALSE,FALSE
9225,M,Probable NDE,India,Anesthesia;Probable NDE,english,23,2021-06-19T00:00:00.000Z,2020-12-18T00:00:00.000Z,4443,FALSE,FALSE,FALSE,TRUE,FALSE,TRUE,FALSE,FALSE
9226,F,Probable NDE,France,Probable NDE,français,21,2021-06-22T00:00:00.000Z,1999-01-18T00:00:00.000Z,8637,FALSE,TRUE,FALSE,FALSE,FALSE,FALSE,TRUE,FALSE
9227,M,NDE,United States,NDE,english,9,2021-06-22T00:00:00.000Z,1963-06-18T00:00:00.000Z,4390,TRUE,FALSE,FALSE,TRUE,TRUE,FALSE,FALSE,FALSE
9228,F,NDE,nd,NDE,english,4,2021-06-22T00:00:00.000Z,2019-03-04T00:00:00.000Z,3449,TRUE,FALSE,FALSE,FALSE,TRUE,FALSE,FALSE,FALSE
9234,F,NDE,United States,NDE,español,18,2021-07-02T00:00:00.000Z,2021-01-18T00:00:00.000Z,6810,FALSE,FALSE,FALSE,TRUE,FALSE,FALSE,FALSE,FALSE
9238,M,NDE,Netherlands,NDE,english,21,2021-07-09T00:00:00.000Z,1978-01-10T00:00:00.000Z,14584,TRUE,FALSE,TRUE,TRUE,FALSE,FALSE,FALSE,FALSE
9239,M,NDE,United States,NDE,english,19,2021-07-09T00:00:00.000Z,2007-01-18T00:00:00.000Z,5135,FALSE,FALSE,FALSE,TRUE,TRUE,FALSE,FALSE,FALSE
9240,M,Probable NDE,United States,Probable NDE,english,15,2021-07-11T00:00:00.000Z,2021-01-18T00:00:00.000Z,2081,TRUE,FALSE,FALSE,TRUE,TRUE,FALSE,TRUE,FALSE
9242,F,NDE,United States,NDE,english,9,2021-07-18T00:00:00.000Z,2021-07-18T00:00:00.000Z,3028,TRUE,FALSE,FALSE,TRUE,FALSE,FALSE,FALSE,FALSE
9243,M,NDE,United States,NDE,english,15,2021-07-24T00:00:00.000Z,1990-10-18T00:00:00.000Z,12599,TRUE,FALSE,FALSE,TRUE,FALSE,FALSE,FALSE,FALSE
9249,F,NDE,United States,NDE,english,9,2021-08-05T00:00:00.000Z,2015-04-12T00:00:00.000Z,3384,TRUE,FALSE,FALSE,TRUE,FALSE,FALSE,FALSE,FALSE
9251,F,NDE,Germany,NDE,deutsch,24,2021-08-08T00:00:00.000Z,1996-01-01T00:00:00.000Z,27226,FALSE,TRUE,FALSE,FALSE,FALSE,FALSE,FALSE,FALSE
9253,F,SDE,NA,SDE,deutsch,24,2021-08-11T00:00:00.000Z,NA,22590,FALSE,FALSE,FALSE,TRUE,FALSE,FALSE,FALSE,FALSE
9255,M,Probable NDE,United States,Probable NDE,english,15,2021-08-13T00:00:00.000Z,2001-03-22T00:00:00.000Z,2332,TRUE,FALSE,FALSE,FALSE,FALSE,FALSE,FALSE,FALSE
9256,M,NDE,United States,NDE,english,6,2021-08-14T00:00:00.000Z,1963-08-18T00:00:00.000Z,6190,TRUE,FALSE,FALSE,FALSE,FALSE,FALSE,FALSE,FALSE
9257,M,Other,S,Drug Experience;Other,english,29,2021-08-15T00:00:00.000Z,2020-05-01T00:00:00.000Z,28798,TRUE,TRUE,FALSE,TRUE,FALSE,FALSE,FALSE,FALSE
9258,M,NDE,United States,NDE,english,10,2021-08-16T00:00:00.000Z,1958-09-21T00:00:00.000Z,14583,FALSE,FALSE,FALSE,TRUE,FALSE,FALSE,FALSE,FALSE
9259,M,NDE,Germany,NDE,german,17,2021-08-16T00:00:00.000Z,2021-07-29T00:00:00.000Z,2782,FALSE,TRUE,FALSE,TRUE,FALSE,FALSE,FALSE,FALSE
9260,M,NDE,United States,NDE,english,4,2021-08-16T00:00:00.000Z,2017-06-27T00:00:00.000Z,9429,FALSE,FALSE,FALSE,TRUE,FALSE,FALSE,FALSE,FALSE
9262,M,NDE,United States,NDE,english,20,2021-08-22T00:00:00.000Z,1979-04-09T00:00:00.000Z,4089,FALSE,FALSE,FALSE,TRUE,FALSE,FALSE,FALSE,FALSE
9265,F,NDE,Panama,NDE,english,26,2021-08-25T00:00:00.000Z,1967-01-18T00:00:00.000Z,14920,TRUE,FALSE,TRUE,TRUE,TRUE,FALSE,FALSE,FALSE
9266,F,NDE,United States,NDE,english,12,2021-09-02T00:00:00.000Z,2021-08-23T00:00:00.000Z,3632,TRUE,FALSE,FALSE,TRUE,TRUE,FALSE,FALSE,FALSE
9267,F,NDE,United States,NDE,english,27,2021-09-02T00:00:00.000Z,2004-01-18T00:00:00.000Z,3346,TRUE,FALSE,FALSE,TRUE,FALSE,FALSE,FALSE,FALSE
9268,F,STE,United States,Prayer;STE,english,20,2021-09-02T00:00:00.000Z,2008-10-18T00:00:00.000Z,18222,TRUE,TRUE,FALSE,TRUE,FALSE,FALSE,FALSE,FALSE
9270,F,Probable NDE,Austria,Probable NDE,deutsch,12,2021-09-06T00:00:00.000Z,2015-11-03T00:00:00.000Z,5890,FALSE,FALSE,FALSE,TRUE,FALSE,TRUE,FALSE,FALSE
9271,F,Possible NDE,United States,Possible NDE,english,15,2021-09-06T00:00:00.000Z,2017-01-20T00:00:00.000Z,14405,FALSE,FALSE,TRUE,TRUE,FALSE,FALSE,FALSE,FALSE
9272,F,NDE,United States,NDE,english,18,2021-09-07T00:00:00.000Z,2017-06-12T00:00:00.000Z,11819,FALSE,FALSE,FALSE,TRUE,FALSE,FALSE,FALSE,FALSE
9273,F,NDE,United States,NDE,english,24,2021-09-15T00:00:00.000Z,2019-08-26T00:00:00.000Z,19365,TRUE,FALSE,FALSE,TRUE,FALSE,FALSE,FALSE,FALSE
9274,M,Probable NDE,United States,Probable NDE,english,21,2021-09-15T00:00:00.000Z,2021-05-24T00:00:00.000Z,13991,FALSE,TRUE,TRUE,TRUE,FALSE,FALSE,FALSE,FALSE
9279,F,FDE,United States,Probable FDE,english,21,2021-09-23T00:00:00.000Z,2020-12-18T00:00:00.000Z,10884,TRUE,FALSE,FALSE,TRUE,FALSE,FALSE,FALSE,FALSE
9280,F,Probable NDE,Chile,Probable NDE,spanish,6,2021-09-28T00:00:00.000Z,2002-11-18T00:00:00.000Z,6354,FALSE,FALSE,TRUE,TRUE,FALSE,FALSE,FALSE,FALSE
9281,F,NDE,South Africa,NDE,english,16,2021-09-29T00:00:00.000Z,2015-05-14T00:00:00.000Z,21545,FALSE,FALSE,FALSE,TRUE,FALSE,FALSE,FALSE,FALSE
9282,M,Probable NDE,United States,Probable NDE,english,10,NA,NA,7170,FALSE,FALSE,FALSE,TRUE,FALSE,FALSE,FALSE,FALSE
9284,M,NDE,United States,NDE,english,21,2021-10-12T00:00:00.000Z,1980-06-18T00:00:00.000Z,10495,FALSE,FALSE,FALSE,FALSE,FALSE,FALSE,FALSE,FALSE
9286,M,NDE,Sweden,NDE,english,17,2021-10-15T00:00:00.000Z,2021-10-12T00:00:00.000Z,4482,FALSE,TRUE,FALSE,TRUE,FALSE,FALSE,FALSE,FALSE
9289,M,Possible NDE,Germany,Possible NDE,deutsch,6,2021-10-21T00:00:00.000Z,2015-01-18T00:00:00.000Z,1513,FALSE,TRUE,FALSE,FALSE,FALSE,FALSE,FALSE,FALSE
9290,M,Possible NDE,United States,Possible NDE,english,2,2021-10-25T00:00:00.000Z,2014-11-12T00:00:00.000Z,7712,FALSE,FALSE,FALSE,TRUE,FALSE,FALSE,FALSE,FALSE
9291,F,Probable NDE,Qatar,Probable NDE,english,10,2021-10-25T00:00:00.000Z,2018-01-10T00:00:00.000Z,4417,TRUE,TRUE,FALSE,TRUE,FALSE,FALSE,FALSE,FALSE
9292,F,Probable NDE,United States,Probable NDE,english,15,2021-10-28T00:00:00.000Z,2021-10-26T00:00:00.000Z,6254,FALSE,FALSE,FALSE,FALSE,FALSE,FALSE,FALSE,FALSE
9293,F,NDE,United States,NDE,english,25,NA,NA,44918,FALSE,FALSE,FALSE,TRUE,FALSE,FALSE,TRUE,FALSE
9296,M,NDE,United States,NDE,english,20,2021-11-03T00:00:00.000Z,2020-10-10T00:00:00.000Z,6547,TRUE,TRUE,FALSE,TRUE,FALSE,FALSE,FALSE,FALSE
9298,M,NDE,United States,NDE,english,23,2021-11-04T00:00:00.000Z,2017-12-25T00:00:00.000Z,8241,FALSE,FALSE,TRUE,TRUE,FALSE,FALSE,FALSE,FALSE
9300,F,NDE,India,NDE,english,17,2021-11-10T00:00:00.000Z,2016-12-18T00:00:00.000Z,4486,FALSE,TRUE,FALSE,TRUE,FALSE,FALSE,FALSE,FALSE
9301,F,NDE-Like;NDE,United States,SOBE;NDE-like,english,22,NA,NA,21539,TRUE,TRUE,FALSE,TRUE,FALSE,FALSE,FALSE,FALSE
9302,F,NDE,Pakistan,NDE,english,11,2021-11-16T00:00:00.000Z,2021-11-15T00:00:00.000Z,6665,FALSE,FALSE,FALSE,TRUE,TRUE,FALSE,FALSE,FALSE
9303,M,STE,Croatia,STE,english,17,2022-05-28T00:00:00.000Z,2013-06-18T00:00:00.000Z,45706,TRUE,FALSE,FALSE,TRUE,FALSE,FALSE,FALSE,FALSE
9304,F,NDE,United States,NDE,english,22,2021-11-16T00:00:00.000Z,1984-11-09T00:00:00.000Z,7821,TRUE,TRUE,FALSE,TRUE,FALSE,FALSE,FALSE,FALSE
9305,F,Probable NDE,United States,Probable NDE,english,5,2021-11-24T00:00:00.000Z,1973-09-18T00:00:00.000Z,12826,TRUE,FALSE,FALSE,TRUE,TRUE,FALSE,FALSE,FALSE
9307,F,NDE,United States,NDE,english,7,2021-11-29T00:00:00.000Z,1995-10-07T00:00:00.000Z,10287,TRUE,FALSE,FALSE,TRUE,FALSE,FALSE,FALSE,FALSE
9308,F,Probable NDE,Venezuela,Probable NDE,english,14,2021-11-29T00:00:00.000Z,1997-01-18T00:00:00.000Z,12711,TRUE,FALSE,FALSE,TRUE,FALSE,FALSE,FALSE,FALSE
9310,F,NDE,United States,NDE,english,25,2021-11-29T00:00:00.000Z,2013-02-12T00:00:00.000Z,8050,FALSE,TRUE,FALSE,TRUE,FALSE,FALSE,FALSE,FALSE
9311,F,NDE,Canada,NDE,english,20,2021-11-30T00:00:00.000Z,1967-03-18T00:00:00.000Z,11342,FALSE,TRUE,FALSE,TRUE,FALSE,FALSE,FALSE,FALSE
9312,M,NDE,United States,NDE,english,15,2021-12-02T00:00:00.000Z,2021-08-21T00:00:00.000Z,2755,TRUE,FALSE,FALSE,TRUE,FALSE,FALSE,FALSE,FALSE
9315,F,STE,South Africa,STE,english,14,2021-12-06T00:00:00.000Z,2012-08-18T00:00:00.000Z,43842,TRUE,TRUE,FALSE,TRUE,FALSE,FALSE,FALSE,FALSE
9318,F,Probable NDE,United States,Probable NDE,english,16,2021-12-10T00:00:00.000Z,2021-01-13T00:00:00.000Z,6284,TRUE,TRUE,FALSE,TRUE,FALSE,FALSE,FALSE,FALSE
9319,F,NDE,United States,NDE,english,11,2021-12-10T00:00:00.000Z,2002-05-24T00:00:00.000Z,5333,FALSE,FALSE,FALSE,TRUE,FALSE,FALSE,FALSE,FALSE
9322,M,NDE-Like,United States,NDE-like,english,26,2021-12-14T00:00:00.000Z,2009-01-18T00:00:00.000Z,21180,TRUE,FALSE,FALSE,FALSE,FALSE,FALSE,FALSE,FALSE
9323,F,NDE-Like,S,NDE-like;SOBE,english,20,2021-12-18T00:00:00.000Z,2018-04-18T00:00:00.000Z,20612,TRUE,TRUE,FALSE,TRUE,FALSE,FALSE,FALSE,FALSE
9324,M,NDE,United States,NDE,english,19,2021-12-24T00:00:00.000Z,2019-06-18T00:00:00.000Z,14144,FALSE,TRUE,FALSE,FALSE,FALSE,FALSE,FALSE,FALSE
9327,F,NDE,United States,NDE,english,10,2022-01-03T00:00:00.000Z,2002-01-18T00:00:00.000Z,2805,TRUE,FALSE,FALSE,FALSE,FALSE,FALSE,FALSE,FALSE
9328,F,Possible NDE,Netherlands,Possible NDE,english,21,2022-01-11T00:00:00.000Z,2014-12-17T00:00:00.000Z,7415,FALSE,TRUE,FALSE,TRUE,FALSE,TRUE,FALSE,FALSE
9331,F,Probable NDE,Italy,Probable NDE,english,5,2022-01-16T00:00:00.000Z,2018-09-08T00:00:00.000Z,3383,FALSE,FALSE,FALSE,TRUE,FALSE,TRUE,FALSE,FALSE
9334,F,NDE,United States,NDE,english,19,2022-01-17T00:00:00.000Z,2021-08-06T00:00:00.000Z,10931,TRUE,TRUE,FALSE,TRUE,FALSE,TRUE,FALSE,FALSE
9335,F,NDE,United States,NDE and Probable NDE,english,6,NA,NA,26002,TRUE,FALSE,FALSE,FALSE,TRUE,FALSE,TRUE,FALSE
9336,F,NDE,Germany,NDE,german,16,2022-01-23T00:00:00.000Z,1989-12-20T00:00:00.000Z,9460,FALSE,FALSE,FALSE,TRUE,FALSE,FALSE,TRUE,FALSE
9338,F,Probable NDE,United States,Probable NDE,english,6,2022-01-27T00:00:00.000Z,1984-06-15T00:00:00.000Z,3370,FALSE,TRUE,FALSE,TRUE,FALSE,FALSE,FALSE,FALSE
9339,M,NDE,United States,NDE,english,21,2022-01-28T00:00:00.000Z,2019-12-08T00:00:00.000Z,6869,FALSE,TRUE,FALSE,TRUE,FALSE,FALSE,FALSE,FALSE
9340,M,NDE,United States,NDE,english,10,2022-01-28T00:00:00.000Z,2021-01-10T00:00:00.000Z,6160,FALSE,FALSE,FALSE,TRUE,FALSE,FALSE,FALSE,FALSE
9341,F,Anesthesia,United States,Anesthesia,english,16,2022-02-02T00:00:00.000Z,2020-03-24T00:00:00.000Z,6531,TRUE,TRUE,FALSE,TRUE,FALSE,FALSE,FALSE,FALSE
9342,F,NDE,United States,NDE,english,14,2022-02-04T00:00:00.000Z,2010-04-22T00:00:00.000Z,12496,FALSE,FALSE,FALSE,TRUE,FALSE,FALSE,FALSE,FALSE
9343,F,NDE,United States,NDE,english,26,2022-02-05T00:00:00.000Z,1995-01-18T00:00:00.000Z,9798,TRUE,TRUE,FALSE,TRUE,TRUE,FALSE,FALSE,FALSE
9345,M,SDE,United States,SDE,english,7,2022-02-08T00:00:00.000Z,2020-05-28T00:00:00.000Z,9631,FALSE,FALSE,FALSE,FALSE,FALSE,FALSE,FALSE,FALSE
9346,F,NDE,United States,NDE,english,4,2022-02-13T00:00:00.000Z,2018-11-09T00:00:00.000Z,3447,FALSE,FALSE,FALSE,TRUE,FALSE,FALSE,FALSE,FALSE
9347,M,Probable NDE,United States,Probable NDE,english,26,2022-02-16T00:00:00.000Z,2020-02-18T00:00:00.000Z,8976,FALSE,TRUE,FALSE,TRUE,FALSE,FALSE,TRUE,FALSE
9348,M,NDE,Scotland,NDE,english,11,2022-02-16T00:00:00.000Z,2012-01-18T00:00:00.000Z,9647,TRUE,FALSE,FALSE,TRUE,FALSE,FALSE,FALSE,FALSE
9350,M,NDE,United States,NDE,english,16,2022-02-17T00:00:00.000Z,1990-01-18T00:00:00.000Z,4646,TRUE,FALSE,FALSE,TRUE,FALSE,FALSE,FALSE,FALSE
9351,F,Possible NDE,Canada,Possible NDE;Drug Experience,english,10,2022-02-17T00:00:00.000Z,1977-01-18T00:00:00.000Z,4709,TRUE,FALSE,FALSE,TRUE,FALSE,FALSE,FALSE,FALSE
9353,F,FDE,U,FDE,english,15,2022-02-19T00:00:00.000Z,2019-10-19T00:00:00.000Z,3906,FALSE,FALSE,FALSE,TRUE,FALSE,FALSE,FALSE,FALSE
9354,F,NDE,United States,NDE,english,22,2022-02-23T00:00:00.000Z,1993-01-01T00:00:00.000Z,10617,TRUE,FALSE,TRUE,FALSE,FALSE,FALSE,TRUE,FALSE
9357,F,Probable NDE,France,Probable NDE,français,18,2022-02-28T00:00:00.000Z,2003-01-01T00:00:00.000Z,5588,TRUE,FALSE,FALSE,TRUE,FALSE,FALSE,FALSE,FALSE
9358,M,Probable NDE,United States,Probable NDE,english,14,2022-03-04T00:00:00.000Z,2004-08-18T00:00:00.000Z,7696,FALSE,FALSE,FALSE,TRUE,FALSE,FALSE,FALSE,FALSE
9361,F,NDE,United States,NDE,english,18,2022-03-12T00:00:00.000Z,2020-10-18T00:00:00.000Z,30537,FALSE,FALSE,TRUE,FALSE,TRUE,FALSE,FALSE,FALSE
9362,M,NDE,Canada,NDE,english,22,2022-03-15T00:00:00.000Z,2021-07-13T00:00:00.000Z,38024,TRUE,TRUE,FALSE,TRUE,FALSE,FALSE,FALSE,FALSE
9365,F,NDE,United States,NDE,english,13,2011-02-11T00:00:00.000Z,1987-01-01T00:00:00.000Z,5460,TRUE,FALSE,FALSE,TRUE,FALSE,FALSE,FALSE,FALSE
9367,F,NDE,Italy,NDE,italiano,22,2022-03-18T00:00:00.000Z,2002-12-03T00:00:00.000Z,8693,TRUE,TRUE,FALSE,TRUE,TRUE,FALSE,FALSE,FALSE
9368,M,NDE,United States,NDE,english,22,2022-03-22T00:00:00.000Z,2019-09-07T00:00:00.000Z,7988,TRUE,TRUE,FALSE,TRUE,FALSE,FALSE,FALSE,FALSE
9373,F,NDE,United States,NDE,english,23,2022-03-28T00:00:00.000Z,2021-06-05T00:00:00.000Z,14370,FALSE,FALSE,FALSE,FALSE,FALSE,FALSE,FALSE,FALSE
9377,F,NDE;FDE,United States,NDE and FDE,english,4,2022-04-05T00:00:00.000Z,2008-12-28T00:00:00.000Z,10002,FALSE,FALSE,FALSE,TRUE,FALSE,FALSE,FALSE,FALSE
9378,F,Probable NDE,United States,Probable NDE,english,24,2022-04-07T00:00:00.000Z,2001-10-10T00:00:00.000Z,9545,TRUE,FALSE,FALSE,TRUE,FALSE,FALSE,FALSE,FALSE
9380,M,NDE,Isle of Man,NDE and Others,english,18,2022-04-11T00:00:00.000Z,1973-10-18T00:00:00.000Z,9410,TRUE,FALSE,FALSE,TRUE,FALSE,TRUE,FALSE,FALSE
9382,M,NDE,United States,NDE,english,5,2022-04-12T00:00:00.000Z,2006-01-18T00:00:00.000Z,2895,TRUE,FALSE,FALSE,FALSE,FALSE,FALSE,FALSE,FALSE
9386,M,NDE,Canada,NDE,english,10,2022-04-28T00:00:00.000Z,1995-10-23T00:00:00.000Z,7129,TRUE,FALSE,FALSE,TRUE,FALSE,FALSE,FALSE,FALSE
9389,M,NDE,United States,NDE,english,8,2022-05-01T00:00:00.000Z,2022-04-23T00:00:00.000Z,9003,FALSE,FALSE,FALSE,FALSE,FALSE,FALSE,FALSE,FALSE
9391,M,NDE,United States,NA,english,13,NA,NA,8317,FALSE,FALSE,FALSE,TRUE,FALSE,FALSE,FALSE,FALSE
9392,M,NDE,United States,NDE,english,19,2022-05-04T00:00:00.000Z,2022-04-15T00:00:00.000Z,8732,FALSE,TRUE,FALSE,TRUE,FALSE,TRUE,FALSE,FALSE
9395,F,NDE,Australia,NDE,english,12,2022-05-09T00:00:00.000Z,1986-04-17T00:00:00.000Z,8506,TRUE,FALSE,FALSE,TRUE,TRUE,FALSE,FALSE,FALSE
9396,F,NDE-Like,C,NDE-like;OBE,english,15,2022-05-10T00:00:00.000Z,1967-06-18T00:00:00.000Z,3743,FALSE,FALSE,FALSE,FALSE,FALSE,FALSE,FALSE,FALSE
9397,M,Probable NDE,Spain,Probable NDE,español,17,2022-05-10T00:00:00.000Z,1988-01-18T00:00:00.000Z,3007,TRUE,FALSE,FALSE,FALSE,TRUE,FALSE,FALSE,FALSE
9401,F,FDE,United States,Probable FDE,english,10,2022-05-13T00:00:00.000Z,2022-05-18T00:00:00.000Z,8384,TRUE,FALSE,FALSE,TRUE,FALSE,FALSE,FALSE,FALSE
9402,F,FDE,United States,Probable FDE;Possible NDE,english,13,2022-05-13T00:00:00.000Z,2004-08-18T00:00:00.000Z,1867,FALSE,FALSE,FALSE,FALSE,FALSE,FALSE,FALSE,FALSE
9403,M,NDE,Germany,NDE,deutsch,18,2022-05-23T00:00:00.000Z,2024-01-02T00:00:00.000Z,13142,TRUE,TRUE,FALSE,FALSE,TRUE,FALSE,FALSE,FALSE
9404,M,STE,Brazil,STE,portugues,16,2022-05-23T00:00:00.000Z,2003-01-18T00:00:00.000Z,5453,TRUE,FALSE,FALSE,TRUE,FALSE,FALSE,FALSE,FALSE
9406,F,NDE-Like;NDE,United States,SOBE;NDE-like,english,22,NA,NA,21539,TRUE,TRUE,FALSE,TRUE,FALSE,FALSE,FALSE,FALSE
9407,F,Probable NDE,United States,Probable NDE,english,12,2022-05-27T00:00:00.000Z,2022-01-22T00:00:00.000Z,9564,TRUE,FALSE,TRUE,TRUE,FALSE,FALSE,FALSE,FALSE
9408,M,Possible NDE,United States,Possible NDE;STE,english,11,2022-05-28T00:00:00.000Z,2019-01-18T00:00:00.000Z,16267,FALSE,FALSE,FALSE,FALSE,FALSE,FALSE,FALSE,FALSE
9409,M,NDE,Korea,NDE,korean,25,2022-06-01T00:00:00.000Z,1966-01-01T00:00:00.000Z,8420,TRUE,TRUE,FALSE,TRUE,TRUE,FALSE,FALSE,FALSE
9410,F,FDE,United States,FDE,english,11,2022-06-01T00:00:00.000Z,2016-01-07T00:00:00.000Z,16676,TRUE,FALSE,FALSE,TRUE,FALSE,FALSE,FALSE,FALSE
9411,F,NDE,Canada,NDE,english,22,2022-06-01T00:00:00.000Z,2000-06-04T00:00:00.000Z,4166,FALSE,TRUE,FALSE,TRUE,FALSE,FALSE,FALSE,FALSE
9412,F,Probable NDE,Bulgaria,Probable NDE,english,13,2022-06-03T00:00:00.000Z,2010-01-22T00:00:00.000Z,10358,FALSE,FALSE,FALSE,TRUE,FALSE,FALSE,FALSE,FALSE
9415,F,STE,F,STE,français,15,2022-06-19T00:00:00.000Z,2021-01-01T00:00:00.000Z,17927,FALSE,TRUE,FALSE,TRUE,FALSE,FALSE,FALSE,FALSE
9417,F,NDE,Australia,NDE,english,20,2022-06-28T00:00:00.000Z,2018-10-18T00:00:00.000Z,6452,TRUE,TRUE,FALSE,TRUE,FALSE,FALSE,FALSE,FALSE
9418,M,NDE,Antarctica,NDE,english,18,2022-07-03T00:00:00.000Z,1990-01-01T00:00:00.000Z,22889,FALSE,TRUE,FALSE,TRUE,FALSE,FALSE,FALSE,FALSE
9419,F,STE,United Kingdom,STE,english,12,2022-07-05T00:00:00.000Z,2000-01-18T00:00:00.000Z,7680,TRUE,FALSE,FALSE,FALSE,FALSE,FALSE,FALSE,FALSE
9420,F,NDE,Mexico,NDEs,english,17,2022-07-05T00:00:00.000Z,1987-01-18T00:00:00.000Z,5482,FALSE,TRUE,FALSE,TRUE,FALSE,FALSE,FALSE,FALSE
9422,M,NDE,United States,NDE,english,18,2022-07-06T00:00:00.000Z,1995-01-18T00:00:00.000Z,11544,TRUE,FALSE,FALSE,TRUE,TRUE,FALSE,FALSE,FALSE
9425,F,NDE,United States,NDE,english,22,2022-07-09T00:00:00.000Z,2021-07-09T00:00:00.000Z,4838,TRUE,TRUE,FALSE,TRUE,FALSE,TRUE,FALSE,FALSE
9426,M,FDE,Italy,FDE,english,14,2022-07-11T00:00:00.000Z,2022-06-18T00:00:00.000Z,3022,TRUE,FALSE,FALSE,FALSE,FALSE,FALSE,FALSE,FALSE
9427,M,STE,United States,STE;SOBE,english,4,2022-07-15T00:00:00.000Z,1997-01-18T00:00:00.000Z,4492,TRUE,FALSE,FALSE,TRUE,FALSE,FALSE,FALSE,FALSE
9428,F,STE,Northern Ireland,STE,english,14,2022-07-18T00:00:00.000Z,1997-01-05T00:00:00.000Z,6456,TRUE,FALSE,FALSE,FALSE,FALSE,FALSE,FALSE,FALSE
9429,M,Probable NDE,Netherlands,Probable NDE,english,8,2022-07-28T00:00:00.000Z,2019-01-05T00:00:00.000Z,4277,TRUE,FALSE,FALSE,FALSE,FALSE,FALSE,FALSE,FALSE
9430,M,NDE,United States,NDE,english,10,2022-07-28T00:00:00.000Z,2022-07-28T00:00:00.000Z,4781,TRUE,TRUE,FALSE,TRUE,FALSE,FALSE,FALSE,FALSE
9431,M,NDE,United States,NDE,english,17,2022-07-29T00:00:00.000Z,2013-05-21T00:00:00.000Z,10843,TRUE,FALSE,TRUE,TRUE,FALSE,FALSE,FALSE,FALSE
9432,F,NDE,Germany,NDE;Drug Experience,english,11,2022-08-01T00:00:00.000Z,1970-01-18T00:00:00.000Z,6111,FALSE,FALSE,FALSE,TRUE,FALSE,FALSE,FALSE,FALSE
9433,M,NDE,United States,NDE,english,23,2022-08-04T00:00:00.000Z,1977-01-18T00:00:00.000Z,6482,TRUE,FALSE,FALSE,FALSE,FALSE,FALSE,FALSE,FALSE
9434,M,NDE,United States,NDE,english,2,2022-08-09T00:00:00.000Z,1962-09-18T00:00:00.000Z,8653,FALSE,FALSE,FALSE,FALSE,FALSE,FALSE,FALSE,FALSE
9435,M,Possible NDE,United States,Possible NDE;Probable OBE,english,15,2022-08-12T00:00:00.000Z,2021-07-15T00:00:00.000Z,9873,FALSE,FALSE,FALSE,FALSE,FALSE,FALSE,FALSE,FALSE
9437,F,NDE,United States,NDE,english,10,2022-08-18T00:00:00.000Z,NA,4019,FALSE,TRUE,FALSE,FALSE,FALSE,FALSE,FALSE,FALSE
9439,M,Probable NDE,United States,Probable NDE,english,19,2022-08-23T00:00:00.000Z,1992-01-18T00:00:00.000Z,6569,TRUE,TRUE,FALSE,TRUE,TRUE,FALSE,FALSE,FALSE
9440,F,NDE,United States,NDE & Anesthesia,english,11,2022-08-27T00:00:00.000Z,1959-01-01T00:00:00.000Z,9330,FALSE,FALSE,FALSE,TRUE,FALSE,FALSE,FALSE,FALSE
9441,M,Probable NDE,United States,Probable NDE,english,11,2022-08-28T00:00:00.000Z,2014-08-09T00:00:00.000Z,2001,TRUE,FALSE,FALSE,TRUE,FALSE,FALSE,FALSE,FALSE
9444,F,NDE,United States,NDE,english,9,2022-09-06T00:00:00.000Z,1966-01-01T00:00:00.000Z,5519,TRUE,FALSE,FALSE,TRUE,FALSE,FALSE,FALSE,FALSE
9445,F,NDE,Canada,NDE,english,13,2022-09-09T00:00:00.000Z,2022-06-12T00:00:00.000Z,9370,FALSE,TRUE,FALSE,TRUE,FALSE,FALSE,FALSE,FALSE
9446,F,NDE,Argentina,NDE,english,23,2022-09-09T00:00:00.000Z,2003-01-18T00:00:00.000Z,17786,FALSE,FALSE,FALSE,TRUE,FALSE,TRUE,TRUE,FALSE
9450,M,Probable NDE,Ecuador,Probable NDE,spanish,17,2022-09-15T00:00:00.000Z,2007-01-18T00:00:00.000Z,6629,FALSE,FALSE,FALSE,FALSE,FALSE,FALSE,FALSE,FALSE
9452,M,Probable NDE,United States,Probable NDE;Drug Experience,english,20,2022-09-20T00:00:00.000Z,2020-04-04T00:00:00.000Z,9632,FALSE,TRUE,FALSE,FALSE,FALSE,FALSE,FALSE,FALSE
9453,M,NDE,United States,NDE,english,12,2022-09-22T00:00:00.000Z,2019-03-28T00:00:00.000Z,7510,TRUE,FALSE,FALSE,TRUE,FALSE,FALSE,FALSE,FALSE
9454,M,Probable NDE,United States,Probable NDE,english,16,2022-09-23T00:00:00.000Z,2020-08-19T00:00:00.000Z,6942,FALSE,TRUE,FALSE,TRUE,FALSE,FALSE,FALSE,FALSE
9456,F,NDE,United States,NDE,english,19,2022-09-26T00:00:00.000Z,2019-07-18T00:00:00.000Z,12300,TRUE,FALSE,FALSE,TRUE,FALSE,FALSE,FALSE,FALSE
9457,F,SDE,United States,SDE,english,14,2022-09-30T00:00:00.000Z,2020-06-13T00:00:00.000Z,22248,TRUE,FALSE,FALSE,FALSE,FALSE,FALSE,FALSE,FALSE
9459,F,NDE,United States,NDE,english,17,2022-10-04T00:00:00.000Z,2016-09-18T00:00:00.000Z,10088,TRUE,FALSE,FALSE,TRUE,FALSE,FALSE,FALSE,FALSE
9460,F,NDE-Like,U,NDE-Like; STE,english,22,2022-10-04T00:00:00.000Z,1977-06-18T00:00:00.000Z,10861,TRUE,FALSE,FALSE,TRUE,FALSE,TRUE,FALSE,FALSE
9461,F,FDE,United States,STE;FDE,english,12,2022-10-09T00:00:00.000Z,1992-06-18T00:00:00.000Z,12528,TRUE,FALSE,FALSE,TRUE,FALSE,FALSE,FALSE,FALSE
9464,M,NDE,United States,NDE,english,4,2022-10-11T00:00:00.000Z,1991-10-18T00:00:00.000Z,2361,TRUE,FALSE,FALSE,TRUE,FALSE,FALSE,FALSE,FALSE
9465,F,NDE,United States,NDE,english,18,2022-10-11T00:00:00.000Z,1983-04-19T00:00:00.000Z,4531,TRUE,FALSE,FALSE,TRUE,FALSE,FALSE,FALSE,FALSE
9469,F,Probable NDE,Venezuela,Probable NDE,español,12,2022-10-16T00:00:00.000Z,1995-01-01T00:00:00.000Z,3028,TRUE,TRUE,FALSE,TRUE,FALSE,FALSE,FALSE,FALSE
9471,M,NDE;FDE,Austria,FDE and NDE,englisch,21,2022-10-19T00:00:00.000Z,2016-04-01T00:00:00.000Z,14542,TRUE,TRUE,FALSE,FALSE,FALSE,FALSE,FALSE,FALSE
9472,F,STE,United States,STE,english,22,2022-10-21T00:00:00.000Z,1995-01-18T00:00:00.000Z,8006,TRUE,FALSE,FALSE,TRUE,TRUE,FALSE,FALSE,FALSE
9474,M,NDE,Unknown,NDE,english,17,2022-10-27T00:00:00.000Z,2022-10-16T00:00:00.000Z,12776,FALSE,TRUE,FALSE,TRUE,FALSE,FALSE,FALSE,FALSE
9475,F,NDE,Germany,NDE,deutsch,3,2022-10-28T00:00:00.000Z,NA,2861,TRUE,FALSE,FALSE,FALSE,TRUE,FALSE,FALSE,FALSE
9476,F,NDE,Russia,NDE;Drug Experience,english,23,2022-10-29T00:00:00.000Z,2021-03-16T00:00:00.000Z,10800,FALSE,TRUE,FALSE,TRUE,FALSE,FALSE,FALSE,FALSE
9477,F,NDE,United States,NDE;Drug Experience,english,26,2022-10-30T00:00:00.000Z,2010-01-01T00:00:00.000Z,15934,FALSE,TRUE,FALSE,TRUE,TRUE,FALSE,FALSE,FALSE
9478,F,NDE,United States,NDE,english,12,2022-11-04T00:00:00.000Z,2017-05-27T00:00:00.000Z,5082,TRUE,FALSE,FALSE,TRUE,FALSE,FALSE,FALSE,FALSE
9479,F,NDE,U,NDE & ADC,english,13,2022-11-04T00:00:00.000Z,2018-09-08T00:00:00.000Z,20862,TRUE,FALSE,FALSE,TRUE,FALSE,FALSE,FALSE,FALSE
9480,F,Possible NDE,United States,Possible NDE;Drug Experience,english,7,2022-11-06T00:00:00.000Z,2008-01-18T00:00:00.000Z,5043,TRUE,FALSE,FALSE,FALSE,FALSE,FALSE,FALSE,FALSE
9483,F,NDE,United States,NDE and Possible NDE,english,22,2022-11-10T00:00:00.000Z,1997-01-18T00:00:00.000Z,8666,FALSE,TRUE,TRUE,TRUE,FALSE,FALSE,FALSE,FALSE
9484,F,Probable NDE,United States,Probable NDE,english,21,2022-11-10T00:00:00.000Z,1999-01-18T00:00:00.000Z,5198,FALSE,TRUE,FALSE,FALSE,FALSE,FALSE,FALSE,FALSE
9488,M,Probable NDE,United Kingdom,Probable NDE,english,17,2022-11-21T00:00:00.000Z,2021-01-12T00:00:00.000Z,7066,FALSE,FALSE,FALSE,FALSE,FALSE,FALSE,FALSE,FALSE
9489,M,NDE,Scotland,NDE,english,12,2022-11-21T00:00:00.000Z,1990-05-09T00:00:00.000Z,17812,FALSE,TRUE,FALSE,FALSE,FALSE,FALSE,FALSE,FALSE
9490,F,FDE,United Kingdom,FDE,english,9,2022-11-23T00:00:00.000Z,2022-01-19T00:00:00.000Z,5059,TRUE,FALSE,FALSE,TRUE,FALSE,FALSE,FALSE,FALSE
9491,F,NDE,United States,NDE,english,6,2022-11-27T00:00:00.000Z,1980-01-01T00:00:00.000Z,1859,TRUE,FALSE,FALSE,TRUE,FALSE,FALSE,FALSE,FALSE
9492,F,NDE,Australia,NDE,english,11,2022-11-29T00:00:00.000Z,2014-01-18T00:00:00.000Z,4248,TRUE,FALSE,FALSE,TRUE,FALSE,FALSE,FALSE,FALSE
9494,F,Probable NDE,United Kingdom,Probable NDE,english,7,2022-12-01T00:00:00.000Z,2020-02-18T00:00:00.000Z,2565,FALSE,FALSE,FALSE,TRUE,FALSE,FALSE,FALSE,FALSE
9495,M,NDE,United States,NDE,english,16,2022-12-02T00:00:00.000Z,2022-07-17T00:00:00.000Z,6881,FALSE,FALSE,FALSE,TRUE,FALSE,TRUE,FALSE,FALSE
9498,F,NDE,United Kingdom,NDE,english,26,2022-12-14T00:00:00.000Z,1992-01-18T00:00:00.000Z,5937,TRUE,TRUE,FALSE,TRUE,FALSE,FALSE,FALSE,FALSE
9499,M,NDE,Australia,NDE,english,10,2022-12-16T00:00:00.000Z,2020-01-18T00:00:00.000Z,7211,FALSE,FALSE,FALSE,TRUE,TRUE,FALSE,FALSE,FALSE
9500,M,NDE,United States,NDE,english,9,2022-12-18T00:00:00.000Z,2008-06-18T00:00:00.000Z,2213,FALSE,TRUE,FALSE,TRUE,FALSE,FALSE,FALSE,FALSE
9501,M,NDE,United Kingdom,NDEs;Drug Experiences,english,17,2022-12-18T00:00:00.000Z,2014-01-18T00:00:00.000Z,8902,TRUE,TRUE,FALSE,TRUE,FALSE,FALSE,FALSE,FALSE
9502,M,NDE,United States,NDE,english,22,2022-12-19T00:00:00.000Z,2012-05-18T00:00:00.000Z,12524,TRUE,TRUE,FALSE,TRUE,FALSE,FALSE,FALSE,FALSE
9505,M,NDE,Italy,NDE,italiano,14,2022-12-21T00:00:00.000Z,1973-01-18T00:00:00.000Z,2830,TRUE,FALSE,FALSE,TRUE,TRUE,FALSE,FALSE,FALSE
9507,F,Anesthesia,Russia,Anesthesia,russian,3,2022-12-22T00:00:00.000Z,2022-09-24T00:00:00.000Z,3166,TRUE,FALSE,FALSE,TRUE,FALSE,FALSE,FALSE,FALSE
9508,F,STE,D,STE,english,13,2022-12-23T00:00:00.000Z,1989-01-01T00:00:00.000Z,12287,TRUE,TRUE,FALSE,TRUE,FALSE,FALSE,FALSE,FALSE
9509,F,SDE,United States,SDE,english,14,2022-12-27T00:00:00.000Z,2022-10-11T00:00:00.000Z,10466,FALSE,TRUE,FALSE,FALSE,FALSE,FALSE,FALSE,FALSE
9510,M,STE,France,STE,français,14,2023-01-01T00:00:00.000Z,2017-01-18T00:00:00.000Z,10944,TRUE,FALSE,FALSE,TRUE,FALSE,FALSE,FALSE,FALSE
9511,M,Possible NDE,United States,Possible NDE,english,10,2023-01-05T00:00:00.000Z,1963-01-18T00:00:00.000Z,5963,FALSE,FALSE,FALSE,TRUE,FALSE,FALSE,FALSE,FALSE
9512,F,NDE,United States,NDE,english,13,2023-01-05T00:00:00.000Z,1976-10-18T00:00:00.000Z,3632,TRUE,FALSE,FALSE,FALSE,TRUE,FALSE,FALSE,FALSE
9513,F,NDE,Netherlands,NDE,english,13,2023-01-05T00:00:00.000Z,2003-01-01T00:00:00.000Z,3249,FALSE,FALSE,FALSE,TRUE,FALSE,FALSE,FALSE,FALSE
9514,M,Probable NDE,Brazil,Probable NDE,português,11,2023-01-10T00:00:00.000Z,2022-12-19T00:00:00.000Z,13084,FALSE,FALSE,FALSE,TRUE,FALSE,FALSE,TRUE,FALSE
9515,F,Probable NDE,United States,NDE,english,16,2023-01-10T00:00:00.000Z,2018-07-15T00:00:00.000Z,5341,FALSE,FALSE,FALSE,TRUE,FALSE,FALSE,FALSE,FALSE
9519,M,NDE,United States,NDE,english,6,2023-01-16T00:00:00.000Z,2019-10-19T00:00:00.000Z,7766,FALSE,FALSE,FALSE,TRUE,FALSE,FALSE,FALSE,FALSE
9520,F,NDE,Switzerland,NDE,deutsch,24,2023-01-20T00:00:00.000Z,2018-10-14T00:00:00.000Z,13466,TRUE,TRUE,FALSE,TRUE,FALSE,FALSE,FALSE,FALSE
9521,F,NDE,United States,NDE,english,10,2023-01-20T00:00:00.000Z,2018-04-09T00:00:00.000Z,3554,TRUE,FALSE,FALSE,TRUE,FALSE,FALSE,FALSE,FALSE
9522,M,Probable NDE,United States,Probable NDE,english,10,NA,NA,7170,FALSE,FALSE,FALSE,TRUE,FALSE,FALSE,FALSE,FALSE
9523,F,NDE,Germany,NDE,english,11,2023-01-27T00:00:00.000Z,1981-01-18T00:00:00.000Z,3117,TRUE,FALSE,FALSE,TRUE,TRUE,FALSE,FALSE,FALSE
9527,F,Probable NDE,England,Probable NDE,english,17,2023-01-31T00:00:00.000Z,1971-01-18T00:00:00.000Z,3626,FALSE,TRUE,FALSE,FALSE,FALSE,FALSE,FALSE,FALSE
9531,F,STE,U,STE,english,21,2023-02-06T00:00:00.000Z,2015-01-01T00:00:00.000Z,16694,FALSE,TRUE,FALSE,TRUE,FALSE,FALSE,FALSE,FALSE
9533,F,SDE,United States,SDE,english,2,2023-02-08T00:00:00.000Z,2021-12-23T00:00:00.000Z,3098,FALSE,FALSE,FALSE,FALSE,FALSE,FALSE,FALSE,FALSE
9534,F,NDE,Canada,NDE,english,9,2023-02-12T00:00:00.000Z,2009-01-18T00:00:00.000Z,7796,TRUE,FALSE,FALSE,FALSE,FALSE,FALSE,FALSE,FALSE
9535,M,NDE,United States,NDE and SOBE,english,5,2023-02-13T00:00:00.000Z,1968-06-18T00:00:00.000Z,2529,TRUE,FALSE,FALSE,FALSE,TRUE,FALSE,FALSE,FALSE
9539,M,NDE,Canada,NDE,english,21,2023-02-16T00:00:00.000Z,2021-03-30T00:00:00.000Z,8056,TRUE,TRUE,FALSE,TRUE,FALSE,FALSE,FALSE,FALSE
9540,M,NDE,United States,NDE,english,20,2023-02-18T00:00:00.000Z,1992-06-14T00:00:00.000Z,6411,FALSE,FALSE,FALSE,TRUE,FALSE,FALSE,FALSE,FALSE
9541,M,STE,United States,STE,english,17,2023-02-21T00:00:00.000Z,1983-07-18T00:00:00.000Z,13318,TRUE,FALSE,FALSE,TRUE,FALSE,FALSE,FALSE,FALSE
9543,M,STE,Switzerland,STE,german,16,2023-02-26T00:00:00.000Z,2021-01-01T00:00:00.000Z,11262,TRUE,FALSE,FALSE,TRUE,FALSE,FALSE,TRUE,FALSE
9544,F,NDE,United States,NDE,english,19,2023-02-26T00:00:00.000Z,1981-09-21T00:00:00.000Z,5066,TRUE,FALSE,FALSE,FALSE,TRUE,FALSE,FALSE,FALSE
9545,F,Probable NDE,United States,Probable NDE,english,7,2023-03-07T00:00:00.000Z,2015-01-18T00:00:00.000Z,8511,FALSE,FALSE,TRUE,TRUE,FALSE,FALSE,FALSE,FALSE
9546,F,NDE,United States,NDE,english,8,2023-03-07T00:00:00.000Z,1996-08-02T00:00:00.000Z,3301,TRUE,FALSE,FALSE,TRUE,TRUE,FALSE,FALSE,FALSE
9548,F,Probable NDE,United States,Probable NDE,english,8,2023-03-09T00:00:00.000Z,2019-09-19T00:00:00.000Z,7622,FALSE,FALSE,FALSE,TRUE,FALSE,FALSE,FALSE,FALSE
9549,F,Probable NDE,United States,Probable NDE,english,9,2023-03-14T00:00:00.000Z,2020-01-02T00:00:00.000Z,2616,FALSE,FALSE,FALSE,TRUE,FALSE,FALSE,FALSE,FALSE
9550,F,Probable NDE,United States,Probable NDE,english,19,2023-03-16T00:00:00.000Z,1976-01-18T00:00:00.000Z,9281,FALSE,FALSE,FALSE,TRUE,FALSE,FALSE,FALSE,FALSE
9553,F,NDE,South Africa,NDE,english,20,2023-03-21T00:00:00.000Z,2004-03-14T00:00:00.000Z,9503,FALSE,TRUE,FALSE,FALSE,FALSE,FALSE,FALSE,FALSE
9556,F,NDE,United States,NDEs,english,24,2023-03-25T00:00:00.000Z,2018-09-18T00:00:00.000Z,4823,TRUE,FALSE,TRUE,TRUE,FALSE,FALSE,FALSE,FALSE
9557,F,NDE,Sweden,NDE,english,26,2023-03-25T00:00:00.000Z,2004-07-02T00:00:00.000Z,11729,FALSE,TRUE,FALSE,TRUE,FALSE,FALSE,FALSE,FALSE
9560,M,NDE,Denmark,NDE,danish,12,2023-03-29T00:00:00.000Z,1981-11-13T00:00:00.000Z,5104,TRUE,FALSE,FALSE,TRUE,FALSE,FALSE,FALSE,FALSE
9561,M,STE,United States,STE,english,17,2023-04-02T00:00:00.000Z,2016-08-15T00:00:00.000Z,13841,TRUE,FALSE,FALSE,FALSE,FALSE,FALSE,FALSE,FALSE
9562,F,NDE,United States,NDE,english,11,2023-04-08T00:00:00.000Z,1993-07-18T00:00:00.000Z,6433,FALSE,FALSE,FALSE,TRUE,FALSE,FALSE,FALSE,FALSE
9564,M,NDE,United States,NDE,english,13,2023-04-08T00:00:00.000Z,1990-08-18T00:00:00.000Z,9388,FALSE,FALSE,FALSE,TRUE,FALSE,TRUE,FALSE,FALSE
9565,M,NDE,United States,NDE,english,22,2023-04-08T00:00:00.000Z,1993-01-01T00:00:00.000Z,46451,TRUE,FALSE,FALSE,TRUE,FALSE,FALSE,FALSE,FALSE
9567,F,NDE,France,NDE,french,11,2023-04-10T00:00:00.000Z,1969-05-15T00:00:00.000Z,5820,FALSE,FALSE,FALSE,TRUE,FALSE,FALSE,FALSE,FALSE
9568,M,NDE,United States,NDE,english,20,2023-04-17T00:00:00.000Z,2008-07-10T00:00:00.000Z,10505,FALSE,FALSE,FALSE,TRUE,FALSE,FALSE,FALSE,FALSE
9569,M,NDE,Afghanistan,NDE,english,4,2023-04-19T00:00:00.000Z,2011-01-01T00:00:00.000Z,2109,TRUE,FALSE,FALSE,TRUE,FALSE,FALSE,FALSE,FALSE
9573,M,NDE,United States,NDE,english,13,2023-04-26T00:00:00.000Z,1965-10-18T00:00:00.000Z,7030,TRUE,FALSE,FALSE,TRUE,TRUE,FALSE,FALSE,FALSE
9575,M,STE,United States,STE,english,15,2023-05-01T00:00:00.000Z,2001-01-18T00:00:00.000Z,6847,FALSE,FALSE,FALSE,FALSE,FALSE,FALSE,FALSE,FALSE
9576,F,SDE,United States,SDE;NDE,english,30,2023-05-01T00:00:00.000Z,2016-05-17T00:00:00.000Z,7821,FALSE,FALSE,FALSE,TRUE,FALSE,FALSE,TRUE,FALSE
9577,F,Probable NDE,Spain,Probable NDE,english,25,2023-05-02T00:00:00.000Z,2009-01-01T00:00:00.000Z,22248,FALSE,TRUE,FALSE,FALSE,FALSE,FALSE,FALSE,FALSE
9579,F,NDE,United States,NDE,english,13,2023-05-08T00:00:00.000Z,2023-02-26T00:00:00.000Z,4214,FALSE,FALSE,FALSE,TRUE,FALSE,FALSE,FALSE,FALSE
9580,F,NDE,Turkey,NDE,turkish,14,2023-05-10T00:00:00.000Z,1982-01-18T00:00:00.000Z,5658,FALSE,TRUE,FALSE,FALSE,FALSE,FALSE,FALSE,FALSE
9582,F,NDE,Italy,NDE,italiano,24,2023-05-16T00:00:00.000Z,1995-01-18T00:00:00.000Z,9210,FALSE,TRUE,FALSE,TRUE,FALSE,FALSE,FALSE,FALSE
9584,M,NDE,United States,NDE,english,17,2023-05-16T00:00:00.000Z,2019-01-20T00:00:00.000Z,50378,FALSE,TRUE,FALSE,TRUE,FALSE,FALSE,FALSE,FALSE
9586,F,STE,U,NDE-like;STE,english,14,2023-05-19T00:00:00.000Z,1990-01-01T00:00:00.000Z,12642,TRUE,FALSE,FALSE,FALSE,FALSE,FALSE,FALSE,FALSE
9587,F,NDE,United States,NDE,english,12,2023-05-21T00:00:00.000Z,1983-04-17T00:00:00.000Z,5736,TRUE,FALSE,FALSE,TRUE,FALSE,FALSE,FALSE,FALSE
9588,F,NDE,United States,NDE,english,25,2023-05-23T00:00:00.000Z,2022-11-10T00:00:00.000Z,4923,TRUE,TRUE,FALSE,TRUE,TRUE,FALSE,FALSE,FALSE
9590,F,NDE,Spain,NDE,spanish,17,2023-05-27T00:00:00.000Z,2023-03-04T00:00:00.000Z,11207,TRUE,TRUE,FALSE,TRUE,FALSE,FALSE,FALSE,FALSE
9591,F,STE,Mexico,STE,english,21,2023-06-06T00:00:00.000Z,2021-10-18T00:00:00.000Z,15389,FALSE,FALSE,FALSE,TRUE,FALSE,FALSE,FALSE,FALSE
9593,F,Probable NDE,United States,Probable NDE,english,17,2023-06-06T00:00:00.000Z,1975-01-01T00:00:00.000Z,9702,TRUE,FALSE,FALSE,FALSE,FALSE,FALSE,FALSE,FALSE
9594,M,STE,Singapore,STE;Possible SDE,english,4,2023-06-06T00:00:00.000Z,2022-03-11T00:00:00.000Z,4067,FALSE,FALSE,FALSE,FALSE,FALSE,FALSE,FALSE,FALSE
9602,F,NDE,Argentina,NDE,spanish,24,2023-06-25T00:00:00.000Z,2004-12-30T00:00:00.000Z,19445,TRUE,TRUE,FALSE,FALSE,TRUE,FALSE,FALSE,FALSE
9604,M,NDE,United Kingdom,NDE,english,11,2023-06-27T00:00:00.000Z,NA,7325,TRUE,FALSE,FALSE,TRUE,FALSE,FALSE,FALSE,FALSE
9605,F,Probable NDE,United Kingdom,Probable NDE,english,8,2023-07-02T00:00:00.000Z,2001-07-18T00:00:00.000Z,3194,TRUE,FALSE,FALSE,TRUE,FALSE,FALSE,FALSE,FALSE
9607,M,Possible NDE,Spain,Possible NDE,español,7,2023-07-05T00:00:00.000Z,2022-11-01T00:00:00.000Z,4194,FALSE,FALSE,FALSE,TRUE,FALSE,FALSE,FALSE,FALSE
9611,M,NDE,United States,NDE,english,21,2023-07-09T00:00:00.000Z,2022-02-03T00:00:00.000Z,6101,FALSE,TRUE,FALSE,TRUE,FALSE,FALSE,FALSE,FALSE
9613,M,Possible NDE,United States,Possible NDE,english,17,2023-07-10T00:00:00.000Z,1984-01-01T00:00:00.000Z,3534,FALSE,FALSE,FALSE,TRUE,FALSE,FALSE,FALSE,FALSE
9614,M,Probable NDE,United States,Probable NDE,english,21,2023-07-10T00:00:00.000Z,2022-12-28T00:00:00.000Z,4794,FALSE,FALSE,FALSE,TRUE,FALSE,FALSE,FALSE,FALSE
9615,M,STE,United States,STE,english,26,2023-07-11T00:00:00.000Z,1985-01-18T00:00:00.000Z,15503,FALSE,TRUE,FALSE,FALSE,FALSE,FALSE,FALSE,FALSE
9616,M,Possible NDE,United States,Anesthesia;Possible NDE,english,20,2023-07-12T00:00:00.000Z,2022-09-18T00:00:00.000Z,6394,TRUE,FALSE,FALSE,FALSE,TRUE,FALSE,FALSE,FALSE
9617,F,Probable NDE,United States,Probable NDE,english,14,2023-07-13T00:00:00.000Z,2022-12-09T00:00:00.000Z,13322,FALSE,FALSE,TRUE,TRUE,FALSE,TRUE,FALSE,FALSE
9618,F,NDE,United States,NDE,english,9,2023-07-17T00:00:00.000Z,1995-01-18T00:00:00.000Z,3387,FALSE,FALSE,FALSE,TRUE,FALSE,FALSE,FALSE,FALSE
9619,M,SDE,United States,SDE,english,21,2023-07-19T00:00:00.000Z,2013-01-04T00:00:00.000Z,9308,TRUE,TRUE,FALSE,FALSE,FALSE,FALSE,FALSE,FALSE
9621,F,NDE,United States,NDE,english,13,2023-07-23T00:00:00.000Z,1998-06-18T00:00:00.000Z,4811,TRUE,FALSE,FALSE,TRUE,FALSE,FALSE,FALSE,FALSE
9623,M,STE,United States,STE,english,18,2023-07-31T00:00:00.000Z,1978-07-10T00:00:00.000Z,8062,FALSE,TRUE,FALSE,FALSE,FALSE,FALSE,FALSE,FALSE
9624,F,NDE,Spain,NDE,español,8,2023-07-31T00:00:00.000Z,2018-01-18T00:00:00.000Z,3006,FALSE,FALSE,FALSE,FALSE,FALSE,FALSE,FALSE,FALSE
9625,F,NDE,United States,NDE,english,4,2023-08-01T00:00:00.000Z,2021-09-06T00:00:00.000Z,5923,FALSE,FALSE,FALSE,TRUE,FALSE,FALSE,FALSE,FALSE
9626,F,NDE,United States,NDE,english,19,NA,NA,18150,TRUE,FALSE,FALSE,TRUE,TRUE,FALSE,FALSE,FALSE
9627,M,Probable NDE,France,Probable NDE,français,5,2023-08-02T00:00:00.000Z,1970-01-01T00:00:00.000Z,2672,FALSE,FALSE,FALSE,FALSE,FALSE,FALSE,FALSE,FALSE
9628,M,Probable NDE,United States,Probable NDE,english,3,2023-08-04T00:00:00.000Z,1964-01-18T00:00:00.000Z,1255,TRUE,FALSE,FALSE,FALSE,FALSE,FALSE,FALSE,FALSE
9629,M,STE,United States,STE,english,15,2023-08-07T00:00:00.000Z,2020-09-06T00:00:00.000Z,27692,TRUE,FALSE,FALSE,TRUE,FALSE,FALSE,FALSE,FALSE
9631,F,NDE,United States,NDE,english,24,2023-08-09T00:00:00.000Z,1993-01-18T00:00:00.000Z,15410,TRUE,FALSE,TRUE,TRUE,FALSE,FALSE,FALSE,FALSE
9632,F,NDE,United States,NDE,english,23,2023-08-22T00:00:00.000Z,1998-02-24T00:00:00.000Z,6681,TRUE,FALSE,FALSE,TRUE,FALSE,FALSE,FALSE,FALSE
9634,M,NDE,United States,NDE,english,17,2023-08-24T00:00:00.000Z,2017-09-17T00:00:00.000Z,4110,TRUE,FALSE,FALSE,FALSE,TRUE,FALSE,FALSE,FALSE
9640,F,NDE,United States,Second-Person NDE,english,13,2023-08-29T00:00:00.000Z,1987-01-18T00:00:00.000Z,4354,TRUE,FALSE,FALSE,TRUE,TRUE,FALSE,FALSE,FALSE
9641,F,Probable NDE,United States,Probable NDE,english,3,2023-08-29T00:00:00.000Z,1958-01-01T00:00:00.000Z,2251,TRUE,FALSE,FALSE,FALSE,FALSE,FALSE,FALSE,FALSE
9647,F,NDE,United States,NDE,english,10,2023-08-29T00:00:00.000Z,1966-03-17T00:00:00.000Z,12196,FALSE,FALSE,FALSE,TRUE,FALSE,FALSE,FALSE,FALSE
9648,M,NDE,United States,NDE,english,9,2023-08-29T00:00:00.000Z,2021-09-21T00:00:00.000Z,6075,FALSE,FALSE,FALSE,TRUE,FALSE,TRUE,FALSE,FALSE
9649,M,Probable NDE,Clinton,Probable NDE,english,9,2023-08-29T00:00:00.000Z,2023-03-21T00:00:00.000Z,3180,FALSE,FALSE,TRUE,TRUE,FALSE,FALSE,FALSE,FALSE
9650,F,Probable NDE,Mexico,Probable NDE,español,16,2023-08-29T00:00:00.000Z,1979-01-01T00:00:00.000Z,4600,TRUE,TRUE,FALSE,TRUE,FALSE,FALSE,FALSE,FALSE
9652,F,NDE,United States,NDE,english,16,2023-08-29T00:00:00.000Z,2010-01-18T00:00:00.000Z,7240,FALSE,FALSE,FALSE,TRUE,FALSE,FALSE,FALSE,FALSE
9653,F,SDE,United States,SDE,english,10,2023-08-29T00:00:00.000Z,1982-01-18T00:00:00.000Z,6486,TRUE,FALSE,FALSE,FALSE,TRUE,FALSE,FALSE,FALSE
9654,M,STE,United States,STE,english,17,2023-08-29T00:00:00.000Z,2022-10-02T00:00:00.000Z,45860,TRUE,FALSE,FALSE,TRUE,FALSE,FALSE,FALSE,FALSE
9655,M,NDE,Iran,NDE,engish,20,2023-08-29T00:00:00.000Z,1970-01-18T00:00:00.000Z,7382,FALSE,TRUE,FALSE,TRUE,FALSE,TRUE,FALSE,FALSE
9659,F,NDE,United States,NDE,english,6,2023-08-29T00:00:00.000Z,2005-10-19T00:00:00.000Z,3457,TRUE,FALSE,FALSE,TRUE,TRUE,FALSE,FALSE,FALSE
9661,F,NDE,United States,NDE,english,18,2023-08-29T00:00:00.000Z,2009-05-21T00:00:00.000Z,10836,FALSE,FALSE,FALSE,TRUE,FALSE,FALSE,FALSE,FALSE
9663,M,NDE,United States,NDE,english,5,2023-08-29T00:00:00.000Z,1980-10-01T00:00:00.000Z,9303,TRUE,FALSE,FALSE,TRUE,FALSE,FALSE,FALSE,FALSE
9664,M,NDE,Qatar,NDE,english,19,2023-08-29T00:00:00.000Z,1977-01-01T00:00:00.000Z,2880,TRUE,FALSE,FALSE,TRUE,TRUE,FALSE,FALSE,FALSE
9668,M,NDE,United States,NDE,english,15,2023-08-30T00:00:00.000Z,2020-12-17T00:00:00.000Z,3772,TRUE,FALSE,FALSE,TRUE,TRUE,FALSE,FALSE,FALSE
9669,F,NDE,United States,NDE,english,21,2023-08-30T00:00:00.000Z,1967-01-18T00:00:00.000Z,8914,TRUE,FALSE,FALSE,TRUE,TRUE,FALSE,FALSE,FALSE
9670,F,Probable NDE,Czech Republic,Probable NDE,czech,8,2023-08-30T00:00:00.000Z,1984-01-01T00:00:00.000Z,3585,FALSE,FALSE,FALSE,TRUE,FALSE,FALSE,FALSE,FALSE
9672,F,NDE,Turkey,NDE,english,17,2023-08-30T00:00:00.000Z,2003-01-18T00:00:00.000Z,5588,FALSE,FALSE,FALSE,FALSE,FALSE,FALSE,FALSE,FALSE
9673,M,Possible NDE,United States,Second-person Possible NDE,english,10,2023-08-30T00:00:00.000Z,2016-02-18T00:00:00.000Z,3337,FALSE,FALSE,FALSE,TRUE,FALSE,FALSE,FALSE,FALSE
9674,M,NDE,South Africa,NDE,english,4,2023-08-31T00:00:00.000Z,1971-01-18T00:00:00.000Z,3154,TRUE,FALSE,FALSE,FALSE,FALSE,FALSE,FALSE,FALSE
9675,F,NDE,United States,NDE,english,26,2023-08-31T00:00:00.000Z,2021-01-10T00:00:00.000Z,12685,FALSE,FALSE,FALSE,FALSE,FALSE,FALSE,FALSE,FALSE
9676,M,NDE,Cuba,NDEs,english,25,2023-08-31T00:00:00.000Z,1989-01-18T00:00:00.000Z,5765,TRUE,FALSE,FALSE,TRUE,FALSE,TRUE,FALSE,FALSE
9677,M,NDE,United States,NDE,english,8,2023-08-31T00:00:00.000Z,2013-11-09T00:00:00.000Z,4195,TRUE,FALSE,FALSE,FALSE,FALSE,FALSE,FALSE,FALSE
9680,M,Probable NDE,United States,Probable NDE,english,15,2023-08-31T00:00:00.000Z,NA,3939,TRUE,FALSE,FALSE,TRUE,FALSE,FALSE,FALSE,FALSE
9681,M,NDE,United States,NDE,english,22,2023-08-31T00:00:00.000Z,1998-04-01T00:00:00.000Z,6773,TRUE,FALSE,FALSE,TRUE,FALSE,FALSE,FALSE,FALSE
9682,M,NDE,New Zealand,NDE,english,7,2023-09-05T00:00:00.000Z,1990-12-18T00:00:00.000Z,6655,FALSE,FALSE,FALSE,TRUE,FALSE,FALSE,FALSE,FALSE
9685,M,NDE,Ireland,NDE,english,5,2023-09-05T00:00:00.000Z,2022-05-18T00:00:00.000Z,4611,FALSE,FALSE,FALSE,TRUE,FALSE,FALSE,FALSE,FALSE
9687,M,NDE,United States,NDE,english,11,NA,NA,26273,FALSE,FALSE,FALSE,TRUE,FALSE,FALSE,FALSE,FALSE
9691,M,NDE,Germany,NDE,english,15,2023-09-11T00:00:00.000Z,2006-11-18T00:00:00.000Z,11036,TRUE,FALSE,FALSE,TRUE,FALSE,FALSE,FALSE,FALSE
9692,F,Other,United States,Other,english,3,2023-09-13T00:00:00.000Z,2022-01-18T00:00:00.000Z,4244,TRUE,FALSE,FALSE,TRUE,FALSE,FALSE,FALSE,FALSE
9695,M,NDE,United Kingdom,NDE,english,8,2023-09-19T00:00:00.000Z,1991-01-18T00:00:00.000Z,5200,TRUE,FALSE,FALSE,FALSE,FALSE,FALSE,FALSE,FALSE
9697,M,Probable NDE,Netherlands,Probable NDE,english,23,2023-09-24T00:00:00.000Z,2021-03-18T00:00:00.000Z,10828,FALSE,TRUE,FALSE,TRUE,FALSE,FALSE,TRUE,FALSE
9698,M,NDE,United States,NDE,english,24,2023-09-25T00:00:00.000Z,2010-09-18T00:00:00.000Z,6501,TRUE,FALSE,FALSE,TRUE,FALSE,FALSE,FALSE,FALSE
9699,M,Probable NDE,Brazil,Probable NDE,português,8,2023-09-26T00:00:00.000Z,2022-05-06T00:00:00.000Z,4749,FALSE,FALSE,FALSE,TRUE,FALSE,FALSE,FALSE,FALSE
9701,M,NDE,United States,NDE,english,17,2023-09-28T00:00:00.000Z,2019-01-18T00:00:00.000Z,5766,FALSE,FALSE,FALSE,TRUE,FALSE,FALSE,FALSE,FALSE
9702,F,NDE,United States,NDE,english,7,2023-10-08T00:00:00.000Z,1977-07-18T00:00:00.000Z,2669,TRUE,FALSE,FALSE,FALSE,FALSE,FALSE,FALSE,FALSE
9705,F,Probable NDE,United States,Probable NDE,english,4,2023-10-11T00:00:00.000Z,1974-12-18T00:00:00.000Z,5915,TRUE,FALSE,FALSE,FALSE,FALSE,FALSE,FALSE,FALSE
9707,M,Probable NDE,Canada,Probable NDE,english,6,2023-10-16T00:00:00.000Z,2021-06-11T00:00:00.000Z,4292,FALSE,FALSE,FALSE,FALSE,FALSE,FALSE,FALSE,FALSE
9708,F,Probable NDE,Australia,Probable NDE,english,17,2023-10-17T00:00:00.000Z,2023-03-10T00:00:00.000Z,5461,FALSE,TRUE,FALSE,TRUE,FALSE,FALSE,FALSE,FALSE
9709,F,NDE,United States,NDE,english,7,2023-10-22T00:00:00.000Z,1979-02-26T00:00:00.000Z,8179,TRUE,FALSE,FALSE,TRUE,FALSE,FALSE,FALSE,FALSE
9710,M,NDE,Mexico,NDE,español,15,2023-10-22T00:00:00.000Z,2007-01-18T00:00:00.000Z,2505,TRUE,FALSE,FALSE,TRUE,TRUE,FALSE,FALSE,FALSE
9711,F,NDE,Spain,NDE,español,20,2023-10-22T00:00:00.000Z,2014-01-01T00:00:00.000Z,4493,FALSE,TRUE,FALSE,FALSE,FALSE,TRUE,FALSE,FALSE
9712,F,STE,United States,STE,english,30,2023-10-22T00:00:00.000Z,2023-04-21T00:00:00.000Z,17708,TRUE,FALSE,FALSE,TRUE,FALSE,TRUE,FALSE,FALSE
9715,M,Probable NDE,Germany,Probable NDE,deutsch,6,2023-10-27T00:00:00.000Z,2024-01-09T00:00:00.000Z,3072,FALSE,FALSE,FALSE,FALSE,FALSE,FALSE,FALSE,FALSE
9716,M,NDE,United States,NDE,english,24,2023-11-03T00:00:00.000Z,1954-06-20T00:00:00.000Z,31777,TRUE,FALSE,FALSE,TRUE,FALSE,TRUE,TRUE,FALSE
9719,M,NDE,United States,NDE,english,13,2023-11-09T00:00:00.000Z,1981-09-04T00:00:00.000Z,5154,FALSE,FALSE,FALSE,TRUE,FALSE,FALSE,FALSE,FALSE
9720,M,NDE,United States,NDE,english,9,2023-11-09T00:00:00.000Z,2021-10-31T00:00:00.000Z,7123,TRUE,TRUE,FALSE,TRUE,FALSE,FALSE,FALSE,FALSE
9722,M,NDE,United States,NDE,english,24,2023-11-12T00:00:00.000Z,2008-03-13T00:00:00.000Z,9148,TRUE,TRUE,FALSE,TRUE,FALSE,TRUE,FALSE,FALSE
9724,M,Probable NDE,United States,Probable NDE,english,12,2023-11-12T00:00:00.000Z,2022-11-26T00:00:00.000Z,5895,FALSE,FALSE,FALSE,FALSE,FALSE,FALSE,FALSE,FALSE
9725,M,Probable NDE,United States,Probable NDE,english,12,2023-11-13T00:00:00.000Z,2022-03-04T00:00:00.000Z,3010,FALSE,FALSE,FALSE,TRUE,FALSE,FALSE,FALSE,FALSE
9726,F,FDE,Canada,FDE,english,13,2023-11-17T00:00:00.000Z,1960-01-18T00:00:00.000Z,14446,FALSE,FALSE,FALSE,FALSE,FALSE,FALSE,FALSE,FALSE
9727,F,NDE,India,NDE,english,6,2023-11-17T00:00:00.000Z,2014-12-30T00:00:00.000Z,8033,FALSE,FALSE,FALSE,TRUE,TRUE,FALSE,FALSE,FALSE
9728,F,Probable NDE,Germany,Probable NDE,deutsch,12,2023-11-18T00:00:00.000Z,2018-01-01T00:00:00.000Z,3827,FALSE,FALSE,FALSE,TRUE,FALSE,FALSE,FALSE,FALSE
9732,M,NDE,United States,NDE,english,12,2023-11-27T00:00:00.000Z,2020-04-18T00:00:00.000Z,3129,FALSE,FALSE,FALSE,FALSE,FALSE,FALSE,FALSE,FALSE
9734,M,NDE,United States,NDE,english,8,2023-11-27T00:00:00.000Z,1991-09-06T00:00:00.000Z,7745,TRUE,FALSE,FALSE,TRUE,FALSE,FALSE,FALSE,FALSE
9736,F,Probable NDE,United States,Probable NDE,english,21,2023-11-30T00:00:00.000Z,2015-01-18T00:00:00.000Z,6911,FALSE,TRUE,FALSE,TRUE,TRUE,FALSE,TRUE,TRUE
9737,M,Possible NDE,Argentina,NDE or FDE,english,4,2023-12-01T00:00:00.000Z,1961-01-18T00:00:00.000Z,3049,FALSE,FALSE,FALSE,TRUE,FALSE,FALSE,FALSE,FALSE
9738,F,NDE,United States,NDE,english,15,2023-12-01T00:00:00.000Z,2015-01-01T00:00:00.000Z,11496,TRUE,FALSE,FALSE,TRUE,TRUE,FALSE,FALSE,FALSE
9739,M,NDE,United States,NDE,english,11,2023-12-01T00:00:00.000Z,1988-07-03T00:00:00.000Z,11234,TRUE,FALSE,FALSE,TRUE,FALSE,FALSE,FALSE,FALSE
9740,M,STE,United States,STE,english,16,2023-12-03T00:00:00.000Z,2021-11-17T00:00:00.000Z,13377,FALSE,FALSE,TRUE,FALSE,FALSE,FALSE,TRUE,FALSE
9741,F,NDE,United States,NDE,english,10,2023-12-07T00:00:00.000Z,1946-01-18T00:00:00.000Z,6043,FALSE,FALSE,FALSE,TRUE,FALSE,FALSE,FALSE,FALSE
9742,F,FDE,United States,FDE,english,8,2023-12-09T00:00:00.000Z,2004-10-18T00:00:00.000Z,5895,FALSE,FALSE,FALSE,TRUE,FALSE,FALSE,FALSE,FALSE
9743,M,FDE,United States,FDE,english,2,2023-12-09T00:00:00.000Z,2013-01-18T00:00:00.000Z,2739,FALSE,FALSE,FALSE,TRUE,FALSE,FALSE,FALSE,FALSE
9744,M,NDE,Canada,NDE,english,10,2023-12-09T00:00:00.000Z,2017-12-27T00:00:00.000Z,20968,TRUE,FALSE,TRUE,TRUE,FALSE,FALSE,FALSE,FALSE
9745,M,Probable NDE,United States,Probable NDE,english,17,2023-12-10T00:00:00.000Z,2018-10-01T00:00:00.000Z,3148,TRUE,FALSE,FALSE,TRUE,FALSE,FALSE,FALSE,FALSE
9746,M,NDE,United States,NDE,english,8,2023-12-11T00:00:00.000Z,1973-07-06T00:00:00.000Z,5084,TRUE,FALSE,FALSE,TRUE,FALSE,FALSE,FALSE,FALSE
9748,M,NDE,United States,NDE,english,18,NA,1990-03-18T00:00:00.000Z,2428,TRUE,FALSE,FALSE,TRUE,FALSE,FALSE,FALSE,FALSE
9749,M,NDE,United States,NDE,english,2,NA,1988-10-31T00:00:00.000Z,7487,TRUE,FALSE,TRUE,TRUE,TRUE,FALSE,FALSE,FALSE
9752,M,NDE,United States,NDE,enlish,14,NA,1948-01-18T00:00:00.000Z,2237,TRUE,FALSE,FALSE,TRUE,FALSE,FALSE,FALSE,FALSE
9756,F,NDE,United States,NDE,english,15,NA,1976-01-18T00:00:00.000Z,5554,FALSE,FALSE,FALSE,TRUE,FALSE,FALSE,FALSE,FALSE
9758,F,ADC,S,ADCs/Other,deutsch,18,2015-01-30T00:00:00.000Z,1985-01-01T00:00:00.000Z,29756,FALSE,FALSE,FALSE,TRUE,FALSE,FALSE,FALSE,FALSE
9761,M,NDE,United States,NDE,english,27,2024-01-05T17:10:27.000Z,2019-09-18T00:00:00.000Z,23137,TRUE,TRUE,TRUE,TRUE,FALSE,FALSE,FALSE,FALSE
9763,M,Probable NDE,United States,Probable NDE;STE,english,6,2024-01-09T17:58:22.000Z,2010-02-04T00:00:00.000Z,5717,TRUE,FALSE,FALSE,TRUE,FALSE,FALSE,FALSE,FALSE
9766,F,NDE,United States,NDE,english,12,2024-01-14T19:50:39.000Z,2022-06-13T00:00:00.000Z,5447,TRUE,TRUE,FALSE,FALSE,FALSE,FALSE,FALSE,FALSE
9769,M,NDE,M,"NDE, ADCs, and Others",english,23,2024-01-19T10:33:54.000Z,2023-01-09T00:00:00.000Z,18948,TRUE,TRUE,FALSE,TRUE,TRUE,FALSE,TRUE,FALSE
9770,M,Probable NDE,Alabama,Probable NDE,english,11,2024-01-23T09:59:53.000Z,2011-01-04T00:00:00.000Z,3371,TRUE,FALSE,FALSE,TRUE,TRUE,FALSE,FALSE,FALSE
9771,M,NDE,United States,NDE,english,14,2024-01-23T11:43:45.000Z,2008-12-12T00:00:00.000Z,7424,FALSE,FALSE,FALSE,TRUE,FALSE,FALSE,FALSE,FALSE
9772,M,NDE,Thailand,NDE,english,22,2024-01-23T13:02:45.000Z,2020-01-31T00:00:00.000Z,5358,TRUE,TRUE,TRUE,TRUE,FALSE,FALSE,FALSE,FALSE
9773,F,NDE,United States,NDE,english,13,2024-01-23T13:23:49.000Z,2018-07-23T00:00:00.000Z,7605,FALSE,TRUE,FALSE,TRUE,FALSE,FALSE,FALSE,FALSE
9774,F,NDE,United States,NDE,english,11,2024-01-23T13:37:04.000Z,2020-09-26T00:00:00.000Z,6245,TRUE,TRUE,FALSE,TRUE,FALSE,FALSE,FALSE,FALSE
9776,M,NDE,United States,NDEs,english,15,2024-01-23T18:01:17.000Z,2021-02-04T00:00:00.000Z,7560,TRUE,FALSE,FALSE,TRUE,FALSE,FALSE,FALSE,FALSE
9777,M,NDE,United States,NDE,english,7,2024-01-23T19:13:31.000Z,2007-01-28T00:00:00.000Z,2066,TRUE,FALSE,FALSE,FALSE,FALSE,FALSE,FALSE,FALSE
9779,M,Probable NDE,United States,Probable NDE,english,13,2024-01-23T23:33:38.000Z,2006-10-05T00:00:00.000Z,4924,FALSE,FALSE,FALSE,TRUE,FALSE,FALSE,FALSE,FALSE
9780,M,Possible NDE,Australia,Possible NDE,english,6,2024-01-23T23:45:27.000Z,2023-03-04T00:00:00.000Z,4129,FALSE,FALSE,TRUE,TRUE,FALSE,FALSE,FALSE,FALSE
9781,M,NDE,Texas,NDE,english,18,2024-01-24T03:04:24.000Z,2007-08-12T00:00:00.000Z,3537,TRUE,FALSE,FALSE,TRUE,FALSE,FALSE,FALSE,FALSE
9782,F,NDE,United States,NDE,english,18,2024-01-24T05:24:18.000Z,1997-02-04T00:00:00.000Z,6998,FALSE,FALSE,FALSE,TRUE,FALSE,FALSE,FALSE,FALSE
9784,M,NDE,Peebles,NDE,english,15,2024-01-24T09:20:26.000Z,2020-06-20T00:00:00.000Z,4744,TRUE,FALSE,FALSE,TRUE,TRUE,FALSE,FALSE,FALSE
9785,M,NDE,United States,NDE,english,14,2024-01-24T09:02:16.000Z,2017-07-30T00:00:00.000Z,5704,FALSE,FALSE,FALSE,TRUE,FALSE,FALSE,FALSE,FALSE
9786,M,NDE,United States,NDE,english,13,2024-01-24T09:20:25.000Z,2015-09-04T00:00:00.000Z,11163,TRUE,TRUE,FALSE,TRUE,FALSE,FALSE,FALSE,FALSE
9787,F,NDE,Austria,NDE,english,20,2024-01-25T05:15:00.000Z,1987-01-01T00:00:00.000Z,23136,TRUE,FALSE,TRUE,FALSE,FALSE,FALSE,FALSE,FALSE
9788,F,NDE,United States,NDE,english,14,2024-01-24T15:22:00.000Z,1995-11-06T00:00:00.000Z,6304,FALSE,FALSE,FALSE,TRUE,FALSE,FALSE,FALSE,FALSE
9789,F,NDE,United States,NDE,english,15,2024-01-24T23:46:58.000Z,1960-01-01T00:00:00.000Z,2785,TRUE,FALSE,FALSE,TRUE,TRUE,FALSE,FALSE,FALSE
9790,M,NDE,United States,NDE,english,29,2024-01-25T11:19:46.000Z,2010-04-23T00:00:00.000Z,18156,TRUE,FALSE,TRUE,TRUE,FALSE,FALSE,FALSE,FALSE
9791,F,NDE,United Arab Emirates,NDE,english,14,2024-01-25T11:47:03.000Z,2017-09-04T00:00:00.000Z,6726,FALSE,FALSE,FALSE,TRUE,FALSE,FALSE,FALSE,FALSE
9793,M,NDE,United States,NDE,english,5,2024-01-25T14:45:44.000Z,2017-01-01T00:00:00.000Z,3790,TRUE,FALSE,FALSE,TRUE,FALSE,FALSE,FALSE,FALSE
9794,M,Probable NDE,United States,Probable NDE,english,12,2024-01-25T17:40:39.000Z,1999-02-04T00:00:00.000Z,4305,FALSE,TRUE,FALSE,TRUE,FALSE,FALSE,FALSE,TRUE
9795,F,NDE,United States,NDE,english,23,2024-01-25T18:03:48.000Z,1999-11-26T00:00:00.000Z,6665,FALSE,FALSE,FALSE,TRUE,FALSE,FALSE,FALSE,FALSE
9796,F,NDE,Moldova,NDE,english,22,2024-01-25T22:50:34.000Z,1991-05-04T00:00:00.000Z,6404,TRUE,FALSE,TRUE,TRUE,TRUE,FALSE,TRUE,FALSE
9797,M,NDE,United States,NDE,english,18,2024-01-25T22:51:19.000Z,2005-01-01T00:00:00.000Z,6871,FALSE,FALSE,FALSE,TRUE,FALSE,FALSE,FALSE,FALSE
9798,M,Probable NDE,England,Probable NDE,english,4,2024-01-27T08:03:37.000Z,2015-04-04T00:00:00.000Z,5460,TRUE,FALSE,FALSE,FALSE,TRUE,FALSE,FALSE,FALSE
9800,F,NDE,United States,NDE,english,22,2024-01-27T00:10:54.000Z,2005-03-28T00:00:00.000Z,5797,TRUE,TRUE,FALSE,TRUE,TRUE,FALSE,FALSE,FALSE
9801,M,FDE,United States,FDE,english,22,2024-01-26T16:07:00.000Z,2020-02-15T00:00:00.000Z,13076,TRUE,FALSE,FALSE,TRUE,FALSE,FALSE,FALSE,FALSE
9803,F,NDE,United States,NDE,english,10,2024-01-28T16:26:59.000Z,2006-02-04T00:00:00.000Z,4823,FALSE,FALSE,FALSE,TRUE,FALSE,FALSE,FALSE,FALSE
9804,M,NDE,Germany,NDE,english,8,2024-01-28T08:47:26.000Z,2018-11-04T00:00:00.000Z,5316,FALSE,FALSE,FALSE,TRUE,FALSE,FALSE,FALSE,FALSE
9805,M,NDE,United States,NDE,english,10,2024-01-29T23:34:36.000Z,2022-11-11T00:00:00.000Z,10513,TRUE,FALSE,FALSE,TRUE,FALSE,FALSE,FALSE,FALSE
9806,M,NDE,United States,NDE,english,6,2024-01-30T14:17:17.000Z,2016-04-13T00:00:00.000Z,6605,FALSE,FALSE,FALSE,TRUE,FALSE,FALSE,FALSE,FALSE
9807,M,NDE,Australia,NDE,english,13,2024-01-31T07:45:13.000Z,2002-02-04T00:00:00.000Z,7069,TRUE,FALSE,FALSE,FALSE,TRUE,FALSE,FALSE,FALSE
9808,F,NDE,United States,NDE,english,17,2024-02-01T18:22:35.000Z,1964-05-01T00:00:00.000Z,6255,TRUE,FALSE,FALSE,TRUE,FALSE,FALSE,FALSE,FALSE
9810,F,Probable NDE,United States,Probable NDE,english,0,2024-02-02T20:23:23.000Z,2024-01-09T00:00:00.000Z,1883,FALSE,FALSE,FALSE,TRUE,FALSE,FALSE,FALSE,FALSE
9811,F,NDE,United States,NDE,english,17,2024-02-02T20:18:50.000Z,2013-10-24T00:00:00.000Z,14533,TRUE,FALSE,FALSE,TRUE,FALSE,FALSE,FALSE,FALSE
9812,M,NDE,Canada,NDE,english,11,2024-02-04T10:07:26.000Z,2022-07-07T00:00:00.000Z,2944,TRUE,FALSE,FALSE,TRUE,TRUE,FALSE,FALSE,FALSE
9813,F,NDE,Australia,NDE,english,14,2024-02-04T03:37:37.000Z,1993-08-20T00:00:00.000Z,9104,FALSE,TRUE,FALSE,TRUE,FALSE,FALSE,FALSE,FALSE
9814,M,NDE,Canada,NDE,english,7,2024-02-03T23:28:42.000Z,2019-02-08T00:00:00.000Z,2841,TRUE,FALSE,FALSE,TRUE,FALSE,FALSE,FALSE,FALSE
9816,M,NDE,England,NDE,english,19,2024-02-05T05:40:26.000Z,2021-04-13T00:00:00.000Z,5325,FALSE,TRUE,FALSE,TRUE,FALSE,FALSE,FALSE,FALSE
9817,M,NDE,United States,NDE,english,13,2024-02-07T16:33:27.000Z,2012-11-19T00:00:00.000Z,3045,TRUE,FALSE,FALSE,TRUE,FALSE,FALSE,FALSE,FALSE
9818,M,Probable NDE,United States,Probable NDE,english,13,2024-02-11T02:35:54.000Z,2023-06-15T00:00:00.000Z,6410,FALSE,FALSE,FALSE,TRUE,FALSE,FALSE,FALSE,FALSE
9819,F,NDE,United States,NDE,english,25,2024-02-12T00:28:10.000Z,2008-05-25T00:00:00.000Z,9728,FALSE,TRUE,FALSE,TRUE,FALSE,FALSE,FALSE,FALSE
9820,M,NDE,United States,NDE,english,18,2024-02-14T02:34:29.000Z,1998-04-16T00:00:00.000Z,6220,FALSE,FALSE,FALSE,TRUE,FALSE,FALSE,FALSE,FALSE
9821,F,NDE,Australia,NDEs,english,9,2024-02-14T20:26:31.000Z,1967-05-14T00:00:00.000Z,2630,TRUE,FALSE,FALSE,TRUE,TRUE,FALSE,FALSE,FALSE
9823,F,NDE,United States,NDE;Probable NDE;Possible NDE,english,7,2024-02-15T21:51:04.000Z,1993-07-01T00:00:00.000Z,8616,TRUE,FALSE,FALSE,TRUE,TRUE,FALSE,FALSE,FALSE
9824,M,Other,U,Life-Threatening Event,english,2,2024-02-16T15:24:43.000Z,2022-11-22T00:00:00.000Z,17142,FALSE,FALSE,FALSE,TRUE,FALSE,FALSE,FALSE,FALSE
9825,F,NDE,United States,NDE,english,11,2024-02-16T15:54:32.000Z,2020-07-19T00:00:00.000Z,7267,TRUE,FALSE,FALSE,FALSE,FALSE,TRUE,FALSE,FALSE
9826,M,Probable NDE,United States,Probable NDE,english,5,2024-02-17T15:41:15.000Z,NA,1829,FALSE,FALSE,FALSE,FALSE,FALSE,FALSE,FALSE,FALSE
9827,M,Probable NDE,United States,Probable NDE,english,7,2024-02-18T17:45:47.000Z,2023-06-22T00:00:00.000Z,6289,FALSE,FALSE,FALSE,TRUE,FALSE,FALSE,FALSE,FALSE
9828,M,NDE,Mexico,NDE,english,18,2024-02-19T16:08:39.000Z,2020-01-06T00:00:00.000Z,18109,TRUE,FALSE,FALSE,TRUE,TRUE,FALSE,FALSE,FALSE
9829,F,STE,United States,STE,english,11,2024-02-21T14:25:29.000Z,2022-02-28T00:00:00.000Z,6025,TRUE,FALSE,FALSE,TRUE,TRUE,FALSE,TRUE,FALSE
9830,M,NDE,United States,NDE,english,5,2024-02-25T20:09:07.000Z,1973-07-28T00:00:00.000Z,6588,FALSE,FALSE,FALSE,TRUE,FALSE,FALSE,FALSE,FALSE
9832,M,NDE,United States,NDE,english,29,2024-02-22T15:53:58.000Z,1989-04-06T00:00:00.000Z,15392,TRUE,TRUE,FALSE,TRUE,FALSE,FALSE,FALSE,FALSE
9834,F,Probable NDE,United States,Probable NDE,english,15,2024-03-02T15:41:45.000Z,2007-12-29T00:00:00.000Z,8974,FALSE,FALSE,FALSE,TRUE,FALSE,FALSE,FALSE,FALSE
9835,M,Possible NDE,United States,ICU Delerium vs NDE,english,10,2024-03-02T22:19:48.000Z,2014-04-15T00:00:00.000Z,7048,FALSE,FALSE,FALSE,TRUE,FALSE,FALSE,FALSE,FALSE
9836,F,NDE,U,NA,english,7,2024-03-03T10:48:04.000Z,1995-04-08T00:00:00.000Z,5037,TRUE,FALSE,FALSE,TRUE,FALSE,FALSE,FALSE,FALSE
9837,F,NDE,United States,NDE and Premonition,english,23,2024-03-03T20:16:58.000Z,2020-09-14T00:00:00.000Z,15097,TRUE,TRUE,FALSE,TRUE,FALSE,FALSE,FALSE,FALSE
9838,F,NDE,United States,NDE,english,5,2024-03-05T12:47:42.000Z,1997-03-08T00:00:00.000Z,4702,TRUE,FALSE,FALSE,FALSE,TRUE,FALSE,FALSE,FALSE
9839,M,Possible NDE,United States,Drug Experience vs NDE,english,6,2024-03-06T22:44:58.000Z,2022-01-10T00:00:00.000Z,2767,FALSE,FALSE,FALSE,TRUE,FALSE,FALSE,FALSE,FALSE
9840,F,NDE,Canada,NDEs,english,27,2024-03-06T16:00:59.000Z,1973-01-01T00:00:00.000Z,12517,TRUE,TRUE,FALSE,TRUE,FALSE,TRUE,TRUE,FALSE
9841,F,NDE,Canada,NDEs,english,18,2024-03-07T12:43:23.000Z,1997-03-10T00:00:00.000Z,10109,TRUE,FALSE,FALSE,TRUE,TRUE,FALSE,FALSE,FALSE
9843,M,NDE,United States,NDE,english,4,2024-03-08T15:27:56.000Z,NA,2494,TRUE,FALSE,FALSE,FALSE,FALSE,FALSE,FALSE,FALSE
9846,M,Probable NDE,United States,Probable NDE,english,7,2024-03-11T08:05:56.000Z,2006-08-26T00:00:00.000Z,6026,FALSE,FALSE,FALSE,TRUE,FALSE,FALSE,FALSE,FALSE
9848,M,NDE,United States,NDE,english,12,2024-03-13T04:15:26.000Z,2008-03-15T00:00:00.000Z,9643,FALSE,FALSE,FALSE,TRUE,FALSE,FALSE,FALSE,FALSE
9851,M,NDE,Philippines,NDE,english,4,2024-03-14T21:39:49.000Z,1982-05-18T00:00:00.000Z,4907,FALSE,FALSE,TRUE,TRUE,FALSE,FALSE,FALSE,FALSE
9852,F,NDE,Canada,NDE,english,16,2024-03-15T12:09:14.000Z,1996-03-20T00:00:00.000Z,15356,FALSE,FALSE,FALSE,FALSE,FALSE,FALSE,FALSE,FALSE
9853,M,NDE,United States,NDE,english,17,2024-03-16T17:33:40.000Z,1990-03-20T00:00:00.000Z,6205,FALSE,TRUE,FALSE,TRUE,FALSE,FALSE,FALSE,FALSE
9854,F,NDE,United States,NDE,english,23,2024-03-17T23:00:47.000Z,2019-01-19T00:00:00.000Z,11581,FALSE,TRUE,FALSE,TRUE,FALSE,FALSE,FALSE,FALSE
9856,M,NDE,United States,NDE,english,24,2024-03-19T13:49:11.000Z,2016-11-23T00:00:00.000Z,5903,FALSE,TRUE,TRUE,TRUE,FALSE,FALSE,TRUE,FALSE
9857,F,NDE,South Africa,NDE,english,12,2024-03-21T05:20:33.000Z,1988-03-23T00:00:00.000Z,8456,TRUE,FALSE,FALSE,TRUE,FALSE,FALSE,FALSE,FALSE
9858,F,NDE,United States,NDE,english,22,2024-03-21T06:19:09.000Z,2012-03-23T00:00:00.000Z,16616,TRUE,TRUE,FALSE,TRUE,FALSE,TRUE,FALSE,FALSE
9859,M,NDE,United States,NDE,english,14,2024-03-21T06:51:52.000Z,1994-03-26T00:00:00.000Z,5965,FALSE,FALSE,FALSE,TRUE,FALSE,FALSE,FALSE,FALSE
9860,F,NDE,South Africa,NDE,english,12,2024-03-21T05:20:33.000Z,1988-03-23T00:00:00.000Z,8456,TRUE,FALSE,FALSE,TRUE,FALSE,FALSE,FALSE,FALSE
9861,F,NDE,United States,NDE,english,16,2024-03-21T21:35:20.000Z,1986-05-08T00:00:00.000Z,12124,TRUE,FALSE,FALSE,FALSE,TRUE,TRUE,FALSE,FALSE
9862,F,NDE,United States,NDE,english,7,2024-03-22T09:30:45.000Z,1998-01-01T00:00:00.000Z,3230,TRUE,FALSE,FALSE,TRUE,TRUE,FALSE,FALSE,FALSE
9865,F,NDE,United States,NDE,english,11,2024-03-23T13:20:19.000Z,2012-06-19T00:00:00.000Z,6618,FALSE,FALSE,FALSE,TRUE,FALSE,FALSE,FALSE,FALSE
9868,M,NDE,United Kingdom,NDE,english,29,2024-03-28T10:07:36.000Z,2023-07-14T00:00:00.000Z,10652,TRUE,FALSE,FALSE,TRUE,FALSE,FALSE,FALSE,FALSE
9869,F,NDE,United States,NDE,english,9,2024-03-28T13:51:03.000Z,1968-03-24T00:00:00.000Z,9026,FALSE,FALSE,FALSE,TRUE,FALSE,FALSE,FALSE,FALSE
9871,M,NDE,Thailand,NDE,english,5,2024-03-29T01:57:22.000Z,2023-12-25T00:00:00.000Z,4562,TRUE,FALSE,FALSE,TRUE,TRUE,FALSE,FALSE,FALSE
9872,F,Probable NDE,United States,Second-Person Probable NDE,english,22,2024-03-29T19:18:15.000Z,2022-11-06T00:00:00.000Z,5336,FALSE,FALSE,FALSE,TRUE,FALSE,FALSE,FALSE,FALSE
9874,F,NDE,Silex,NDE,english,24,2024-04-01T15:00:30.000Z,2010-08-30T00:00:00.000Z,9014,TRUE,TRUE,FALSE,TRUE,FALSE,FALSE,FALSE,FALSE
9877,F,NDE,United States,NDE,english,20,2024-04-04T01:15:17.000Z,1959-08-06T00:00:00.000Z,15093,TRUE,FALSE,FALSE,TRUE,TRUE,FALSE,FALSE,FALSE
9878,F,Probable NDE,United States,NDE,english,4,2024-04-04T09:00:54.000Z,2000-06-01T00:00:00.000Z,6496,FALSE,FALSE,FALSE,TRUE,FALSE,FALSE,FALSE,FALSE
9879,M,Possible NDE,United States,Possible NDE;Anesthesia Experience,english,16,2024-04-04T12:01:46.000Z,2020-01-05T00:00:00.000Z,9842,FALSE,TRUE,FALSE,TRUE,FALSE,FALSE,FALSE,FALSE
9880,M,Probable NDE,United States,Probable NDE,english,12,2024-04-05T09:22:10.000Z,2012-05-07T00:00:00.000Z,5390,FALSE,TRUE,TRUE,TRUE,FALSE,FALSE,FALSE,FALSE
9881,M,NDE,United States,NDE,english (usa),20,2024-04-05T13:34:34.000Z,2022-05-02T00:00:00.000Z,2949,FALSE,FALSE,FALSE,TRUE,FALSE,FALSE,FALSE,FALSE
9882,F,STE,United States,STE,english,18,2024-04-08T14:49:56.000Z,1954-08-15T00:00:00.000Z,3675,FALSE,FALSE,FALSE,FALSE,FALSE,FALSE,FALSE,FALSE
9890,F,NDE,New Zealand,NDE,english,17,2024-04-09T15:18:49.000Z,2019-04-16T00:00:00.000Z,5082,TRUE,TRUE,FALSE,TRUE,FALSE,FALSE,FALSE,FALSE
9893,F,NDE,United States,NDE,english,25,2024-04-10T15:48:36.000Z,1971-04-16T00:00:00.000Z,5063,TRUE,TRUE,FALSE,TRUE,FALSE,FALSE,FALSE,FALSE
9894,M,NDE,United States,NDEs,english,4,2024-04-10T19:55:29.000Z,1978-04-16T00:00:00.000Z,7925,TRUE,FALSE,FALSE,TRUE,TRUE,FALSE,FALSE,FALSE
9895,M,Possible NDE,Germany,Possible NDE;Anesthesia,english,3,2024-04-11T07:46:49.000Z,1980-02-16T00:00:00.000Z,5491,TRUE,FALSE,FALSE,TRUE,FALSE,FALSE,FALSE,FALSE
9897,F,NDE,United States,NDE,english,13,2024-04-11T13:43:32.000Z,1994-01-01T00:00:00.000Z,4541,FALSE,FALSE,FALSE,TRUE,FALSE,FALSE,FALSE,FALSE
9898,M,NDE,Poland,NDE,polish,18,2024-04-12T21:42:21.000Z,1992-04-17T00:00:00.000Z,4887,FALSE,FALSE,TRUE,TRUE,FALSE,FALSE,FALSE,FALSE
9899,M,NDE,Russia,NDE,russian,4,2024-04-13T05:18:03.000Z,2023-06-09T00:00:00.000Z,5680,FALSE,FALSE,FALSE,TRUE,TRUE,FALSE,FALSE,FALSE
9901,M,NDE,United States,NDE,english,14,2024-04-13T12:56:19.000Z,2001-04-27T00:00:00.000Z,9666,FALSE,FALSE,FALSE,TRUE,FALSE,FALSE,FALSE,FALSE
9903,M,NDE,United Kingdom,NDE,english,20,2024-04-14T10:00:23.000Z,1985-12-19T00:00:00.000Z,30977,TRUE,TRUE,FALSE,TRUE,FALSE,TRUE,FALSE,FALSE
9906,F,Probable NDE,United States,Probable NDE,english,10,2024-04-15T11:47:18.000Z,1976-01-01T00:00:00.000Z,9782,FALSE,FALSE,TRUE,TRUE,FALSE,FALSE,FALSE,FALSE
9907,F,SDE,United States,SDE,english,20,2024-04-15T15:38:27.000Z,2007-08-20T00:00:00.000Z,10552,FALSE,FALSE,FALSE,FALSE,FALSE,FALSE,FALSE,FALSE
9908,F,NDE,United States,NDE,english,9,2024-04-17T00:39:15.000Z,2005-05-07T00:00:00.000Z,9564,TRUE,FALSE,FALSE,TRUE,FALSE,FALSE,FALSE,FALSE
9912,M,NDE,United States,NDE,english,16,2024-04-19T22:25:11.000Z,1992-04-22T00:00:00.000Z,12531,TRUE,FALSE,FALSE,TRUE,FALSE,FALSE,FALSE,FALSE
9913,M,NDE,United States,NDE,english,26,NA,NA,19192,FALSE,FALSE,FALSE,TRUE,FALSE,FALSE,FALSE,FALSE
9914,F,NDE,United States,NDE,english,19,NA,NA,18150,TRUE,FALSE,FALSE,TRUE,TRUE,FALSE,FALSE,FALSE
9915,F,NDE,United States,NDE,english,16,2024-04-26T23:40:07.000Z,NA,18049,TRUE,TRUE,FALSE,TRUE,TRUE,FALSE,FALSE,FALSE
9916,F,NDE,United Kingdom,NDE,english,9,2024-04-28T13:51:17.000Z,1984-11-01T00:00:00.000Z,2586,TRUE,FALSE,FALSE,TRUE,FALSE,FALSE,FALSE,FALSE
9918,F,NDE,United States,NDE,english,13,2024-04-29T21:05:13.000Z,1990-01-01T00:00:00.000Z,5180,FALSE,FALSE,FALSE,FALSE,FALSE,FALSE,FALSE,FALSE
9919,M,STE,Peru,STE,english,24,2024-05-02T12:30:57.000Z,1971-01-05T00:00:00.000Z,7791,TRUE,TRUE,FALSE,TRUE,FALSE,FALSE,FALSE,FALSE
9921,F,Probable NDE,Utah,Probable NDE,english,25,2024-05-05T04:36:39.000Z,2021-08-14T00:00:00.000Z,4858,FALSE,TRUE,FALSE,TRUE,FALSE,FALSE,FALSE,FALSE
9922,F,STE,United States,STEs,english,22,2024-05-09T15:15:40.000Z,1966-06-01T00:00:00.000Z,20290,FALSE,FALSE,TRUE,FALSE,FALSE,FALSE,FALSE,FALSE
9924,M,NDE,Iran,NDE,فارسی,18,2024-05-11T09:16:42.000Z,NA,4956,FALSE,TRUE,FALSE,TRUE,FALSE,FALSE,FALSE,FALSE
9927,F,NDE,United States,NDE,english,16,2024-05-12T00:21:14.000Z,2021-02-25T00:00:00.000Z,11880,TRUE,FALSE,FALSE,TRUE,FALSE,FALSE,FALSE,FALSE
9929,M,Probable NDE,United States,Probable NDE,english,19,2024-05-13T15:55:08.000Z,2022-01-30T00:00:00.000Z,9231,FALSE,TRUE,FALSE,TRUE,FALSE,FALSE,FALSE,FALSE
9931,M,Probable NDE,Illinois,Probable NDE,english,14,2024-05-18T10:35:02.000Z,1974-05-21T00:00:00.000Z,2597,FALSE,FALSE,FALSE,FALSE,FALSE,FALSE,FALSE,FALSE
9932,M,NDE,United States,NDE,english,10,2024-05-19T11:48:40.000Z,2015-06-23T00:00:00.000Z,7578,FALSE,FALSE,FALSE,TRUE,FALSE,FALSE,FALSE,FALSE
9933,M,NDE,United States,NDE,english,13,2024-05-21T00:15:52.000Z,2000-08-29T00:00:00.000Z,2925,TRUE,FALSE,FALSE,TRUE,TRUE,FALSE,FALSE,FALSE
9936,F,NDE,Germany,NDE,english,11,2024-05-22T19:02:33.000Z,2017-12-16T00:00:00.000Z,4418,FALSE,FALSE,FALSE,TRUE,FALSE,FALSE,FALSE,FALSE
9943,M,NDE,United Kingdom,NDE,english,19,2024-05-27T02:10:40.000Z,2021-09-21T00:00:00.000Z,7823,FALSE,TRUE,FALSE,TRUE,FALSE,FALSE,FALSE,FALSE
9944,M,NDE,United States,NDE,english,21,2024-05-27T14:39:39.000Z,1999-10-19T00:00:00.000Z,3810,TRUE,FALSE,TRUE,TRUE,FALSE,FALSE,FALSE,FALSE
9945,F,Possible NDE,United States,Possible NDE,english,9,2024-05-29T23:43:35.000Z,2019-12-09T00:00:00.000Z,4859,TRUE,FALSE,FALSE,TRUE,FALSE,FALSE,FALSE,FALSE
9946,F,NDE,United States,NDE,english,17,2024-05-30T16:45:24.000Z,1999-07-01T00:00:00.000Z,19176,TRUE,TRUE,FALSE,TRUE,FALSE,FALSE,FALSE,FALSE
9947,M,FDE,United States,FDE,english,10,2024-06-03T16:03:53.000Z,2020-04-11T00:00:00.000Z,23458,FALSE,FALSE,FALSE,TRUE,FALSE,FALSE,FALSE,FALSE
9949,M,FDE,New Zealand,FDE,english,9,2024-06-06T13:37:03.000Z,2020-06-09T00:00:00.000Z,2114,TRUE,FALSE,FALSE,TRUE,FALSE,FALSE,FALSE,FALSE
9950,F,NDE,Germany,NDE,deutsch,18,2024-06-07T09:04:26.000Z,1968-06-11T00:00:00.000Z,3825,FALSE,FALSE,TRUE,TRUE,FALSE,FALSE,FALSE,FALSE
9952,F,NDE,Canada,NDE,french,1,2024-06-11T00:54:44.000Z,2021-06-13T00:00:00.000Z,3448,FALSE,FALSE,FALSE,FALSE,FALSE,FALSE,FALSE,FALSE
9954,M,NDE,Italy,NDE,italiano,8,2024-06-13T11:14:49.000Z,1982-06-17T00:00:00.000Z,3301,FALSE,FALSE,FALSE,TRUE,FALSE,FALSE,FALSE,FALSE
9956,M,NDE,Ecuador,NDE,english,17,2024-06-14T11:20:16.000Z,1975-06-17T00:00:00.000Z,14805,FALSE,TRUE,FALSE,TRUE,FALSE,FALSE,FALSE,FALSE
9959,M,FDE,United States,FDE,english,8,2024-06-17T17:21:47.000Z,1989-10-02T00:00:00.000Z,15938,TRUE,FALSE,FALSE,FALSE,FALSE,FALSE,FALSE,FALSE
9960,F,Drug,New Zealand,Drug Experience,english,6,2024-06-17T17:08:35.000Z,2022-10-13T00:00:00.000Z,8475,TRUE,FALSE,FALSE,TRUE,TRUE,FALSE,FALSE,FALSE
9962,M,NDE,United States,NDE,english,6,2024-06-18T12:33:43.000Z,2000-09-20T00:00:00.000Z,5160,TRUE,FALSE,FALSE,FALSE,TRUE,FALSE,FALSE,FALSE
9963,M,NDE,United States,NDE,english,3,2024-06-18T14:04:35.000Z,2004-04-02T00:00:00.000Z,2072,TRUE,FALSE,FALSE,TRUE,FALSE,FALSE,FALSE,FALSE
9964,M,NDE,United States,NDE,english,8,2024-06-18T14:45:09.000Z,2008-05-30T00:00:00.000Z,11609,TRUE,FALSE,FALSE,TRUE,FALSE,FALSE,FALSE,FALSE
9965,F,NDE,United States,NDE,english,22,2024-06-18T20:17:06.000Z,2013-09-06T00:00:00.000Z,17497,TRUE,TRUE,FALSE,TRUE,TRUE,FALSE,TRUE,FALSE
9968,F,Probable NDE,United States,NDE,english,4,2024-06-19T12:52:41.000Z,1988-12-16T00:00:00.000Z,4367,FALSE,FALSE,FALSE,TRUE,FALSE,FALSE,FALSE,FALSE
9969,M,NDE,Ireland,NDE,english,11,2024-06-19T17:48:42.000Z,2024-05-30T00:00:00.000Z,4386,TRUE,FALSE,FALSE,TRUE,FALSE,FALSE,FALSE,FALSE
9970,F,NDE,England,NDE,english,7,2024-06-20T10:42:39.000Z,2021-06-27T00:00:00.000Z,2707,TRUE,FALSE,FALSE,TRUE,FALSE,FALSE,FALSE,FALSE
9971,M,Probable NDE,United States,Probable NDE,english,16,2024-06-20T18:27:44.000Z,2018-12-14T00:00:00.000Z,6032,FALSE,TRUE,FALSE,TRUE,TRUE,FALSE,FALSE,FALSE
9972,F,ADC,United States,ADC,english,22,2024-06-22T06:50:49.000Z,2005-05-31T00:00:00.000Z,9054,FALSE,FALSE,FALSE,FALSE,FALSE,FALSE,FALSE,FALSE
9973,F,NDE,United States,NDE,english,15,2024-06-22T10:55:20.000Z,2019-06-30T00:00:00.000Z,6906,TRUE,FALSE,FALSE,FALSE,FALSE,FALSE,FALSE,FALSE
9974,M,NDE-Like,Lithuania,NDE-like;STE,"english, lithuanian",23,2024-06-22T16:28:14.000Z,2017-06-27T00:00:00.000Z,4915,TRUE,FALSE,FALSE,TRUE,FALSE,FALSE,FALSE,FALSE
9975,M,NDE,United States,NDE,english,19,2024-06-23T17:14:20.000Z,2019-11-28T00:00:00.000Z,8532,FALSE,TRUE,FALSE,TRUE,FALSE,FALSE,FALSE,FALSE
9979,F,Probable NDE,United States,Probable NDE,english,5,2024-06-27T22:38:18.000Z,2008-09-05T00:00:00.000Z,6229,FALSE,FALSE,FALSE,TRUE,FALSE,FALSE,FALSE,FALSE
9980,M,NDE,United States,NDE,english,27,2024-06-27T17:58:33.000Z,2023-05-22T00:00:00.000Z,23472,FALSE,TRUE,FALSE,TRUE,FALSE,TRUE,FALSE,FALSE
9981,M,NDE,United States,NDE,english,17,2024-06-29T02:18:05.000Z,2024-06-25T00:00:00.000Z,8014,TRUE,FALSE,FALSE,TRUE,FALSE,FALSE,FALSE,FALSE
9982,M,NDE,United States,NDE,english,23,2024-06-30T02:42:10.000Z,2024-06-24T00:00:00.000Z,15701,TRUE,TRUE,FALSE,TRUE,TRUE,FALSE,FALSE,FALSE
9983,F,NDE,United States,NDE,english,12,2024-06-30T01:51:39.000Z,1981-07-02T00:00:00.000Z,7492,FALSE,TRUE,FALSE,TRUE,FALSE,FALSE,FALSE,FALSE
9984,F,NDE,United States,NDE,english,12,2024-07-01T00:03:02.000Z,2020-04-04T00:00:00.000Z,5440,TRUE,FALSE,FALSE,FALSE,FALSE,FALSE,FALSE,FALSE
9985,M,Probable NDE,United States,Probable NDE,english,7,2024-07-04T11:08:21.000Z,2023-08-07T00:00:00.000Z,2533,FALSE,FALSE,FALSE,TRUE,FALSE,FALSE,FALSE,FALSE
9986,M,NDE,United States,NDE,english,24,2024-07-05T03:53:04.000Z,2024-05-16T00:00:00.000Z,12962,TRUE,FALSE,FALSE,TRUE,TRUE,FALSE,FALSE,FALSE
9992,M,Probable NDE,United States,Probable NDE,english,20,2024-07-10T19:45:39.000Z,1982-07-16T00:00:00.000Z,5318,TRUE,FALSE,FALSE,TRUE,FALSE,FALSE,FALSE,FALSE
9994,M,STE,U,STE,english,0,2024-07-11T20:41:27.000Z,1990-02-25T00:00:00.000Z,4138,TRUE,FALSE,FALSE,TRUE,FALSE,FALSE,FALSE,FALSE
9995,F,NDE,United States,NDE,english,10,2024-07-12T08:06:59.000Z,1972-07-19T00:00:00.000Z,3916,TRUE,FALSE,FALSE,TRUE,FALSE,FALSE,FALSE,FALSE
9996,F,STE,United States,STE,english,23,2024-07-12T16:26:07.000Z,NA,12901,TRUE,FALSE,FALSE,TRUE,FALSE,FALSE,FALSE,FALSE
9997,M,NDE,United States,NDE,english,16,2024-07-14T13:17:48.000Z,2023-11-18T00:00:00.000Z,5871,FALSE,TRUE,FALSE,TRUE,FALSE,FALSE,FALSE,FALSE
9998,M,NDE,Canada,NDE,english,14,2024-07-16T07:20:38.000Z,1958-07-19T00:00:00.000Z,37771,TRUE,TRUE,FALSE,TRUE,FALSE,FALSE,FALSE,FALSE
10000,M,NDE,Canada,NDE,english,14,2024-07-16T07:20:38.000Z,1958-07-19T00:00:00.000Z,37771,TRUE,TRUE,FALSE,TRUE,FALSE,FALSE,FALSE,FALSE
10001,M,NDE,United States,NDE,english,0,2014-10-18T00:00:00.000Z,1991-02-09T00:00:00.000Z,11628,TRUE,FALSE,FALSE,TRUE,TRUE,FALSE,FALSE,FALSE
10002,M,NDE,United States,NDE,english,0,2014-10-18T00:00:00.000Z,NA,23472,TRUE,TRUE,TRUE,TRUE,TRUE,FALSE,TRUE,FALSE
10004,F,NDE,Uncertain,NDE,english,0,2014-10-18T00:00:00.000Z,NA,4144,TRUE,FALSE,TRUE,TRUE,FALSE,FALSE,FALSE,FALSE
10005,M,NDE,United States,NDE,english,0,2001-08-12T00:00:00.000Z,NA,7604,TRUE,FALSE,FALSE,TRUE,TRUE,FALSE,FALSE,FALSE
10006,M,NDE,United States,NDE,english,0,2001-03-01T00:00:00.000Z,1994-02-09T00:00:00.000Z,4420,TRUE,FALSE,TRUE,TRUE,FALSE,FALSE,FALSE,FALSE
10008,F,NDE,United States,NDE,english,0,2001-04-29T00:00:00.000Z,1953-02-09T00:00:00.000Z,4176,TRUE,FALSE,FALSE,TRUE,TRUE,FALSE,FALSE,FALSE
10009,F,NDE,Iran,NDE,english,0,2001-04-22T00:00:00.000Z,NA,3946,TRUE,FALSE,FALSE,TRUE,FALSE,FALSE,FALSE,FALSE
10010,M,NDE,United States,NDE,english,0,2001-04-22T00:00:00.000Z,NA,20836,TRUE,FALSE,FALSE,TRUE,FALSE,FALSE,FALSE,FALSE
10011,F,NDE,NA,NDE,english,0,2000-12-03T00:00:00.000Z,NA,4975,TRUE,FALSE,FALSE,TRUE,FALSE,FALSE,FALSE,FALSE
10012,F,NDE,United States,NDE,english,0,2000-12-03T00:00:00.000Z,NA,6178,FALSE,FALSE,TRUE,FALSE,FALSE,FALSE,FALSE,FALSE
10013,F,NDE,NA,NDE,english,0,2000-09-23T00:00:00.000Z,NA,6075,TRUE,FALSE,FALSE,TRUE,TRUE,FALSE,FALSE,FALSE
10014,M,NDE,India,NDE,english,0,2000-09-23T00:00:00.000Z,NA,5771,TRUE,TRUE,FALSE,TRUE,TRUE,FALSE,FALSE,FALSE
10015,F,NDE,United States,NDE,english,0,2000-09-23T00:00:00.000Z,NA,1855,TRUE,FALSE,FALSE,TRUE,FALSE,FALSE,FALSE,FALSE
10016,M,NDE,unknown,NDE,english,0,2000-05-07T00:00:00.000Z,NA,2661,TRUE,FALSE,FALSE,FALSE,FALSE,FALSE,FALSE,FALSE
10017,F,NDE,United States,NDE,english,0,2000-04-02T00:00:00.000Z,NA,3211,TRUE,FALSE,FALSE,TRUE,FALSE,FALSE,FALSE,FALSE
10020,F,NDE,United States,NDE,english,0,1999-05-30T00:00:00.000Z,NA,11039,TRUE,FALSE,FALSE,TRUE,FALSE,FALSE,FALSE,FALSE
10021,F,NDE,United States,NDE,english,0,1999-03-22T00:00:00.000Z,NA,5520,TRUE,FALSE,FALSE,TRUE,TRUE,FALSE,FALSE,FALSE
10022,M,NDE,United States,NDE,english,0,1999-03-18T00:00:00.000Z,NA,10024,TRUE,FALSE,TRUE,TRUE,FALSE,FALSE,FALSE,FALSE
10023,F,NDE,Tennessee,NDE,english,0,1999-03-16T00:00:00.000Z,NA,3285,FALSE,FALSE,FALSE,TRUE,FALSE,FALSE,FALSE,FALSE
10024,F,NDE,United States,NDE,english,0,1999-03-06T00:00:00.000Z,NA,1930,TRUE,FALSE,FALSE,TRUE,TRUE,FALSE,FALSE,FALSE
10025,M,NDE,unknown,NDE,english,0,1999-03-06T00:00:00.000Z,NA,5106,FALSE,TRUE,FALSE,FALSE,FALSE,FALSE,FALSE,FALSE
10026,M,NDE,United States,NDE,english,0,1999-02-28T00:00:00.000Z,NA,9642,FALSE,TRUE,FALSE,TRUE,FALSE,FALSE,FALSE,FALSE
10028,M,NDE,United States,NDE,english,0,1999-02-23T00:00:00.000Z,NA,4075,TRUE,FALSE,FALSE,TRUE,FALSE,FALSE,FALSE,FALSE
10029,M,NDE,United States,NDE,english,0,1999-02-22T00:00:00.000Z,NA,4569,TRUE,FALSE,FALSE,TRUE,FALSE,FALSE,FALSE,FALSE
10030,F,NDE,Canada,NDEs,english,0,1999-02-20T00:00:00.000Z,NA,19545,TRUE,TRUE,FALSE,TRUE,TRUE,FALSE,TRUE,FALSE
10031,M,NDE,Israel,NDE,english,0,1999-02-13T00:00:00.000Z,NA,16736,TRUE,FALSE,FALSE,TRUE,FALSE,FALSE,TRUE,FALSE
10033,F,NDE,United States,NDE,english,0,1999-02-10T00:00:00.000Z,NA,8484,FALSE,TRUE,TRUE,TRUE,FALSE,FALSE,FALSE,FALSE
10034,F,NDE,England,NDE,english,0,1999-02-09T00:00:00.000Z,NA,8943,TRUE,TRUE,FALSE,TRUE,TRUE,FALSE,FALSE,FALSE
10035,M,NDE,Vietnam,NDE,english,0,1999-02-08T00:00:00.000Z,NA,7646,TRUE,FALSE,FALSE,TRUE,TRUE,FALSE,FALSE,FALSE
10036,M,NDE,United States,NDE,english,0,1999-02-08T00:00:00.000Z,NA,4052,TRUE,FALSE,FALSE,TRUE,FALSE,FALSE,FALSE,FALSE
10038,M,NDE,Vietnam,NDE,english,0,1999-02-08T00:00:00.000Z,NA,6472,TRUE,FALSE,TRUE,TRUE,FALSE,FALSE,FALSE,FALSE
10040,F,NDE,Texas,NDE,english,0,1999-02-08T00:00:00.000Z,NA,7598,TRUE,FALSE,FALSE,TRUE,FALSE,FALSE,FALSE,FALSE
10041,F,NDE,Australia,NDE,english,0,1999-02-08T00:00:00.000Z,NA,7328,FALSE,FALSE,FALSE,TRUE,FALSE,FALSE,FALSE,FALSE
10044,F,NDE,United States,NDE,english,0,1999-02-08T00:00:00.000Z,NA,26035,TRUE,FALSE,FALSE,TRUE,TRUE,FALSE,FALSE,FALSE
10045,F,NDE,Spain,NDE,english,0,1999-02-08T00:00:00.000Z,1975-01-18T00:00:00.000Z,5594,FALSE,FALSE,FALSE,TRUE,FALSE,FALSE,FALSE,TRUE
10046,M,NDE,United States,NDE,english,0,1999-02-08T00:00:00.000Z,NA,11289,TRUE,FALSE,TRUE,TRUE,FALSE,FALSE,FALSE,FALSE
10047,M,NDE,United States,NDE,english,0,2000-05-10T00:00:00.000Z,NA,33964,TRUE,FALSE,FALSE,TRUE,FALSE,FALSE,FALSE,FALSE
10049,M,NDE,United States,NDE,english,0,1999-02-08T00:00:00.000Z,NA,5889,TRUE,FALSE,FALSE,TRUE,FALSE,FALSE,FALSE,FALSE
10050,F,NDE,United States,NDE,english,0,2002-01-20T00:00:00.000Z,NA,18370,TRUE,FALSE,TRUE,TRUE,FALSE,FALSE,FALSE,FALSE
10051,F,NDE,United States,NDE,english,0,2002-01-12T00:00:00.000Z,NA,10707,FALSE,FALSE,FALSE,TRUE,FALSE,FALSE,FALSE,FALSE
10053,F,NDE,United States,NDE,english,0,2001-12-09T00:00:00.000Z,NA,4908,TRUE,FALSE,TRUE,TRUE,FALSE,FALSE,FALSE,FALSE
10054,F,NDE,United States,NDE,english,0,2001-09-30T00:00:00.000Z,NA,11151,TRUE,FALSE,FALSE,TRUE,FALSE,FALSE,FALSE,FALSE
10055,F,NDE,United States,NDE,english,0,2001-09-08T00:00:00.000Z,NA,8349,TRUE,FALSE,FALSE,TRUE,FALSE,FALSE,FALSE,FALSE
10056,F,ADC,United States,ADC/Other,english,0,2001-08-12T00:00:00.000Z,NA,6873,TRUE,TRUE,FALSE,TRUE,FALSE,FALSE,FALSE,FALSE
10057,F,Other,NA,NDE,english,0,2001-08-12T00:00:00.000Z,NA,6466,FALSE,TRUE,FALSE,FALSE,FALSE,TRUE,FALSE,FALSE
10058,F,NDE,United States,NDE,english,0,2002-02-28T00:00:00.000Z,NA,7888,TRUE,FALSE,FALSE,TRUE,FALSE,TRUE,FALSE,FALSE
10059,M,NDE,United States,NDE,english,0,1999-02-08T00:00:00.000Z,NA,10212,TRUE,TRUE,TRUE,TRUE,FALSE,FALSE,FALSE,FALSE
10060,F,ADC,United States,ADC,english,0,1999-02-17T00:00:00.000Z,NA,3359,FALSE,FALSE,FALSE,FALSE,FALSE,FALSE,FALSE,FALSE
10061,F,NDE,United States,NDE,english,0,1999-03-17T00:00:00.000Z,NA,6828,FALSE,TRUE,FALSE,FALSE,FALSE,FALSE,FALSE,FALSE
10063,F,Other,United States,Other,english,0,2002-07-07T00:00:00.000Z,NA,7043,FALSE,FALSE,FALSE,FALSE,FALSE,FALSE,FALSE,FALSE
10064,M,NDE,Portugal,Secondhand NDE,english,0,1999-03-25T00:00:00.000Z,NA,2491,TRUE,FALSE,TRUE,TRUE,FALSE,FALSE,FALSE,FALSE
10065,F,SOBE,NA,SOBE,english,0,1999-03-21T00:00:00.000Z,NA,2022,TRUE,FALSE,FALSE,TRUE,TRUE,FALSE,FALSE,FALSE
10066,M,NDE,India,NDE,english,0,2001-08-19T00:00:00.000Z,NA,1581,TRUE,FALSE,FALSE,TRUE,FALSE,FALSE,FALSE,FALSE
10067,F,NDE,unknown,NDE,english,0,2001-12-30T00:00:00.000Z,NA,3065,FALSE,FALSE,FALSE,TRUE,FALSE,FALSE,FALSE,FALSE
10068,M,SOBE,Ukraine,SOBEs,english,0,2002-04-19T00:00:00.000Z,NA,13005,TRUE,FALSE,FALSE,FALSE,FALSE,FALSE,FALSE,FALSE
10069,M,NDE,United States,NDE,english,0,2002-04-17T00:00:00.000Z,NA,6797,TRUE,FALSE,FALSE,TRUE,FALSE,FALSE,FALSE,FALSE
10071,F,NDE,Korea,Possible NDEs,english,0,2003-05-12T00:00:00.000Z,NA,3507,FALSE,FALSE,FALSE,TRUE,FALSE,FALSE,FALSE,FALSE
10072,F,ADC,United States,DBV,english,0,2002-04-21T00:00:00.000Z,NA,5650,TRUE,FALSE,TRUE,TRUE,FALSE,FALSE,FALSE,FALSE
10073,M,NDE,Malta,NDE,english,0,2003-05-12T00:00:00.000Z,NA,3644,TRUE,FALSE,FALSE,TRUE,FALSE,FALSE,FALSE,FALSE
10075,M,NDE,United States,NDE,english,0,2002-08-06T00:00:00.000Z,NA,4632,TRUE,FALSE,FALSE,TRUE,FALSE,FALSE,FALSE,FALSE
10076,M,NDE,United States,NDE,english,0,2003-05-31T00:00:00.000Z,NA,4205,FALSE,TRUE,FALSE,TRUE,FALSE,FALSE,FALSE,FALSE
10077,F,NDE,United Kingdom,NDE,english,0,2002-08-20T00:00:00.000Z,NA,113,FALSE,TRUE,TRUE,TRUE,FALSE,FALSE,TRUE,FALSE
10078,F,NDE,unknown,NDE,english,0,2002-10-29T00:00:00.000Z,NA,4706,FALSE,FALSE,FALSE,TRUE,FALSE,FALSE,FALSE,FALSE
10080,M,NDE,Canada,NDE,english,0,2003-10-27T00:00:00.000Z,NA,25111,TRUE,TRUE,FALSE,TRUE,FALSE,FALSE,FALSE,FALSE
10081,F,NDE,Unspecified,NDE,english,0,2004-01-17T00:00:00.000Z,NA,1186,TRUE,FALSE,FALSE,TRUE,FALSE,FALSE,FALSE,FALSE
10082,F,NDE,United States,NDE,english,0,2004-05-22T00:00:00.000Z,NA,7161,TRUE,FALSE,FALSE,TRUE,FALSE,FALSE,FALSE,FALSE
10083,M,NDE,Italy,NDE,english,0,2004-07-13T00:00:00.000Z,NA,16274,TRUE,TRUE,FALSE,TRUE,TRUE,FALSE,FALSE,FALSE
10090,F,NDE,United States,Secondhand NDE,english,0,2004-08-11T00:00:00.000Z,NA,3716,FALSE,FALSE,FALSE,TRUE,TRUE,FALSE,FALSE,FALSE
10093,F,Possible NDE,NA,Other,english,0,2002-04-22T00:00:00.000Z,NA,4567,TRUE,FALSE,FALSE,FALSE,FALSE,FALSE,FALSE,FALSE
20053,F,NDE,United States,NDE,english,NA,NA,NA,10891,TRUE,FALSE,FALSE,TRUE,FALSE,FALSE,FALSE,FALSE
20123,F,NDE,England,NDE,english,NA,NA,NA,3611,TRUE,FALSE,FALSE,TRUE,FALSE,FALSE,FALSE,FALSE
20130,M,Probable NDE,Puerto Rico,Probable NDE,english,NA,NA,NA,14677,TRUE,FALSE,FALSE,TRUE,FALSE,FALSE,FALSE,FALSE
20148,F,NDE,United States,NDE,english,NA,NA,NA,9873,TRUE,FALSE,FALSE,TRUE,FALSE,FALSE,FALSE,FALSE
20151,M,NDE,United States,NDE,english,NA,NA,NA,1828,TRUE,FALSE,FALSE,TRUE,FALSE,FALSE,FALSE,FALSE
20152,F,NDE,United States,NDE,english,NA,NA,NA,7879,TRUE,FALSE,FALSE,TRUE,FALSE,FALSE,TRUE,FALSE
20154,F,NDE,Jamaica,NDE,english,NA,NA,NA,3440,TRUE,FALSE,FALSE,TRUE,FALSE,TRUE,FALSE,FALSE
20162,M,NDE,U,NDE,english,NA,NA,NA,2456,TRUE,FALSE,FALSE,TRUE,FALSE,FALSE,FALSE,FALSE
20194,F,NDE,U,NDE,english,NA,NA,NA,3041,TRUE,FALSE,FALSE,TRUE,FALSE,FALSE,FALSE,FALSE
20200,F,NDE,Belgium,NDE,nl,1,2004-08-12T00:00:00.000Z,1996-01-01T00:00:00.000Z,11338,FALSE,FALSE,FALSE,TRUE,FALSE,FALSE,FALSE,FALSE
20215,M,NDE,Canada,NDE,english,NA,NA,NA,2632,TRUE,FALSE,FALSE,TRUE,FALSE,FALSE,FALSE,FALSE
20268,F,NDE,United States,NDE,english,NA,NA,NA,1896,TRUE,FALSE,FALSE,TRUE,FALSE,FALSE,FALSE,FALSE
20286,F,NDE,United States,NDE,english,NA,NA,NA,14991,TRUE,FALSE,FALSE,TRUE,FALSE,FALSE,FALSE,FALSE
20288,M,NDE,United States,NDE,english,NA,NA,NA,2895,TRUE,FALSE,FALSE,TRUE,TRUE,FALSE,FALSE,FALSE
20308,M,NDE,United States,NDE,english,NA,NA,NA,4241,TRUE,FALSE,FALSE,TRUE,FALSE,FALSE,FALSE,FALSE
20313,F,NDE,Greece,NDE,english,NA,NA,NA,4698,TRUE,FALSE,FALSE,TRUE,FALSE,FALSE,FALSE,FALSE
20315,M,NDE,United States,NDE,english,NA,NA,NA,2095,TRUE,FALSE,FALSE,TRUE,FALSE,FALSE,FALSE,FALSE
20384,F,NDE,U,NDE,english,NA,NA,NA,4805,TRUE,FALSE,FALSE,TRUE,FALSE,FALSE,FALSE,FALSE
20391,F,NDE,Canada,NDE,english,NA,NA,NA,1298,TRUE,FALSE,FALSE,TRUE,FALSE,FALSE,FALSE,FALSE
20410,M,NDE,U,NDE,english,NA,NA,NA,4077,TRUE,FALSE,FALSE,TRUE,FALSE,FALSE,FALSE,FALSE
20412,M,NDE,United States,NDE,english,NA,NA,NA,4318,FALSE,FALSE,FALSE,TRUE,FALSE,FALSE,FALSE,FALSE
20417,M,NDE,C,NDE,english,NA,NA,NA,2416,TRUE,FALSE,FALSE,TRUE,FALSE,FALSE,FALSE,FALSE
20422,M,NDE,NA,NDE,english,NA,NA,NA,3484,TRUE,FALSE,FALSE,FALSE,FALSE,FALSE,FALSE,FALSE
20456,F,NDE,United Kingdom,NDE,english,NA,NA,NA,2253,TRUE,FALSE,FALSE,TRUE,FALSE,FALSE,FALSE,FALSE
20495,F,NDE,United States,NDE,english,NA,NA,NA,3951,TRUE,FALSE,FALSE,TRUE,TRUE,FALSE,FALSE,FALSE
20496,M,NDE,United States,NDE,english,NA,NA,NA,2167,FALSE,FALSE,FALSE,TRUE,FALSE,FALSE,FALSE,FALSE
20531,F,NDE,United States,NDE,english,1,NA,2000-10-07T00:00:00.000Z,6101,TRUE,FALSE,FALSE,TRUE,FALSE,FALSE,FALSE,FALSE
20532,F,NDE,United States,NDE,english,15,NA,1999-01-01T00:00:00.000Z,12653,TRUE,TRUE,TRUE,TRUE,FALSE,FALSE,FALSE,FALSE
20542,M,NDE,Canada,NDE,english,NA,NA,NA,2642,TRUE,FALSE,FALSE,TRUE,TRUE,FALSE,FALSE,FALSE
20543,M,NDE,United States,NDE,english,NA,NA,NA,5602,FALSE,TRUE,FALSE,TRUE,FALSE,FALSE,FALSE,FALSE
20582,F,NDE,United States,NDE,english,NA,NA,NA,9628,TRUE,TRUE,FALSE,TRUE,FALSE,FALSE,FALSE,FALSE
20624,F,NDE,United States,NDE,english,NA,NA,NA,2421,TRUE,FALSE,FALSE,TRUE,FALSE,FALSE,FALSE,FALSE
20633,F,NDE,United States,NDE,english,NA,NA,NA,4195,TRUE,FALSE,FALSE,TRUE,FALSE,FALSE,FALSE,FALSE
20641,M,NDE,uncertain,NDE,english,NA,NA,NA,6176,FALSE,FALSE,FALSE,TRUE,FALSE,FALSE,FALSE,FALSE
20664,M,NDE-Like,Canada,NDE-Like,english,NA,NA,NA,2886,TRUE,FALSE,FALSE,TRUE,FALSE,FALSE,FALSE,FALSE
20676,F,NDE,United States,NDE,english,NA,NA,NA,10074,FALSE,FALSE,FALSE,TRUE,FALSE,FALSE,FALSE,FALSE
20703,M,NDE,Canada,NDE,english,NA,NA,NA,1725,TRUE,FALSE,FALSE,TRUE,FALSE,FALSE,FALSE,FALSE
20726,M,NDE,United States,NDE,english,NA,NA,NA,1627,TRUE,FALSE,FALSE,TRUE,FALSE,FALSE,FALSE,FALSE
20740,M,NDE,United States,NDE,english,NA,NA,NA,3293,TRUE,FALSE,FALSE,FALSE,FALSE,FALSE,FALSE,FALSE
20770,F,Probable NDE,United States,Probable NDE,english,NA,NA,NA,4970,TRUE,FALSE,FALSE,TRUE,FALSE,FALSE,FALSE,FALSE
20780,F,NDE,United States,NDE,english,NA,NA,NA,1756,TRUE,FALSE,FALSE,TRUE,TRUE,FALSE,FALSE,FALSE
20817,F,NDE,Malaysia,NDE,english,NA,NA,NA,3010,TRUE,FALSE,FALSE,FALSE,TRUE,FALSE,FALSE,FALSE
20850,M,NDE-Like,United States,NDE-like,english,NA,NA,NA,5677,FALSE,FALSE,FALSE,TRUE,FALSE,FALSE,FALSE,FALSE
20854,M,NDE,United States,NDE,english,NA,NA,NA,1836,TRUE,FALSE,FALSE,FALSE,FALSE,FALSE,FALSE,FALSE
20866,F,NDE,United States,NDE,english,NA,NA,NA,4922,TRUE,FALSE,FALSE,TRUE,FALSE,FALSE,FALSE,FALSE
20875,F,NDE,United States,NDE,english,NA,NA,NA,9777,TRUE,FALSE,FALSE,TRUE,FALSE,FALSE,FALSE,FALSE
20910,M,NDE,United States,NDE,english,NA,NA,NA,2231,TRUE,FALSE,TRUE,TRUE,FALSE,FALSE,FALSE,FALSE
20916,M,NDE,United States,NDE,english,NA,NA,NA,765,FALSE,FALSE,FALSE,FALSE,FALSE,FALSE,FALSE,FALSE
20920,M,NDE,Australia,NDE,english,4,NA,1977-12-18T00:00:00.000Z,18391,TRUE,FALSE,FALSE,TRUE,TRUE,FALSE,FALSE,FALSE
20949,F,NDE,United States,NDE,english,NA,NA,NA,3528,TRUE,FALSE,FALSE,TRUE,FALSE,FALSE,FALSE,FALSE
20953,M,FDE,United States,FDE,english,NA,NA,NA,3057,TRUE,FALSE,FALSE,TRUE,FALSE,FALSE,FALSE,FALSE
20963,F,NDE,United Kingdom,NDE,english,NA,NA,NA,1972,TRUE,FALSE,FALSE,TRUE,FALSE,FALSE,FALSE,FALSE
20985,F,NDE,United States,NDE,english,NA,NA,NA,4831,FALSE,TRUE,FALSE,FALSE,FALSE,FALSE,FALSE,FALSE
21000,F,NDE,United States,NDE,english,NA,NA,NA,5804,TRUE,FALSE,FALSE,FALSE,FALSE,FALSE,FALSE,FALSE
21035,M,NDE,Vietnam,NDE,english,NA,NA,NA,2650,TRUE,FALSE,FALSE,FALSE,FALSE,FALSE,FALSE,FALSE
21051,F,NDE,United States,NDE,english,NA,NA,NA,7502,TRUE,FALSE,FALSE,TRUE,TRUE,FALSE,FALSE,FALSE
21054,F,NDE,India,NDE,english,NA,NA,NA,8081,TRUE,TRUE,FALSE,TRUE,FALSE,FALSE,FALSE,FALSE
21083,F,NDE,United States,NDE,english,NA,NA,NA,2523,TRUE,FALSE,FALSE,TRUE,FALSE,FALSE,FALSE,FALSE
21085,M,NDE,United States,NDE,english,NA,NA,NA,6484,TRUE,FALSE,FALSE,TRUE,TRUE,FALSE,FALSE,FALSE
21096,F,NDE,United States,NDE,english,NA,NA,NA,707,FALSE,FALSE,FALSE,TRUE,FALSE,FALSE,FALSE,FALSE
21098,F,NDE-like,United States,NDE-like,english,NA,NA,NA,5908,TRUE,FALSE,FALSE,TRUE,FALSE,FALSE,FALSE,FALSE
21114,F,NDE,United States,NDE,english,NA,NA,NA,3301,TRUE,FALSE,FALSE,TRUE,TRUE,FALSE,FALSE,FALSE
21144,F,NDE,Australia,NDE,english,NA,NA,NA,8120,TRUE,FALSE,FALSE,FALSE,FALSE,FALSE,FALSE,FALSE
21146,F,NDE,N,NDE,english,NA,NA,NA,2872,TRUE,FALSE,FALSE,TRUE,FALSE,FALSE,FALSE,FALSE
21151,M,NDE,United States,NDE,english,NA,NA,NA,4173,FALSE,FALSE,FALSE,TRUE,FALSE,FALSE,FALSE,FALSE
21159,M,NDE,United States,NDE,english,NA,NA,NA,5445,TRUE,FALSE,FALSE,TRUE,FALSE,FALSE,FALSE,FALSE
21166,M,NDE,United States,NDE,english,NA,NA,NA,6806,TRUE,TRUE,FALSE,TRUE,FALSE,FALSE,FALSE,FALSE
21180,F,NDE,United States,NDE,english,NA,NA,NA,1548,TRUE,FALSE,FALSE,TRUE,TRUE,FALSE,FALSE,FALSE
21190,F,NDE,Canada,NDE,english,NA,NA,NA,2253,TRUE,FALSE,FALSE,TRUE,TRUE,FALSE,FALSE,FALSE
21239,F,NDE,United States,NDE,english,NA,NA,NA,2749,TRUE,FALSE,FALSE,TRUE,TRUE,FALSE,FALSE,FALSE
21249,F,NDE,United States,NDE,english,NA,NA,NA,3139,TRUE,FALSE,FALSE,TRUE,FALSE,FALSE,FALSE,FALSE
21272,F,NDE,United States,NDE,english,NA,NA,NA,10771,TRUE,FALSE,FALSE,FALSE,FALSE,FALSE,FALSE,FALSE
21278,F,NDE,United States,NDE,english,NA,NA,NA,10713,TRUE,FALSE,FALSE,TRUE,FALSE,FALSE,FALSE,FALSE
21292,M,NDE,United States,NDE,english,NA,NA,NA,2794,FALSE,FALSE,FALSE,FALSE,FALSE,FALSE,FALSE,FALSE
21295,F,NDE,United Kingdom,NDE,english,NA,NA,NA,2151,TRUE,FALSE,FALSE,TRUE,FALSE,FALSE,FALSE,FALSE
21308,F,NDE,United States,NDE,english,NA,NA,NA,1765,TRUE,FALSE,FALSE,FALSE,TRUE,FALSE,FALSE,FALSE
21309,F,NDE,Malta,NDE,english,NA,NA,NA,6008,TRUE,FALSE,FALSE,TRUE,TRUE,FALSE,FALSE,FALSE
21310,F,NDE,United States,NDE,english,NA,NA,NA,7486,TRUE,TRUE,FALSE,TRUE,TRUE,FALSE,FALSE,FALSE
21321,M,NDE,United States,NDE,english,NA,NA,NA,5713,TRUE,FALSE,FALSE,TRUE,TRUE,FALSE,FALSE,FALSE
21336,F,NDE,England,NDE,english,NA,NA,NA,2312,TRUE,FALSE,FALSE,TRUE,FALSE,FALSE,FALSE,FALSE
21351,F,NDE,United States,NDE,english,NA,NA,NA,3478,TRUE,TRUE,FALSE,TRUE,TRUE,FALSE,FALSE,FALSE
21359,F,NDE,United States,NDE,english,NA,NA,NA,2736,TRUE,FALSE,FALSE,TRUE,FALSE,FALSE,FALSE,FALSE
21396,M,NDE,Australia,NDE,english,NA,NA,NA,1555,TRUE,FALSE,FALSE,TRUE,TRUE,FALSE,FALSE,FALSE
21408,M,NDE,United States,NDE,english,NA,NA,NA,1473,TRUE,FALSE,FALSE,FALSE,FALSE,FALSE,FALSE,FALSE
21434,M,NDE,Scotland,NDE,english,NA,NA,NA,2470,TRUE,FALSE,FALSE,TRUE,FALSE,FALSE,FALSE,FALSE
21460,M,NDE,Vietnam,NDE,english,NA,NA,NA,1214,TRUE,FALSE,FALSE,TRUE,FALSE,FALSE,FALSE,FALSE
21481,M,NDE,England,NDE,english,NA,NA,NA,7578,TRUE,FALSE,FALSE,FALSE,FALSE,FALSE,FALSE,FALSE
21484,F,NDE,United States,NDE,english,NA,NA,NA,3725,TRUE,TRUE,FALSE,TRUE,TRUE,FALSE,FALSE,FALSE
21538,F,NDE,United States,NDE,english,NA,NA,NA,2497,TRUE,FALSE,FALSE,TRUE,TRUE,FALSE,FALSE,FALSE
21539,M,NDE,United States,NDE,english,NA,NA,NA,940,TRUE,FALSE,FALSE,TRUE,FALSE,FALSE,FALSE,FALSE
21555,F,NDE,United States,NDE,english,NA,NA,NA,1252,TRUE,FALSE,FALSE,TRUE,FALSE,FALSE,FALSE,FALSE
21602,M,FDE,United States,FDE,english,NA,NA,NA,2304,FALSE,FALSE,FALSE,FALSE,FALSE,TRUE,FALSE,FALSE
21613,M,NDE,United States,NDE,english,NA,NA,NA,2048,TRUE,FALSE,FALSE,FALSE,FALSE,FALSE,FALSE,FALSE
21621,M,NDE,United States,NDE,english,NA,NA,NA,1695,TRUE,FALSE,FALSE,TRUE,FALSE,FALSE,FALSE,FALSE
21637,F,NDE,United States,NDE,english,NA,NA,NA,2903,TRUE,FALSE,FALSE,TRUE,FALSE,FALSE,FALSE,FALSE
21640,F,NDE,United States,NDE,english,NA,NA,NA,10150,TRUE,FALSE,FALSE,TRUE,FALSE,FALSE,FALSE,FALSE
21647,F,NDE,United States,NDE,english,NA,NA,NA,9090,TRUE,FALSE,TRUE,FALSE,FALSE,FALSE,FALSE,FALSE
21664,F,Other,United States,OBE/ADC,english,NA,NA,NA,5059,FALSE,FALSE,FALSE,TRUE,TRUE,FALSE,FALSE,FALSE
21730,M,NDE,United States,NDE,english,7,2010-07-17T00:00:00.000Z,2007-12-04T00:00:00.000Z,3617,TRUE,FALSE,FALSE,TRUE,FALSE,FALSE,FALSE,FALSE
21748,F,NDE,England,NDE,english,NA,NA,NA,2033,TRUE,FALSE,FALSE,TRUE,FALSE,FALSE,FALSE,FALSE
21780,F,NDE,United States,NDE,english,NA,NA,NA,3975,TRUE,FALSE,FALSE,TRUE,FALSE,FALSE,FALSE,FALSE
21798,F,NDE,United States,NDE,english,NA,NA,NA,1849,TRUE,FALSE,FALSE,FALSE,TRUE,FALSE,FALSE,FALSE
21822,F,NDE,United States,NDE,english,NA,NA,NA,1460,TRUE,FALSE,FALSE,TRUE,FALSE,FALSE,FALSE,FALSE
21825,F,NDE,United States,NDE,english,NA,NA,NA,5264,TRUE,FALSE,FALSE,TRUE,FALSE,FALSE,FALSE,FALSE
21827,F,Other,United States,Other,english,NA,NA,NA,2000,TRUE,FALSE,FALSE,FALSE,FALSE,FALSE,FALSE,FALSE
21840,M,NDE,United States,NDE,english,NA,NA,NA,8942,TRUE,TRUE,FALSE,TRUE,FALSE,FALSE,FALSE,FALSE
21844,F,NDE,United States,NDE,english,NA,NA,NA,2504,TRUE,FALSE,FALSE,TRUE,TRUE,FALSE,FALSE,FALSE
21856,M,NDE,United States,NDE,english,NA,NA,NA,2755,TRUE,FALSE,FALSE,TRUE,FALSE,FALSE,FALSE,FALSE
21868,M,FDE,United States,FDE,english,NA,NA,NA,2661,TRUE,FALSE,FALSE,TRUE,FALSE,FALSE,FALSE,FALSE
21870,F,SOBE,United States,SOBE,english,NA,NA,NA,3300,TRUE,FALSE,FALSE,FALSE,FALSE,FALSE,FALSE,FALSE
21877,M,Probable NDE,United States,Probable NDE,english,NA,NA,NA,2979,TRUE,FALSE,TRUE,TRUE,FALSE,FALSE,FALSE,FALSE
21878,M,NDE,United States,NDE,english,NA,NA,NA,1533,TRUE,FALSE,FALSE,TRUE,TRUE,FALSE,FALSE,FALSE
21883,M,NDE,United States,NDE,english,NA,NA,NA,2951,TRUE,FALSE,FALSE,TRUE,FALSE,FALSE,FALSE,FALSE
21892,F,NDE,United States,NDE,english,NA,NA,NA,9980,FALSE,FALSE,FALSE,TRUE,FALSE,FALSE,FALSE,FALSE
21905,M,NDE,United States,NDE,english,NA,NA,NA,4164,TRUE,FALSE,FALSE,TRUE,TRUE,FALSE,FALSE,FALSE
21909,F,FDE,United States,FDE,english,NA,NA,NA,3378,TRUE,FALSE,FALSE,TRUE,TRUE,FALSE,FALSE,FALSE
21944,F,NDE,Trinidad,NDE,english,NA,NA,NA,5200,TRUE,FALSE,FALSE,FALSE,FALSE,FALSE,FALSE,FALSE
21970,F,NDE,United States,NDE,english,NA,NA,NA,7408,TRUE,FALSE,FALSE,FALSE,FALSE,FALSE,FALSE,FALSE
22019,M,NDE,United States,NDE,english,NA,NA,NA,2131,TRUE,FALSE,FALSE,FALSE,FALSE,FALSE,FALSE,FALSE
22021,M,NDE,Germany,NDE,english,NA,NA,NA,2152,TRUE,FALSE,FALSE,TRUE,TRUE,FALSE,FALSE,FALSE
22034,M,NDE,United States,NDE,english,NA,NA,NA,1931,TRUE,FALSE,FALSE,FALSE,TRUE,FALSE,FALSE,FALSE
22035,M,Possible NDE,Mexico,Possible NDE,english,NA,NA,NA,1555,FALSE,FALSE,FALSE,FALSE,FALSE,FALSE,FALSE,TRUE
22048,F,Probable NDE,United States,Probable NDE,english,NA,NA,NA,5397,FALSE,FALSE,FALSE,TRUE,FALSE,FALSE,FALSE,FALSE
22053,M,NDE,United States,NDE,english,NA,NA,NA,3557,TRUE,FALSE,FALSE,FALSE,TRUE,FALSE,FALSE,FALSE
22066,F,NDE,Australia,Linda G NDE,english,NA,NA,NA,2640,TRUE,FALSE,FALSE,TRUE,FALSE,FALSE,FALSE,FALSE
22079,F,SOBE,United States,SOBE,english,NA,NA,NA,2177,TRUE,FALSE,FALSE,FALSE,TRUE,FALSE,FALSE,FALSE
22083,F,FDE,U,FDE,english,NA,NA,NA,1530,TRUE,FALSE,FALSE,FALSE,FALSE,FALSE,FALSE,FALSE
22088,M,NDE,United States,NDE,english,7,2010-07-17T00:00:00.000Z,2007-12-04T00:00:00.000Z,3617,TRUE,FALSE,FALSE,TRUE,FALSE,FALSE,FALSE,FALSE
22096,M,NDE,United Kingdom,NDE,english,NA,NA,NA,4592,TRUE,FALSE,FALSE,FALSE,TRUE,FALSE,FALSE,FALSE
22100,M,NDE,United States,NDE,english,NA,NA,NA,2279,TRUE,FALSE,FALSE,FALSE,FALSE,FALSE,FALSE,FALSE
22125,M,NDE,United States,NDE,english,NA,NA,NA,2729,TRUE,FALSE,FALSE,FALSE,FALSE,FALSE,FALSE,FALSE
22141,F,NDE,India,NDE,english,NA,NA,NA,2831,TRUE,FALSE,FALSE,FALSE,FALSE,FALSE,FALSE,FALSE
22145,M,NDE,United States,Shared NDE,english,NA,NA,NA,2234,TRUE,FALSE,FALSE,TRUE,FALSE,FALSE,FALSE,FALSE
22146,M,NDE,Italy,NDE,english,NA,NA,NA,1325,TRUE,FALSE,FALSE,FALSE,TRUE,FALSE,FALSE,FALSE
22157,F,FDE,Canada,FDE,english,NA,NA,NA,6417,TRUE,FALSE,FALSE,TRUE,FALSE,FALSE,FALSE,FALSE
22173,F,NDE,United States,NDE,english,NA,NA,NA,6587,TRUE,FALSE,FALSE,TRUE,FALSE,FALSE,TRUE,TRUE
22182,F,Probable NDE,Romania,Probable NDE,english,NA,NA,NA,2351,TRUE,FALSE,FALSE,FALSE,FALSE,FALSE,FALSE,FALSE
22195,F,NDE,United States,NDE,english,NA,NA,NA,509,TRUE,FALSE,FALSE,TRUE,FALSE,FALSE,FALSE,FALSE
22230,M,NDE,United States,NDE,english,NA,NA,NA,1555,FALSE,FALSE,FALSE,TRUE,FALSE,FALSE,FALSE,FALSE
22232,M,Probable NDE,United States,Probable NDE,english,NA,NA,NA,2937,TRUE,FALSE,FALSE,TRUE,FALSE,FALSE,FALSE,FALSE
22252,M,NDE,United States,NDE,english,NA,NA,NA,8251,TRUE,FALSE,FALSE,TRUE,TRUE,FALSE,FALSE,FALSE
22261,F,NDE,United States,NDE,english,NA,NA,NA,2221,TRUE,FALSE,FALSE,FALSE,FALSE,FALSE,FALSE,FALSE
22271,F,NDE,United States,NDE,english,NA,NA,NA,8770,TRUE,FALSE,FALSE,TRUE,FALSE,FALSE,FALSE,FALSE
22275,M,NDE,United States,NDE,english,NA,NA,NA,2665,TRUE,FALSE,FALSE,TRUE,FALSE,FALSE,FALSE,FALSE
22299,M,Probable NDE,Australia,Probable NDE,english,NA,NA,NA,5010,FALSE,TRUE,TRUE,FALSE,FALSE,TRUE,FALSE,FALSE
22306,F,NDE,United States,NDE,english,NA,NA,NA,3880,TRUE,TRUE,FALSE,TRUE,FALSE,FALSE,FALSE,FALSE
22314,F,Probable NDE,Canada,Probable NDE,english,NA,NA,NA,1654,TRUE,FALSE,FALSE,TRUE,FALSE,FALSE,FALSE,FALSE
22339,M,NDE,United States,NDE,english,NA,NA,NA,2763,TRUE,FALSE,FALSE,TRUE,FALSE,FALSE,FALSE,FALSE
22351,M,NDE,United States,NDE,english,NA,NA,NA,2870,TRUE,FALSE,FALSE,TRUE,TRUE,FALSE,FALSE,FALSE
22352,M,NDE,United States,NDE,english,NA,NA,NA,2299,TRUE,FALSE,FALSE,TRUE,TRUE,FALSE,FALSE,FALSE
22356,M,Probable NDE,United States,Probable NDE,english,NA,NA,NA,6563,TRUE,FALSE,FALSE,TRUE,FALSE,FALSE,FALSE,FALSE
22363,M,NDE,Iraq,NDE,english,NA,NA,NA,3748,FALSE,FALSE,TRUE,TRUE,FALSE,FALSE,FALSE,FALSE
22372,F,NDE,maine,NDE,english,NA,NA,NA,3158,TRUE,FALSE,FALSE,FALSE,TRUE,FALSE,FALSE,FALSE
22385,F,NDE,United States,NDE,english,NA,NA,NA,4830,TRUE,TRUE,FALSE,TRUE,FALSE,FALSE,FALSE,FALSE
22386,M,NDE,United States,NDE,english,NA,NA,NA,4245,TRUE,FALSE,FALSE,TRUE,TRUE,FALSE,FALSE,FALSE
22393,M,NDE,United States,NDE,english,NA,NA,NA,5588,TRUE,FALSE,FALSE,TRUE,FALSE,FALSE,FALSE,FALSE
22404,F,NDE,United States,NDE,english,8,NA,NA,11046,TRUE,FALSE,FALSE,TRUE,TRUE,FALSE,FALSE,FALSE
22409,F,NDE,Canada,NDE,english,NA,NA,NA,4184,FALSE,FALSE,FALSE,TRUE,FALSE,FALSE,FALSE,FALSE
22411,F,Probable NDE,United Kingdom,Probable NDE,english,NA,NA,NA,2548,TRUE,FALSE,FALSE,TRUE,FALSE,FALSE,FALSE,FALSE
22425,F,NDE,United States,NDE,english,NA,NA,NA,2507,TRUE,FALSE,FALSE,TRUE,FALSE,FALSE,FALSE,FALSE
22430,F,NDE,United States,NDE,english,NA,NA,NA,1821,TRUE,FALSE,FALSE,TRUE,TRUE,FALSE,FALSE,FALSE
22432,M,Probable NDE,Canada,Probable NDE,english,NA,NA,NA,590,FALSE,FALSE,FALSE,TRUE,FALSE,FALSE,FALSE,FALSE
22433,M,NDE,England,NDE,english,NA,NA,NA,2884,TRUE,FALSE,FALSE,TRUE,TRUE,FALSE,FALSE,FALSE
22437,F,NDE,United States,NDE,english,23,2013-04-12T00:00:00.000Z,2003-11-02T00:00:00.000Z,20663,TRUE,TRUE,FALSE,TRUE,TRUE,FALSE,FALSE,FALSE
22441,M,NDE,United States,Shared NDE,english,NA,NA,NA,5687,TRUE,FALSE,FALSE,TRUE,TRUE,FALSE,FALSE,FALSE
22463,F,NDE,United States,NDE,english,NA,NA,NA,3327,TRUE,FALSE,FALSE,TRUE,TRUE,FALSE,FALSE,FALSE
22469,F,Probable NDE,United States,Probable NDE,english,NA,NA,NA,3688,FALSE,FALSE,FALSE,TRUE,FALSE,TRUE,FALSE,FALSE
22491,F,NDE,United States,NDE,english,NA,NA,NA,1319,TRUE,FALSE,FALSE,TRUE,TRUE,FALSE,FALSE,FALSE
22524,F,NDE,United States,NDE,english,NA,NA,NA,2334,TRUE,FALSE,FALSE,TRUE,FALSE,FALSE,FALSE,FALSE
22536,F,FDE,C,FDE,english,NA,NA,NA,8496,TRUE,FALSE,FALSE,TRUE,FALSE,FALSE,FALSE,FALSE
22555,F,NDE,United States,NDE,english,NA,NA,NA,3303,TRUE,FALSE,FALSE,FALSE,TRUE,FALSE,FALSE,FALSE
22558,F,Probable NDE,United States,Probable NDE,english,NA,NA,NA,3361,TRUE,FALSE,FALSE,TRUE,FALSE,FALSE,FALSE,FALSE
22586,M,DBV;Other,United States,"DBV, Other",english,NA,NA,NA,5838,FALSE,FALSE,FALSE,FALSE,FALSE,FALSE,FALSE,FALSE
22601,F,Possible NDE,United States,Possible NDE,english,NA,NA,NA,8586,TRUE,FALSE,FALSE,TRUE,FALSE,FALSE,FALSE,FALSE
22617,M,Probable NDE,United States,Probable NDE,english,NA,NA,NA,3398,FALSE,FALSE,FALSE,FALSE,FALSE,FALSE,FALSE,FALSE
22626,M,NDE,United States,NDE,english,NA,NA,NA,4016,FALSE,TRUE,FALSE,FALSE,FALSE,FALSE,FALSE,FALSE
22643,F,Probable NDE,Canada,Probable NDE,english,NA,NA,NA,1180,TRUE,FALSE,FALSE,FALSE,FALSE,FALSE,FALSE,FALSE
22646,F,NDE,United States,NDE,english,NA,NA,NA,3611,TRUE,FALSE,FALSE,FALSE,TRUE,FALSE,FALSE,FALSE
22655,M,NDE,United States,NDE,english,NA,NA,NA,4409,TRUE,TRUE,FALSE,TRUE,FALSE,FALSE,FALSE,FALSE
22663,M,Probable NDE,United States,Probable NDE,english,NA,NA,NA,5062,TRUE,TRUE,FALSE,TRUE,FALSE,FALSE,FALSE,FALSE
22665,F,NDE,Kentucky,NDE,english,NA,NA,NA,11749,TRUE,FALSE,FALSE,TRUE,TRUE,FALSE,FALSE,FALSE
22671,F,NDE,United States,NDE,english,NA,NA,NA,2918,TRUE,FALSE,FALSE,TRUE,FALSE,FALSE,FALSE,FALSE
22687,F,NDE,United States,NDE,english,NA,NA,NA,2467,TRUE,FALSE,FALSE,TRUE,FALSE,FALSE,FALSE,FALSE
22698,F,NDE,United States,NDE,english,NA,NA,NA,2283,TRUE,FALSE,FALSE,TRUE,FALSE,FALSE,FALSE,FALSE
22707,F,NDE,United States,NDE,english,NA,NA,NA,5031,TRUE,FALSE,FALSE,TRUE,TRUE,FALSE,FALSE,FALSE
22717,F,STE;SOBE,U,"STE, SOBE",english,NA,NA,NA,19241,TRUE,TRUE,FALSE,TRUE,FALSE,FALSE,FALSE,FALSE
22728,F,Probable NDE,United States,Probable NDE,english,NA,NA,NA,4915,FALSE,FALSE,FALSE,FALSE,FALSE,FALSE,FALSE,FALSE
22755,F,NDE,United States,NDE,english,NA,NA,NA,5882,TRUE,FALSE,FALSE,TRUE,TRUE,FALSE,FALSE,FALSE
22764,F,SDE,United States,Shared Death Experience,english,NA,NA,NA,2532,FALSE,FALSE,FALSE,FALSE,FALSE,FALSE,FALSE,FALSE
22776,M,NDE,London,NDE,english,NA,NA,NA,2355,TRUE,FALSE,FALSE,FALSE,FALSE,FALSE,FALSE,FALSE
22781,M,NDE,United States,NDE,english,3,2006-04-13T00:00:00.000Z,1980-03-18T00:00:00.000Z,8130,TRUE,FALSE,FALSE,TRUE,FALSE,FALSE,FALSE,FALSE
22787,F,NDE,United States,NDE,english,NA,NA,NA,4423,TRUE,FALSE,FALSE,TRUE,FALSE,FALSE,FALSE,FALSE
22800,F,NDE,United States,NDE,english,NA,NA,NA,5207,TRUE,FALSE,FALSE,FALSE,FALSE,FALSE,FALSE,FALSE
22806,F,NDE,United States,NDE,english,NA,NA,NA,2881,TRUE,FALSE,FALSE,FALSE,FALSE,FALSE,FALSE,FALSE
22813,M,FDE,United States,FDE,english,NA,NA,NA,2842,TRUE,FALSE,FALSE,FALSE,FALSE,FALSE,FALSE,FALSE
22836,F,NDE,United States,NDE,english,NA,NA,NA,2629,TRUE,FALSE,FALSE,FALSE,FALSE,FALSE,FALSE,FALSE
22837,M,NDE,United Kingdom,NDE,english,NA,NA,NA,1759,FALSE,FALSE,FALSE,TRUE,FALSE,FALSE,FALSE,FALSE
22840,M,Probable NDE,United States,Probable NDE,english,NA,NA,NA,2422,TRUE,FALSE,FALSE,FALSE,FALSE,FALSE,FALSE,FALSE
22850,M,Possible NDE,Northern Ireland,Possible NDE,english,NA,NA,NA,1202,TRUE,FALSE,FALSE,TRUE,TRUE,FALSE,FALSE,FALSE
22855,M,Drug,United States,"Ketamine Experience, OBE",english,NA,NA,NA,4380,TRUE,FALSE,TRUE,FALSE,FALSE,FALSE,FALSE,FALSE
22863,M,NDE,Australia,NDE,english,NA,NA,NA,7901,TRUE,FALSE,FALSE,TRUE,FALSE,FALSE,FALSE,FALSE
22889,F,NDE,Canada,NDE,english,NA,NA,NA,4617,TRUE,FALSE,FALSE,FALSE,FALSE,FALSE,FALSE,FALSE
22891,F,Possible NDE,United States,Possible NDE,english,NA,NA,NA,2078,FALSE,FALSE,FALSE,TRUE,FALSE,FALSE,FALSE,FALSE
22900,M,NDE,United States,NDE,english,NA,NA,NA,6122,TRUE,FALSE,FALSE,TRUE,TRUE,FALSE,FALSE,FALSE
22910,F,NDE,United States,NDE,english,NA,NA,NA,2434,TRUE,FALSE,FALSE,TRUE,TRUE,FALSE,FALSE,FALSE
22944,F,NDE,United States,NDE,english,NA,NA,NA,1440,TRUE,FALSE,FALSE,FALSE,FALSE,FALSE,FALSE,FALSE
22974,M,NDE,United States,NDE,english,5,2014-10-24T00:00:00.000Z,2014-03-19T00:00:00.000Z,11251,TRUE,FALSE,FALSE,TRUE,FALSE,FALSE,FALSE,FALSE
22979,F,NDE,United States,NDE or FDE,english,NA,NA,NA,786,TRUE,FALSE,FALSE,FALSE,FALSE,FALSE,FALSE,FALSE
22991,M,NDE,United States,NDE,english,3,NA,NA,4370,FALSE,FALSE,FALSE,TRUE,FALSE,FALSE,FALSE,FALSE
23002,F,Possible NDE,U,Possible NDE,english,0,NA,NA,2333,TRUE,FALSE,FALSE,TRUE,FALSE,FALSE,FALSE,FALSE
23005,M,NDE,United States,NDE,english,2,NA,NA,1826,FALSE,FALSE,FALSE,FALSE,FALSE,FALSE,FALSE,FALSE
23012,M,FDE,U,FDE,english,1,NA,NA,3293,TRUE,FALSE,FALSE,TRUE,FALSE,FALSE,FALSE,FALSE
23034,M,NDE,United States,NDE,english,3,NA,NA,3541,TRUE,FALSE,FALSE,TRUE,FALSE,FALSE,FALSE,FALSE
23049,M,NDE,United States,NDE,english,NA,NA,NA,964,TRUE,FALSE,TRUE,TRUE,FALSE,FALSE,FALSE,FALSE
23053,F,SOBE,United States,SOBE,english,2,NA,NA,13604,TRUE,FALSE,TRUE,FALSE,FALSE,FALSE,FALSE,FALSE
23057,F,Probable NDE,United States,Probable NDE,english,1,NA,NA,1665,TRUE,FALSE,FALSE,TRUE,FALSE,FALSE,FALSE,FALSE
23065,M,NDE,United Kingdom,NDE,english,2,NA,NA,11437,TRUE,FALSE,TRUE,TRUE,FALSE,FALSE,FALSE,FALSE
23075,F,NDE,United States,NDE,english,0,NA,NA,2618,TRUE,TRUE,FALSE,TRUE,FALSE,FALSE,FALSE,FALSE
23080,F,NDE,U,NDE,english,1,NA,NA,4661,TRUE,FALSE,FALSE,TRUE,FALSE,FALSE,FALSE,FALSE
23112,F,NDE,Australia,NDE,english,1,NA,NA,1845,TRUE,FALSE,FALSE,TRUE,FALSE,FALSE,FALSE,FALSE
23117,F,NDE,United States,NDE,english,4,NA,NA,2976,TRUE,FALSE,FALSE,TRUE,TRUE,FALSE,FALSE,FALSE
23143,F,NDE,United States,NDE,english,0,NA,NA,1164,TRUE,FALSE,FALSE,TRUE,FALSE,FALSE,FALSE,FALSE
23177,M,Possible NDE,Guam,Possible NDE,english,1,NA,NA,1194,TRUE,FALSE,FALSE,FALSE,FALSE,FALSE,FALSE,FALSE
23192,F,NDE,United States,NDE,english,4,NA,NA,15673,TRUE,TRUE,FALSE,TRUE,TRUE,FALSE,FALSE,FALSE
23195,F,Probable NDE,United Kingdom,Probable NDE,english,2,NA,NA,5274,TRUE,FALSE,FALSE,TRUE,FALSE,FALSE,FALSE,FALSE
23235,F,FDE,unknown,FDE,english,2,NA,NA,6290,FALSE,FALSE,FALSE,TRUE,FALSE,FALSE,FALSE,FALSE
23250,M,Probable NDE,United States,Probable NDE,english,2,NA,NA,2516,TRUE,TRUE,FALSE,FALSE,FALSE,FALSE,FALSE,FALSE
23260,F,Probable NDE,United Kingdom,Probable NDE,english,1,NA,NA,4496,TRUE,FALSE,FALSE,TRUE,FALSE,FALSE,FALSE,FALSE
23285,F,NDE,United States,NDE,english,3,NA,NA,6445,FALSE,TRUE,FALSE,TRUE,FALSE,FALSE,FALSE,FALSE
23301,F,NDE,United States,NDE,english,4,NA,NA,8029,TRUE,FALSE,FALSE,TRUE,TRUE,FALSE,FALSE,FALSE
23311,M,Possible NDE,United States,Possible NDE,english,1,NA,NA,2774,TRUE,FALSE,FALSE,TRUE,FALSE,FALSE,FALSE,FALSE
23327,M,FDE,United States,FDE,english,1,NA,NA,4360,TRUE,FALSE,FALSE,TRUE,FALSE,FALSE,FALSE,FALSE
23344,F,NDE,Japan,NDE,english,1,NA,NA,6335,TRUE,FALSE,FALSE,TRUE,FALSE,FALSE,FALSE,FALSE
23387,F,Possible NDE,United States,Possible NDE,english,2,NA,NA,2522,TRUE,FALSE,FALSE,FALSE,FALSE,FALSE,FALSE,FALSE
23420,F,STE,United States,STE,english,1,NA,NA,8157,FALSE,FALSE,FALSE,TRUE,FALSE,FALSE,FALSE,FALSE
23449,F,NDE,Mongolia,NDE,english,1,NA,NA,5778,FALSE,FALSE,FALSE,FALSE,FALSE,FALSE,FALSE,FALSE
23462,F,SDE,United Kingdom,SDE,english,0,NA,NA,7758,FALSE,FALSE,FALSE,FALSE,FALSE,FALSE,FALSE,FALSE
23463,M,ADC,Australia,ADC,english,0,NA,1984-01-01T00:00:00.000Z,4169,FALSE,FALSE,FALSE,FALSE,FALSE,FALSE,FALSE,FALSE
23467,M,STE,Spain,STE,english,0,NA,1987-05-09T00:00:00.000Z,14493,FALSE,TRUE,FALSE,FALSE,FALSE,FALSE,FALSE,FALSE
23474,F,FDE,United States,FDE,english,0,NA,NA,1380,FALSE,FALSE,FALSE,FALSE,FALSE,FALSE,FALSE,FALSE
23476,M,NDE,United States,NDEs,english,0,NA,NA,4559,TRUE,FALSE,FALSE,TRUE,FALSE,FALSE,FALSE,FALSE
23506,F,Other,United States,Other;Life-threatening,english,0,NA,NA,12917,FALSE,FALSE,FALSE,TRUE,FALSE,FALSE,FALSE,FALSE
23523,F,Anesthesia,United States,Possible NDE;Anesthesia,english,2,NA,NA,3590,TRUE,FALSE,FALSE,FALSE,FALSE,FALSE,FALSE,FALSE
32085,F,NDE,United States,NDE,english,NA,NA,NA,4139,TRUE,TRUE,FALSE,TRUE,FALSE,FALSE,FALSE,FALSE
32286,M,NDE,confidential,NDE,english,NA,NA,NA,4786,TRUE,TRUE,FALSE,TRUE,TRUE,FALSE,FALSE,FALSE
32302,F,Probable NDE,United States,Probable NDE,english,NA,NA,NA,2424,TRUE,FALSE,FALSE,TRUE,FALSE,FALSE,FALSE,FALSE
32304,F,Friend,Canada,Secondhand Other,english,NA,NA,NA,6477,FALSE,FALSE,FALSE,FALSE,FALSE,FALSE,FALSE,FALSE
32380,F,SDE,France,Shared Death,fr,NA,NA,NA,6077,TRUE,FALSE,FALSE,FALSE,TRUE,FALSE,FALSE,FALSE
32686,M,SDE,United States,SDE;Shared ADC,english,3,NA,NA,11738,TRUE,TRUE,FALSE,FALSE,FALSE,FALSE,FALSE,FALSE
32757,F,Probable NDE,French Guiana,Probable NDE,english,NA,2024-09-27T02:06:37.000Z,1999-10-08T00:00:00.000Z,2747,FALSE,FALSE,FALSE,TRUE,FALSE,FALSE,FALSE,FALSE
33001,M,NDE,United States,NA,english,7,2025-05-05T10:27:51.000Z,2025-02-02T00:00:00.000Z,6512,TRUE,FALSE,FALSE,TRUE,FALSE,FALSE,FALSE,FALSE
33002,F,Probable NDE,United States,NA,english,8,2025-05-05T13:08:22.000Z,2023-04-12T00:00:00.000Z,8038,FALSE,FALSE,FALSE,TRUE,FALSE,TRUE,FALSE,FALSE
33003,F,ADC,Italy,NA,it,14,2025-05-06T04:18:43.000Z,2007-05-06T00:00:00.000Z,5024,FALSE,FALSE,FALSE,FALSE,FALSE,FALSE,FALSE,FALSE
33004,M,NDE,Algeria,NA,english,0,2025-05-06T13:30:56.852Z,NA,13380,TRUE,FALSE,FALSE,TRUE,FALSE,FALSE,TRUE,FALSE
33005,M,Prayer,United States,NA,english,9,2025-05-07T07:49:31.000Z,1996-05-08T00:00:00.000Z,5295,FALSE,FALSE,FALSE,FALSE,FALSE,FALSE,FALSE,FALSE
33006,F,OBE,United States,NA,english,22,2025-05-08T11:47:03.000Z,2013-04-11T00:00:00.000Z,8737,TRUE,FALSE,FALSE,FALSE,FALSE,TRUE,FALSE,FALSE
33007,F,Possible NDE,United States,NA,english,11,2025-05-10T19:09:12.000Z,2020-10-14T00:00:00.000Z,4772,FALSE,FALSE,FALSE,TRUE,FALSE,FALSE,FALSE,FALSE
33008,M,Anesthesia,United States,NA,english,4,2025-05-10T21:23:20.000Z,1956-07-03T00:00:00.000Z,3415,FALSE,FALSE,FALSE,FALSE,FALSE,FALSE,FALSE,FALSE
33010,M,Anesthesia,United States,NA,english,18,2025-05-11T20:27:29.000Z,2021-10-04T00:00:00.000Z,3105,FALSE,FALSE,FALSE,TRUE,FALSE,FALSE,FALSE,FALSE
33011,F,NDE,Australia,NA,english,15,2025-05-11T22:46:15.000Z,2023-07-13T00:00:00.000Z,12908,FALSE,FALSE,FALSE,TRUE,TRUE,FALSE,FALSE,FALSE
33012,F,STE,United States,NA,english,21,2025-05-13T15:17:01.000Z,2016-07-03T00:00:00.000Z,14094,TRUE,FALSE,FALSE,FALSE,TRUE,FALSE,TRUE,FALSE
33013,M,Probable NDE;Other,United States,NA,english,24,2025-05-14T04:31:29.000Z,2021-08-01T00:00:00.000Z,9172,TRUE,FALSE,TRUE,TRUE,FALSE,FALSE,FALSE,FALSE
33014,M,FDE;Other,United States,NA,english,6,2025-05-14T18:35:30.000Z,1966-05-15T00:00:00.000Z,8259,TRUE,FALSE,FALSE,FALSE,FALSE,FALSE,FALSE,FALSE
33015,M,NDE,United Arab Emirates,NA,english,13,2025-05-15T13:02:25.000Z,2012-03-16T00:00:00.000Z,11727,TRUE,FALSE,TRUE,TRUE,FALSE,FALSE,FALSE,FALSE
33016,F,NDE,United States,NA,english,7,2025-05-15T17:05:28.000Z,1964-08-29T00:00:00.000Z,6210,TRUE,FALSE,FALSE,FALSE,FALSE,FALSE,FALSE,FALSE
33017,M,Possible NDE,United States,NA,english,6,2025-05-15T23:47:16.000Z,2025-05-15T00:00:00.000Z,2593,FALSE,FALSE,FALSE,FALSE,FALSE,FALSE,FALSE,FALSE
33018,M,NDE,Russia,NA,english,10,2025-05-17T05:40:57.000Z,1986-06-12T00:00:00.000Z,7403,TRUE,FALSE,FALSE,TRUE,FALSE,FALSE,FALSE,FALSE
33020,F,NDE,France,NA,fr,11,2025-05-20T03:15:12.000Z,2023-02-21T00:00:00.000Z,8534,FALSE,FALSE,FALSE,FALSE,FALSE,FALSE,FALSE,FALSE
33021,F,NDE,United States,NA,english,19,2025-05-20T10:18:40.000Z,2015-07-16T00:00:00.000Z,11517,TRUE,FALSE,FALSE,FALSE,FALSE,FALSE,FALSE,FALSE
33023,M,STE,Belarus,NA,english,13,2025-05-23T10:21:49.000Z,2021-05-24T00:00:00.000Z,8798,FALSE,FALSE,FALSE,FALSE,FALSE,FALSE,FALSE,FALSE
33027,F,STE,France,NA,fr,14,2025-05-27T05:34:32.000Z,2020-05-28T00:00:00.000Z,7010,TRUE,FALSE,FALSE,FALSE,FALSE,FALSE,FALSE,FALSE
33028,F,Probable NDE,Brazil,NA,pt,8,2025-05-27T17:48:50.000Z,2024-06-03T00:00:00.000Z,3246,FALSE,FALSE,FALSE,FALSE,FALSE,FALSE,FALSE,FALSE
33030,M,NDE;SDE;STE,Mexico,NA,english,0,2025-05-27T15:31:58.108Z,NA,4416,FALSE,FALSE,FALSE,FALSE,FALSE,FALSE,FALSE,FALSE
33032,M,NDE;Drug,United States,NA,english,13,2025-06-02T18:55:36.000Z,2020-10-20T00:00:00.000Z,8961,FALSE,FALSE,FALSE,TRUE,FALSE,FALSE,FALSE,FALSE
33033,M,NDE,United States,NA,english,14,2025-06-04T07:09:04.000Z,1963-01-01T00:00:00.000Z,3491,FALSE,FALSE,FALSE,TRUE,FALSE,FALSE,FALSE,FALSE
33034,F,NDE,United States,NA,english,30,2025-06-04T16:49:43.000Z,2011-07-01T00:00:00.000Z,19009,TRUE,FALSE,FALSE,TRUE,FALSE,FALSE,FALSE,FALSE
33035,M,NDE,United States,NA,english,16,2025-06-04T23:55:29.000Z,1997-02-05T00:00:00.000Z,12526,FALSE,FALSE,FALSE,FALSE,FALSE,FALSE,FALSE,FALSE
33036,F,NDE,Italy,NA,it,6,2025-06-05T22:16:54.000Z,2022-01-01T00:00:00.000Z,4264,FALSE,FALSE,FALSE,TRUE,FALSE,FALSE,FALSE,FALSE
33037,F,NDE,Italy,NA,english,19,2025-06-06T15:22:55.000Z,2025-05-22T00:00:00.000Z,3967,FALSE,FALSE,FALSE,TRUE,FALSE,FALSE,FALSE,FALSE
33038,M,NDE,Australia,NA,english,4,2025-06-08T05:14:24.000Z,1995-06-09T00:00:00.000Z,2976,FALSE,FALSE,FALSE,FALSE,FALSE,FALSE,FALSE,FALSE
33039,M,SDE,Germany,NA,de,12,2025-06-09T10:52:57.000Z,2019-12-17T00:00:00.000Z,4456,FALSE,FALSE,FALSE,FALSE,TRUE,FALSE,FALSE,FALSE
33040,F,Probable NDE,United States,NA,english,28,2025-06-09T13:49:02.000Z,2022-05-17T00:00:00.000Z,5906,FALSE,FALSE,FALSE,FALSE,TRUE,FALSE,FALSE,FALSE
33041,F,Probable NDE,Bulgaria,NA,english,10,2025-06-10T03:37:53.000Z,2023-02-08T00:00:00.000Z,3073,FALSE,FALSE,FALSE,FALSE,FALSE,FALSE,FALSE,FALSE
33042,F,STE,Russia,NA,ru,15,2025-06-11T09:31:09.000Z,2021-01-01T00:00:00.000Z,27664,FALSE,FALSE,FALSE,FALSE,FALSE,FALSE,FALSE,FALSE
33044,F,Other,Russia,NA,english,28,2025-06-13T06:58:34.000Z,2020-06-13T00:00:00.000Z,9471,FALSE,FALSE,FALSE,TRUE,FALSE,FALSE,FALSE,FALSE
33045,M,NDE,Mexico,NA,english,14,2025-06-13T14:53:14.000Z,2013-06-14T00:00:00.000Z,8407,TRUE,TRUE,FALSE,TRUE,TRUE,FALSE,FALSE,FALSE
33046,M,STE,United States,NA,english,27,2025-06-13T19:48:21.000Z,2016-01-23T00:00:00.000Z,72378,FALSE,FALSE,FALSE,FALSE,TRUE,FALSE,TRUE,FALSE
33048,F,NDE,Ethiopia,NA,english,15,2025-06-16T15:12:00.000Z,2002-04-17T00:00:00.000Z,6408,TRUE,FALSE,FALSE,TRUE,TRUE,FALSE,FALSE,FALSE
33050,M,NA,United States,NA,english,14,2025-06-19T10:58:46.000Z,2025-04-20T00:00:00.000Z,5128,FALSE,FALSE,TRUE,FALSE,FALSE,FALSE,FALSE,FALSE
33052,F,NDE,United States,NA,english,19,2025-06-19T18:12:08.000Z,2014-07-20T00:00:00.000Z,23681,TRUE,TRUE,FALSE,TRUE,FALSE,FALSE,FALSE,FALSE
33053,M,NDE,United States,NA,english,8,2025-06-20T14:25:54.000Z,1983-05-31T00:00:00.000Z,6312,FALSE,FALSE,FALSE,TRUE,FALSE,FALSE,FALSE,FALSE
33054,M,NDE,United States,NA,english,3,2025-06-20T15:14:27.000Z,1969-07-08T00:00:00.000Z,3256,TRUE,FALSE,FALSE,FALSE,FALSE,FALSE,FALSE,FALSE
33055,M,STE,Sweden,NA,english,21,2025-06-22T16:33:51.000Z,2014-06-23T00:00:00.000Z,5567,FALSE,FALSE,FALSE,FALSE,FALSE,FALSE,FALSE,FALSE
33056,F,Probable NDE,Israel,NA,english,17,2025-06-24T22:17:11.000Z,1984-01-01T00:00:00.000Z,9447,FALSE,FALSE,FALSE,FALSE,FALSE,FALSE,FALSE,FALSE
33057,F,NDE,United States,NA,pt,0,2025-06-25T16:10:35.580Z,NA,7186,FALSE,FALSE,FALSE,TRUE,FALSE,FALSE,FALSE,FALSE
33059,F,Probable NDE,United States,NA,english,10,2025-06-30T09:37:20.000Z,2004-07-01T00:00:00.000Z,7257,FALSE,FALSE,FALSE,TRUE,FALSE,FALSE,FALSE,FALSE
33060,M,NDE,United States,NA,english,11,2025-06-30T13:23:51.000Z,1981-07-01T00:00:00.000Z,2869,TRUE,FALSE,FALSE,FALSE,FALSE,FALSE,FALSE,FALSE
33061,M,NDE,United States,NA,english,14,2025-07-02T10:27:24.000Z,1955-12-02T00:00:00.000Z,2376,TRUE,FALSE,FALSE,FALSE,TRUE,FALSE,FALSE,FALSE
33062,F,Probable NDE,United States,NA,english,6,2025-07-04T17:32:42.000Z,1993-07-05T00:00:00.000Z,4595,FALSE,FALSE,FALSE,FALSE,FALSE,FALSE,FALSE,FALSE
33063,M,STE,United States,NA,english,22,2025-07-09T14:59:02.000Z,1982-01-09T00:00:00.000Z,3709,FALSE,FALSE,FALSE,FALSE,FALSE,FALSE,FALSE,FALSE
33064,M,NDE,United States,NA,english,18,2025-07-10T00:08:43.000Z,2019-05-15T00:00:00.000Z,5358,TRUE,FALSE,FALSE,TRUE,TRUE,FALSE,FALSE,FALSE
33065,M,Probable NDE;Drug,United States,NA,english,4,2025-07-10T16:57:57.000Z,NA,6412,FALSE,FALSE,TRUE,FALSE,FALSE,FALSE,FALSE,FALSE
33066,F,STE,Australia,NA,english,19,2025-07-10T21:05:04.000Z,1999-07-11T00:00:00.000Z,13552,FALSE,FALSE,FALSE,FALSE,FALSE,FALSE,FALSE,FALSE
33067,F,OBE,Serbia,NA,english,11,2025-07-11T19:49:31.000Z,NA,1968,FALSE,TRUE,FALSE,FALSE,FALSE,FALSE,FALSE,FALSE
33068,F,NDE,New Zealand,NA,english,16,2025-07-11T23:32:39.000Z,2008-10-12T00:00:00.000Z,14408,FALSE,FALSE,FALSE,TRUE,FALSE,FALSE,FALSE,FALSE
33069,F,STE,United States,NA,english,14,2025-07-12T05:02:42.000Z,2024-01-01T00:00:00.000Z,19363,FALSE,TRUE,FALSE,FALSE,FALSE,FALSE,TRUE,FALSE
33071,M,NDE,United States,NA,english,13,2025-07-16T09:37:11.000Z,1959-02-25T00:00:00.000Z,18042,FALSE,FALSE,FALSE,TRUE,TRUE,FALSE,FALSE,FALSE
33072,F,Probable NDE,United Kingdom,NA,english,19,2025-07-17T10:19:04.000Z,2016-07-29T00:00:00.000Z,2435,TRUE,FALSE,FALSE,TRUE,FALSE,FALSE,FALSE,FALSE
33074,M,NDE,United States,NA,english,19,2025-07-19T12:45:55.000Z,2008-06-20T00:00:00.000Z,5454,FALSE,FALSE,FALSE,TRUE,FALSE,FALSE,FALSE,FALSE
33075,F,NDE,Poland,NA,english,18,2025-07-19T13:46:20.000Z,1990-07-20T00:00:00.000Z,11483,TRUE,FALSE,FALSE,TRUE,TRUE,FALSE,FALSE,FALSE
33078,F,NDE,United States,NA,english,11,2025-07-25T14:15:10.000Z,1974-01-19T00:00:00.000Z,9086,TRUE,FALSE,FALSE,TRUE,TRUE,FALSE,FALSE,FALSE
33081,F,STE,Canada,NA,english,7,2025-07-28T13:05:33.000Z,NA,3134,FALSE,FALSE,FALSE,TRUE,FALSE,FALSE,FALSE,FALSE
33083,M,Probable NDE;STE,United States,NA,english,18,2025-07-29T18:29:08.000Z,2012-08-30T00:00:00.000Z,11138,FALSE,FALSE,TRUE,TRUE,FALSE,FALSE,FALSE,FALSE
33086,M,NDE,United States,NA,english,23,2025-08-03T20:48:27.000Z,1998-06-04T00:00:00.000Z,5203,FALSE,FALSE,FALSE,TRUE,FALSE,FALSE,FALSE,FALSE
33087,F,STE,Ireland,NA,english,8,2025-08-04T06:10:54.000Z,2000-08-05T00:00:00.000Z,8647,FALSE,FALSE,FALSE,FALSE,FALSE,FALSE,FALSE,FALSE
33088,M,ADC,United States,NA,english,6,2025-08-07T09:38:37.000Z,2019-03-31T00:00:00.000Z,7776,FALSE,FALSE,FALSE,TRUE,FALSE,TRUE,FALSE,FALSE
33089,F,STE,Egypt,NA,english,9,2025-08-09T13:25:37.625Z,2023-01-01T00:00:00.000Z,5734,FALSE,FALSE,FALSE,FALSE,FALSE,FALSE,FALSE,FALSE
33091,F,NDE,United States,NA,english,5,2025-08-12T11:21:36.000Z,1991-08-13T00:00:00.000Z,2236,TRUE,FALSE,FALSE,FALSE,TRUE,FALSE,FALSE,FALSE
33092,F,NELE,United States,NA,english,6,2025-08-13T09:38:12.000Z,2007-12-31T00:00:00.000Z,7514,FALSE,FALSE,FALSE,FALSE,TRUE,FALSE,FALSE,FALSE
33093,F,STE,United States,NA,english,22,2025-08-14T22:09:35.000Z,1982-08-15T00:00:00.000Z,7374,FALSE,FALSE,FALSE,FALSE,FALSE,FALSE,FALSE,FALSE
33094,M,SOBE,United Kingdom,NA,english,5,2025-08-15T08:32:17.000Z,2001-07-29T00:00:00.000Z,2932,TRUE,FALSE,FALSE,FALSE,TRUE,FALSE,FALSE,FALSE
33095,F,NDE,United States,NA,english,22,2025-08-16T01:01:41.000Z,2025-07-28T00:00:00.000Z,5413,FALSE,FALSE,FALSE,TRUE,FALSE,FALSE,FALSE,TRUE
33096,F,SDE,United States,NA,english,6,2025-08-16T16:22:50.000Z,2013-02-13T00:00:00.000Z,1947,FALSE,FALSE,FALSE,FALSE,FALSE,FALSE,FALSE,FALSE
33097,M,Meditation,United States,NA,english,15,2025-08-17T16:25:43.000Z,2022-02-08T00:00:00.000Z,3422,FALSE,FALSE,FALSE,FALSE,FALSE,FALSE,FALSE,FALSE
33098,M,STE,United States,NA,english,7,2025-08-17T21:58:54.000Z,1965-10-18T00:00:00.000Z,12044,FALSE,FALSE,FALSE,FALSE,FALSE,FALSE,FALSE,FALSE
33099,M,NDE,United States,NA,english,29,2025-08-18T12:05:25.000Z,2013-06-19T00:00:00.000Z,12843,FALSE,FALSE,FALSE,TRUE,FALSE,TRUE,TRUE,FALSE
33101,M,NDE,United States,NA,english,27,2025-08-19T14:14:15.000Z,2018-06-09T00:00:00.000Z,48318,TRUE,FALSE,FALSE,TRUE,TRUE,FALSE,FALSE,FALSE
33102,F,SOBE,United States,NA,english,13,2025-08-19T18:53:14.000Z,1988-08-20T00:00:00.000Z,9016,FALSE,FALSE,FALSE,FALSE,TRUE,FALSE,FALSE,FALSE
33103,F,NDE,United States,NA,english,9,2025-08-21T13:01:55.000Z,2008-08-22T00:00:00.000Z,5874,FALSE,TRUE,FALSE,FALSE,FALSE,FALSE,FALSE,FALSE
33104,F,STE,United States,NA,english,20,2025-08-21T14:50:30.000Z,1991-09-22T00:00:00.000Z,5823,FALSE,FALSE,FALSE,FALSE,FALSE,FALSE,FALSE,FALSE
33106,M,STE,United States,STE,english,17,2023-08-29T00:00:00.000Z,2022-10-02T00:00:00.000Z,45860,TRUE,FALSE,FALSE,TRUE,FALSE,FALSE,FALSE,FALSE
33107,M,NDE,Australia,NA,english,11,2025-08-25T23:09:32.000Z,2014-03-16T00:00:00.000Z,5259,FALSE,FALSE,FALSE,TRUE,FALSE,FALSE,FALSE,FALSE
33108,F,NDE,United States,NA,english,24,2025-08-26T14:02:37.000Z,2000-01-01T00:00:00.000Z,8441,TRUE,FALSE,FALSE,TRUE,FALSE,FALSE,FALSE,FALSE
33109,M,STE,United States,NA,english,13,2025-08-27T23:42:02.000Z,2004-07-29T00:00:00.000Z,9600,FALSE,FALSE,FALSE,FALSE,FALSE,FALSE,FALSE,FALSE
33110,F,STE,United States,NA,english,25,2025-08-28T06:32:34.000Z,2025-08-20T00:00:00.000Z,13500,FALSE,FALSE,FALSE,FALSE,FALSE,FALSE,FALSE,FALSE
33111,F,SOBE,France,NA,fr,6,2025-08-31T04:59:06.000Z,1990-01-01T00:00:00.000Z,8056,TRUE,FALSE,TRUE,TRUE,FALSE,FALSE,FALSE,FALSE
33114,F,Probable NDE,United States,NA,english,19,2025-09-01T20:12:11.000Z,2006-09-02T00:00:00.000Z,9234,FALSE,FALSE,FALSE,FALSE,FALSE,FALSE,FALSE,FALSE
33116,F,ADC,United States,NA,english,7,2025-09-03T09:58:47.000Z,2000-09-04T00:00:00.000Z,4764,FALSE,FALSE,FALSE,FALSE,FALSE,FALSE,FALSE,FALSE
33118,F,NDE,United States,NA,english,12,2025-09-04T07:35:20.000Z,2020-02-16T00:00:00.000Z,8406,FALSE,FALSE,FALSE,TRUE,FALSE,FALSE,FALSE,FALSE
33119,F,NDE,United Kingdom,NA,english,9,2025-09-06T18:22:12.000Z,1976-09-07T00:00:00.000Z,4734,FALSE,FALSE,FALSE,FALSE,FALSE,FALSE,FALSE,FALSE
33122,F,FDE,United States,NA,english,10,2025-09-07T22:47:04.000Z,2025-05-12T00:00:00.000Z,7296,FALSE,FALSE,FALSE,FALSE,FALSE,FALSE,FALSE,FALSE
33123,F,SOBE,United States,NA,english,5,2025-09-08T09:02:23.000Z,2020-08-01T00:00:00.000Z,5231,TRUE,FALSE,FALSE,FALSE,FALSE,FALSE,FALSE,FALSE
33124,F,NDE,United States,NA,english,26,2025-09-08T12:32:01.000Z,2007-09-09T00:00:00.000Z,11602,TRUE,FALSE,FALSE,TRUE,TRUE,FALSE,FALSE,FALSE
33125,M,Probable NDE,United States,NA,english,9,2025-09-08T22:55:39.000Z,1990-01-01T00:00:00.000Z,4207,FALSE,FALSE,FALSE,FALSE,FALSE,FALSE,FALSE,FALSE
33126,F,STE,United States,NA,english,13,2025-09-09T13:30:22.000Z,2024-10-15T00:00:00.000Z,6444,FALSE,FALSE,FALSE,FALSE,FALSE,FALSE,FALSE,FALSE
33128,F,Probable NDE,United States,NA,english,21,2025-09-11T01:16:49.000Z,2020-02-26T00:00:00.000Z,4563,TRUE,FALSE,FALSE,TRUE,FALSE,TRUE,FALSE,FALSE
33130,F,NDE,United States,NA,english,10,2025-09-16T13:29:19.000Z,2022-09-17T00:00:00.000Z,2124,FALSE,FALSE,FALSE,FALSE,FALSE,FALSE,FALSE,FALSE
33131,F,STE,Canada,NA,english,18,2025-09-17T09:20:55.000Z,2018-09-18T00:00:00.000Z,6998,FALSE,FALSE,FALSE,FALSE,FALSE,FALSE,FALSE,FALSE
33132,M,STE,Serbia,NA,english,12,2025-09-22T12:08:20.000Z,1989-09-23T00:00:00.000Z,22966,FALSE,TRUE,FALSE,FALSE,FALSE,FALSE,FALSE,FALSE
33133,F,Probable NDE,United States,NA,english,7,2025-09-23T19:50:34.000Z,2010-06-15T00:00:00.000Z,4233,FALSE,FALSE,FALSE,TRUE,FALSE,FALSE,FALSE,FALSE
33134,F,Other;NELE,United Kingdom,NA,english,24,2025-09-24T03:08:20.000Z,2001-12-15T00:00:00.000Z,19247,FALSE,FALSE,TRUE,TRUE,TRUE,FALSE,FALSE,FALSE
33137,F,Probable NDE,Canada,NA,english,10,2025-09-24T23:39:51.000Z,2017-07-11T00:00:00.000Z,4605,TRUE,FALSE,FALSE,TRUE,FALSE,FALSE,FALSE,FALSE
33138,M,NDE;Drug,Canada,NA,english,10,2025-10-01T18:31:21.000Z,1993-10-02T00:00:00.000Z,3833,TRUE,FALSE,FALSE,TRUE,FALSE,FALSE,FALSE,FALSE
33139,M,Probable NDE,United Kingdom,NA,english,5,2025-10-02T08:26:11.000Z,2013-04-28T00:00:00.000Z,5482,FALSE,FALSE,FALSE,FALSE,FALSE,FALSE,FALSE,FALSE
33140,M,NDE,United States,NA,english,20,2025-10-03T01:39:56.000Z,2017-08-03T00:00:00.000Z,10559,TRUE,TRUE,FALSE,TRUE,FALSE,FALSE,FALSE,FALSE
33142,M,ADC,United States,NA,english,8,2025-10-05T12:16:24.000Z,1990-11-06T00:00:00.000Z,4686,FALSE,FALSE,FALSE,FALSE,FALSE,FALSE,FALSE,FALSE
33144,F,NDE,Israel,NA,he,20,2025-10-11T08:16:31.000Z,2023-10-07T00:00:00.000Z,8650,FALSE,FALSE,FALSE,TRUE,FALSE,FALSE,FALSE,FALSE
33145,M,NDE,United States,NA,english,19,2025-10-19T14:00:44.000Z,2025-10-04T00:00:00.000Z,15784,FALSE,FALSE,FALSE,TRUE,FALSE,FALSE,FALSE,FALSE
33146,M,NDE,United States,NA,en,17,2025-10-20T03:04:11.000Z,2002-01-01T00:00:00.000Z,8961,FALSE,FALSE,FALSE,TRUE,FALSE,FALSE,FALSE,FALSE
33147,M,Probable NDE,Iran,NA,fa,3,2025-10-21T15:27:31.000Z,2009-01-01T00:00:00.000Z,2576,FALSE,FALSE,FALSE,FALSE,FALSE,FALSE,FALSE,FALSE
33148,F,Probable NDE,United Kingdom,NA,english,16,2025-10-22T18:30:38.000Z,1986-06-05T00:00:00.000Z,3339,FALSE,FALSE,FALSE,TRUE,FALSE,FALSE,FALSE,FALSE
33150,F,Probable NDE,United States,NA,english,12,2025-10-24T21:51:31.000Z,2006-12-25T00:00:00.000Z,3801,FALSE,FALSE,FALSE,TRUE,FALSE,FALSE,FALSE,FALSE
33152,M,SDE,Ireland,NA,english,1,2025-10-27T08:38:58.000Z,2015-10-28T00:00:00.000Z,9618,FALSE,FALSE,FALSE,FALSE,FALSE,FALSE,FALSE,FALSE
33154,M,NDE,United States,NA,english,28,2025-10-30T10:22:57.000Z,2017-10-31T00:00:00.000Z,6752,TRUE,FALSE,FALSE,TRUE,FALSE,FALSE,FALSE,FALSE
33156,F,NDE,Sweden,NA,sv,29,2025-10-31T05:32:55.000Z,1980-11-01T00:00:00.000Z,16576,TRUE,FALSE,FALSE,TRUE,FALSE,FALSE,FALSE,FALSE
33157,F,Other,United States,NA,english,3,2025-11-03T23:18:22.000Z,2024-11-16T00:00:00.000Z,2710,FALSE,FALSE,FALSE,FALSE,FALSE,FALSE,FALSE,FALSE
33158,M,NDE,Indonesia,NA,english,14,2025-11-03T23:34:07.000Z,1991-07-04T00:00:00.000Z,6734,FALSE,FALSE,FALSE,TRUE,FALSE,FALSE,FALSE,FALSE
33159,M,NDE,France,NA,english,9,2025-11-04T11:44:32.000Z,2012-12-05T00:00:00.000Z,8036,FALSE,FALSE,FALSE,TRUE,FALSE,FALSE,FALSE,FALSE
33160,M,NDE,France,NA,english,11,2025-11-04T10:26:10.000Z,2016-04-10T00:00:00.000Z,8293,FALSE,FALSE,FALSE,FALSE,FALSE,FALSE,FALSE,FALSE
33161,M,NDE,Philippines,NA,english,10,2025-11-05T22:21:30.000Z,1979-11-06T00:00:00.000Z,3760,TRUE,FALSE,FALSE,TRUE,FALSE,FALSE,FALSE,FALSE
33162,F,NDE,United Kingdom,NA,english,20,2025-11-06T11:11:47.000Z,2025-01-01T00:00:00.000Z,7937,TRUE,FALSE,FALSE,TRUE,FALSE,FALSE,FALSE,FALSE
33163,M,NDE,United States,NA,english,19,2025-11-12T13:16:14.000Z,1979-05-13T00:00:00.000Z,8358,TRUE,FALSE,FALSE,TRUE,TRUE,FALSE,FALSE,FALSE
33164,F,NDE,Spain,NA,es,6,2025-11-13T10:55:54.000Z,2022-01-01T00:00:00.000Z,6435,FALSE,FALSE,FALSE,TRUE,FALSE,FALSE,FALSE,FALSE
33165,M,Pre-Birth,United States,NA,english,12,2025-11-13T20:20:01.000Z,1959-08-14T00:00:00.000Z,8300,FALSE,FALSE,FALSE,FALSE,FALSE,FALSE,FALSE,FALSE
33166,F,NDE,United States,NA,english,16,2025-11-16T15:52:05.000Z,2000-01-05T00:00:00.000Z,9703,TRUE,FALSE,FALSE,TRUE,FALSE,FALSE,FALSE,FALSE
33167,F,STE,United States,NA,english,19,2025-11-18T11:31:32.000Z,2004-11-19T00:00:00.000Z,5809,FALSE,FALSE,FALSE,FALSE,FALSE,FALSE,FALSE,FALSE
33168,M,NDE,Ukraine,NA,english,10,2025-11-19T08:26:57.000Z,2024-12-04T00:00:00.000Z,3260,TRUE,FALSE,FALSE,TRUE,FALSE,FALSE,FALSE,FALSE
33169,F,NDE,United States,NA,english,12,2025-11-19T23:15:00.000Z,1976-12-27T00:00:00.000Z,4103,FALSE,FALSE,FALSE,TRUE,FALSE,FALSE,FALSE,FALSE
33170,F,NDE,France,NA,fr,9,2025-11-20T15:03:38.000Z,2009-05-17T00:00:00.000Z,7874,FALSE,FALSE,FALSE,TRUE,FALSE,FALSE,FALSE,FALSE
33171,M,NDE,Bangladesh,NA,english,17,2025-11-21T00:28:35.000Z,2023-07-12T00:00:00.000Z,4299,FALSE,FALSE,FALSE,TRUE,FALSE,FALSE,FALSE,FALSE
33173,M,NDE;Probable NDE,India,NA,english,25,2025-11-25T13:06:36.000Z,2002-01-15T00:00:00.000Z,9940,TRUE,FALSE,FALSE,TRUE,FALSE,FALSE,FALSE,FALSE
33174,F,NDE,United States,NA,english,17,2025-11-25T12:07:19.000Z,2024-03-19T00:00:00.000Z,12555,TRUE,FALSE,FALSE,TRUE,FALSE,FALSE,FALSE,FALSE
33175,F,NDE,United States,NA,english,19,2025-11-26T15:43:18.000Z,2006-05-27T00:00:00.000Z,43647,TRUE,FALSE,FALSE,TRUE,FALSE,FALSE,FALSE,FALSE
33177,F,OBE,Spain,NA,es,8,2025-11-27T02:28:10.000Z,1986-11-28T00:00:00.000Z,5915,TRUE,FALSE,FALSE,FALSE,FALSE,FALSE,FALSE,FALSE
33179,M,NDE,Canada,NA,english,28,2025-11-30T19:17:39.000Z,2000-08-01T00:00:00.000Z,11776,TRUE,FALSE,FALSE,TRUE,FALSE,TRUE,FALSE,FALSE
33180,F,NDE,Poland,NA,pl,21,2025-12-04T16:11:48.000Z,2025-04-12T00:00:00.000Z,10613,FALSE,FALSE,FALSE,TRUE,FALSE,FALSE,FALSE,FALSE
33182,F,NDE,United States,NA,english,13,2025-12-06T23:04:34.000Z,2025-06-10T00:00:00.000Z,6760,FALSE,FALSE,FALSE,TRUE,FALSE,FALSE,FALSE,FALSE
33183,M,NDE,New Zealand,NA,english,17,2025-12-07T07:29:01.000Z,2024-03-08T00:00:00.000Z,13459,FALSE,FALSE,FALSE,TRUE,FALSE,FALSE,FALSE,FALSE
33184,F,OBE,United States,NA,english,7,2025-12-07T20:16:53.000Z,2025-09-20T00:00:00.000Z,2133,FALSE,FALSE,FALSE,FALSE,FALSE,FALSE,FALSE,FALSE
33185,F,NDE,Canada,NA,english,19,2025-12-08T08:23:37.000Z,2025-04-15T00:00:00.000Z,7082,TRUE,FALSE,FALSE,TRUE,FALSE,FALSE,FALSE,FALSE
33189,M,NDE,United States,NA,english,9,2025-12-17T19:11:24.171Z,1985-01-01T00:00:00.000Z,2878,FALSE,FALSE,FALSE,TRUE,FALSE,FALSE,FALSE,FALSE
33190,M,OBE,India,NA,english,14,2025-12-17T20:33:10.554Z,1972-01-01T00:00:00.000Z,2104,TRUE,FALSE,FALSE,FALSE,FALSE,FALSE,FALSE,FALSE
33191,F,FDE,United States,NA,english,10,2025-12-14T19:36:18.000Z,1976-12-20T00:00:00.000Z,8784,FALSE,FALSE,FALSE,FALSE,FALSE,FALSE,FALSE,FALSE
33192,F,Probable NDE,United States,NA,english,10,2025-12-15T14:14:41.000Z,1995-12-20T00:00:00.000Z,6138,FALSE,FALSE,TRUE,FALSE,FALSE,FALSE,FALSE,FALSE
33194,F,Other,Canada,NA,english,6,2025-12-18T19:00:16.000Z,2018-12-20T00:00:00.000Z,4807,FALSE,FALSE,FALSE,FALSE,FALSE,FALSE,FALSE,FALSE
33195,F,NDE,United States,NA,english,2,2025-12-22T21:31:03.293Z,2012-01-01T00:00:00.000Z,2761,FALSE,FALSE,FALSE,TRUE,FALSE,FALSE,FALSE,FALSE
33196,M,STE,Denmark,NA,th,10,2025-12-23T15:07:38.730Z,1989-11-30T00:00:00.000Z,8287,FALSE,TRUE,FALSE,FALSE,FALSE,FALSE,FALSE,FALSE
33197,M,STE,Germany,NA,de,12,2025-12-23T19:29:17.710Z,1989-11-30T00:00:00.000Z,7320,FALSE,FALSE,FALSE,FALSE,FALSE,FALSE,FALSE,FALSE
33199,F,ADC,Australia,NA,english,23,2025-12-26T03:34:52.761Z,2023-03-18T00:00:00.000Z,6658,FALSE,FALSE,FALSE,FALSE,FALSE,FALSE,FALSE,FALSE
33201,M,Probable NDE,China,NA,ko,19,2025-12-28T02:12:03.648Z,2017-01-01T00:00:00.000Z,7997,FALSE,FALSE,TRUE,FALSE,FALSE,FALSE,FALSE,FALSE
33202,M,Other,United States,NA,english,3,2025-12-28T22:27:03.318Z,2003-09-03T00:00:00.000Z,6376,FALSE,FALSE,FALSE,FALSE,FALSE,FALSE,FALSE,FALSE
33204,M,Other,United States,NA,english,9,2025-12-29T19:56:06.795Z,2015-01-01T00:00:00.000Z,2860,FALSE,FALSE,FALSE,FALSE,FALSE,FALSE,FALSE,FALSE
33207,F,NDE,Australia,NA,english,5,2026-01-02T18:06:42.382Z,1999-01-01T00:00:00.000Z,2545,FALSE,FALSE,FALSE,FALSE,FALSE,FALSE,FALSE,FALSE
33208,F,Probable NDE;ADC,Gambia,NA,english,18,2026-01-02T21:17:35.774Z,1985-06-01T00:00:00.000Z,10613,FALSE,FALSE,FALSE,TRUE,FALSE,FALSE,FALSE,FALSE
33209,F,Anesthesia;Probable NDE,United States,NA,english,16,2026-01-02T23:40:20.686Z,1980-05-21T00:00:00.000Z,4303,FALSE,FALSE,FALSE,TRUE,FALSE,FALSE,FALSE,FALSE
33210,M,SOBE,Portugal,NA,english,25,2026-01-05T13:34:17.854Z,2020-01-07T00:00:00.000Z,5791,FALSE,FALSE,FALSE,FALSE,FALSE,FALSE,TRUE,FALSE
33211,F,Probable NDE,United States,NA,english,15,2026-01-05T22:16:42.159Z,1970-01-01T00:00:00.000Z,2377,FALSE,FALSE,FALSE,FALSE,FALSE,FALSE,FALSE,FALSE
33212,M,SOBE,Canada,NA,english,18,2026-01-05T22:39:19.332Z,2025-05-10T00:00:00.000Z,7504,FALSE,TRUE,TRUE,FALSE,FALSE,FALSE,FALSE,FALSE
33213,F,NDE,United States,NA,english,4,2026-01-06T16:31:35.458Z,2007-03-20T00:00:00.000Z,4761,FALSE,FALSE,FALSE,TRUE,FALSE,FALSE,FALSE,FALSE
33214,F,NDE,United States,NA,english,21,2026-01-08T04:47:32.232Z,2024-08-26T00:00:00.000Z,12732,TRUE,FALSE,FALSE,FALSE,TRUE,FALSE,FALSE,FALSE
33216,F,NA,United States,NA,english,8,2026-01-08T16:25:19.345Z,2007-03-28T00:00:00.000Z,6898,FALSE,FALSE,FALSE,TRUE,FALSE,FALSE,FALSE,FALSE
33217,F,NDE,United States,NA,english,27,2026-01-10T14:17:12.402Z,2023-11-03T00:00:00.000Z,23598,TRUE,FALSE,FALSE,TRUE,TRUE,FALSE,FALSE,FALSE
33218,F,NDE,Belgium,NA,fr,10,2026-01-10T14:43:19.612Z,1999-01-01T00:00:00.000Z,5000,FALSE,FALSE,FALSE,TRUE,FALSE,FALSE,FALSE,FALSE
33219,M,NDE,Scotland,NDE,english,21,2013-01-25T00:00:00.000Z,1974-08-02T00:00:00.000Z,103402,FALSE,TRUE,FALSE,TRUE,FALSE,FALSE,FALSE,FALSE
33221,F,NDE,United States,NA,english,14,2026-01-13T20:28:40.028Z,1994-03-04T00:00:00.000Z,9530,FALSE,FALSE,FALSE,TRUE,FALSE,FALSE,FALSE,FALSE
33223,F,NDE,United States,NA,english,11,2026-01-17T20:27:59.124Z,1948-06-15T00:00:00.000Z,4378,TRUE,FALSE,FALSE,TRUE,FALSE,FALSE,FALSE,FALSE
33225,F,NDE,Germany,NA,english,18,2026-01-19T00:39:42.057Z,1969-04-11T00:00:00.000Z,4103,TRUE,FALSE,FALSE,TRUE,FALSE,FALSE,FALSE,FALSE
33226,M,NDE,United States,NA,english,27,2026-01-19T21:59:20.938Z,1979-10-18T00:00:00.000Z,35831,FALSE,FALSE,FALSE,TRUE,FALSE,FALSE,FALSE,FALSE
33227,F,Dream;NDE-Like,United States,NA,english,18,2026-01-21T01:42:49.970Z,1996-01-01T00:00:00.000Z,10281,TRUE,FALSE,FALSE,FALSE,FALSE,FALSE,FALSE,FALSE
33228,F,NDE,United States,NA,english,11,2026-01-22T13:21:58.620Z,1994-12-23T00:00:00.000Z,12990,TRUE,FALSE,TRUE,TRUE,FALSE,FALSE,FALSE,FALSE
33229,M,NDE-Like;STE,United States,NA,english,22,2026-01-23T09:02:01.945Z,2023-10-01T00:00:00.000Z,7872,TRUE,FALSE,FALSE,FALSE,FALSE,FALSE,FALSE,FALSE
33230,F,NDE,Cyprus,NA,english,12,2026-01-25T15:55:23.441Z,1995-09-10T00:00:00.000Z,10291,FALSE,TRUE,TRUE,TRUE,FALSE,FALSE,FALSE,FALSE
33231,F,NDE,France,NA,fr,20,2026-01-28T21:45:36.564Z,2010-01-01T00:00:00.000Z,9956,TRUE,FALSE,FALSE,TRUE,FALSE,FALSE,FALSE,FALSE
33232,M,NDE;Birth Rememberance,United States,NA,english,25,2026-01-28T22:49:48.370Z,2005-01-01T00:00:00.000Z,10302,TRUE,FALSE,FALSE,TRUE,FALSE,TRUE,FALSE,FALSE
33233,F,NDE,United States,NA,english,19,2026-01-29T00:35:30.240Z,2012-11-01T00:00:00.000Z,5812,TRUE,FALSE,FALSE,TRUE,FALSE,TRUE,FALSE,FALSE
33234,F,Probable NDE,United Kingdom,NA,english,10,2026-01-29T17:25:00.917Z,1991-01-01T00:00:00.000Z,4372,TRUE,FALSE,FALSE,FALSE,FALSE,FALSE,FALSE,FALSE
33236,F,STE,Australia,NA,english,23,2026-01-31T07:05:19.339Z,2025-07-07T00:00:00.000Z,25458,FALSE,FALSE,FALSE,FALSE,FALSE,TRUE,FALSE,FALSE
33237,M,ADC,United States,NA,english,26,2026-02-03T00:14:51.894Z,2010-01-31T00:00:00.000Z,13458,FALSE,FALSE,FALSE,FALSE,FALSE,FALSE,FALSE,FALSE
33238,M,NDE,Russia,NA,ru,8,2026-02-03T16:19:20.300Z,1990-09-02T00:00:00.000Z,9442,TRUE,FALSE,FALSE,TRUE,FALSE,FALSE,FALSE,FALSE
33239,F,NDE,United States,NA,english,20,2026-02-03T19:37:09.917Z,2008-03-08T00:00:00.000Z,20980,TRUE,FALSE,FALSE,TRUE,TRUE,FALSE,FALSE,FALSE
33240,M,NA,United States,NA,english,20,2026-02-03T21:10:33.662Z,1963-06-11T00:00:00.000Z,3914,FALSE,FALSE,FALSE,TRUE,FALSE,FALSE,FALSE,FALSE
33241,F,NDE,United States,NA,english,17,2026-02-05T20:26:41.593Z,2025-09-24T00:00:00.000Z,4642,FALSE,FALSE,FALSE,TRUE,FALSE,FALSE,FALSE,FALSE
33242,F,NDE,United States,NA,english,23,2026-02-06T07:50:02.414Z,1990-04-22T00:00:00.000Z,26993,TRUE,TRUE,FALSE,TRUE,FALSE,FALSE,FALSE,FALSE
33243,F,STE,United States,NA,english,15,2026-02-08T18:39:50.638Z,1979-01-01T00:00:00.000Z,14812,FALSE,FALSE,FALSE,FALSE,FALSE,FALSE,FALSE,FALSE
33244,F,STE,United States,NA,english,15,2026-02-11T03:41:22.263Z,1997-01-01T00:00:00.000Z,7399,FALSE,TRUE,FALSE,FALSE,FALSE,FALSE,FALSE,FALSE
33245,F,Probable NDE,Germany,NA,de,8,2026-02-11T08:46:31.812Z,2012-01-01T00:00:00.000Z,3686,FALSE,FALSE,FALSE,TRUE,FALSE,FALSE,FALSE,FALSE
33246,F,STE,Canada,NA,english,15,2026-02-12T01:34:52.372Z,1993-09-01T00:00:00.000Z,3654,FALSE,FALSE,FALSE,FALSE,FALSE,FALSE,FALSE,FALSE
33248,F,STE,France,NA,fr,20,2026-02-13T00:37:59.423Z,2025-06-13T00:00:00.000Z,15027,FALSE,FALSE,TRUE,FALSE,FALSE,FALSE,FALSE,FALSE
33249,M,Possible NDE;Birth Rememberance,Unknown,NA,english,8,2026-02-14T18:56:29.604Z,1992-06-02T00:00:00.000Z,4155,FALSE,FALSE,FALSE,TRUE,FALSE,FALSE,FALSE,FALSE
33255,M,NA,Italy,NA,english,9,2026-02-16T08:01:23.287Z,1975-11-30T00:00:00.000Z,4002,TRUE,FALSE,FALSE,TRUE,FALSE,FALSE,FALSE,FALSE
33256,M,ADC,Ireland,NA,english,20,2026-02-17T07:02:33.828Z,2000-05-10T00:00:00.000Z,19876,FALSE,FALSE,FALSE,FALSE,FALSE,FALSE,FALSE,FALSE
33257,F,ADC;,United States,NA,english,2,2026-02-17T16:11:54.686Z,1951-06-26T00:00:00.000Z,4213,FALSE,FALSE,FALSE,FALSE,FALSE,FALSE,FALSE,FALSE
33258,F,ADC,United States,NA,english,3,2026-02-17T19:40:07.022Z,1945-01-01T00:00:00.000Z,2806,FALSE,FALSE,FALSE,FALSE,FALSE,FALSE,FALSE,FALSE
33259,F,NDE,United States,NA,english,14,2026-02-17T21:45:36.258Z,2007-01-01T00:00:00.000Z,4870,FALSE,FALSE,FALSE,TRUE,FALSE,FALSE,FALSE,FALSE
33260,M,NDE,United States,NA,english,11,2026-02-17T21:51:43.761Z,2025-12-04T00:00:00.000Z,3597,TRUE,FALSE,FALSE,TRUE,FALSE,FALSE,FALSE,FALSE
33261,F,STE,Spain,NA,es,22,2026-02-19T20:44:29.727Z,2010-12-12T00:00:00.000Z,20833,FALSE,TRUE,FALSE,FALSE,FALSE,FALSE,FALSE,FALSE
33262,M,SOBE;Drug,United States,NA,english,21,2026-02-20T00:02:53.976Z,1968-01-15T00:00:00.000Z,12808,TRUE,FALSE,FALSE,FALSE,FALSE,FALSE,FALSE,FALSE
33263,M,NDE,United States,NA,english,11,2026-02-21T09:13:36.523Z,2021-02-23T00:00:00.000Z,4950,FALSE,FALSE,FALSE,TRUE,FALSE,FALSE,FALSE,FALSE
33265,M,NDE,United Kingdom,NA,english,10,2026-02-22T15:05:12.832Z,1973-03-19T00:00:00.000Z,4706,TRUE,FALSE,FALSE,TRUE,FALSE,FALSE,FALSE,FALSE
33268,M,Prayer;,Romania,NA,english,6,2026-02-23T18:53:30.335Z,2025-01-01T00:00:00.000Z,16151,FALSE,FALSE,FALSE,FALSE,FALSE,FALSE,FALSE,FALSE
33269,M,NDE,Netherlands,NA,english,14,2026-02-24T01:06:23.408Z,2019-01-01T00:00:00.000Z,5685,FALSE,FALSE,FALSE,TRUE,FALSE,FALSE,FALSE,FALSE
33271,M,STE,United States,NA,english,12,2026-02-26T02:54:02.702Z,2003-04-20T00:00:00.000Z,15189,FALSE,FALSE,FALSE,FALSE,FALSE,FALSE,FALSE,FALSE
33274,M,Probable NDE;Drug,Kuwait,NA,english,23,2026-03-02T04:34:54.188Z,2023-02-14T00:00:00.000Z,5137,FALSE,TRUE,FALSE,FALSE,FALSE,FALSE,FALSE,FALSE
33277,M,NDE,Serbia and Montenegro,NA,english,12,2026-03-03T00:14:54.142Z,2023-05-23T00:00:00.000Z,4734,FALSE,FALSE,FALSE,TRUE,FALSE,FALSE,FALSE,FALSE
33278,F,ADC,United States,NA,english,12,2026-03-03T11:43:23.305Z,2017-10-28T00:00:00.000Z,7505,FALSE,FALSE,FALSE,FALSE,FALSE,FALSE,FALSE,FALSE
33281,M,NDE;Drug,New Zealand,NA,english,0,2026-03-06T19:58:09.484Z,NA,9930,FALSE,FALSE,FALSE,TRUE,FALSE,FALSE,TRUE,FALSE
33283,F,NDE,United States,NA,english,19,2025-11-26T15:43:18.000Z,2006-05-27T00:00:00.000Z,43647,TRUE,FALSE,FALSE,TRUE,FALSE,FALSE,FALSE,FALSE
33284,M,Probable NDE;Drug,Italy,NA,it,11,2026-03-08T13:45:47.384Z,2017-08-05T00:00:00.000Z,9348,FALSE,FALSE,FALSE,FALSE,FALSE,TRUE,FALSE,FALSE
33287,M,NDE,France,NA,fr,24,2026-03-11T15:22:23.859Z,1981-03-08T00:00:00.000Z,18579,FALSE,TRUE,FALSE,FALSE,FALSE,FALSE,FALSE,FALSE
33288,F,NA,Mexico,NA,es,7,2026-03-16T03:59:37.209Z,2025-01-10T00:00:00.000Z,4338,FALSE,FALSE,FALSE,FALSE,FALSE,FALSE,FALSE,FALSE
33289,F,NA,South Africa,NA,english,15,2026-03-17T17:50:39.696Z,1968-11-15T00:00:00.000Z,14266,FALSE,FALSE,FALSE,FALSE,FALSE,TRUE,FALSE,FALSE
33291,M,Birth Rememberance,Venezuela,NA,es,22,2026-03-20T10:32:24.167Z,2002-08-19T00:00:00.000Z,8755,FALSE,FALSE,FALSE,FALSE,FALSE,FALSE,FALSE,FALSE
33293,F,NDE,United States,NA,english,4,2026-03-21T18:36:20.700Z,2025-07-12T00:00:00.000Z,4835,FALSE,FALSE,FALSE,TRUE,FALSE,FALSE,FALSE,FALSE
33294,F,Probable OBE;NDE,United States,NA,english,16,2026-03-22T00:24:53.208Z,2025-06-19T00:00:00.000Z,26440,FALSE,TRUE,FALSE,FALSE,FALSE,FALSE,FALSE,FALSE
33298,F,ADC,United States,NA,da,20,2026-03-23T20:32:24.055Z,2024-05-24T00:00:00.000Z,10234,FALSE,FALSE,TRUE,TRUE,FALSE,FALSE,FALSE,FALSE
33299,F,NDE;Drug,United States,NA,english,5,2026-03-24T21:41:04.816Z,2002-01-01T00:00:00.000Z,8165,FALSE,FALSE,FALSE,TRUE,FALSE,FALSE,FALSE,FALSE
33300,M,Birth Rememberance,United States,NA,english,21,2026-03-25T00:23:27.286Z,1982-11-15T00:00:00.000Z,22237,TRUE,FALSE,TRUE,TRUE,FALSE,FALSE,FALSE,FALSE
33302,M,Probable NDE,United States,NA,english,14,2026-03-26T05:08:19.263Z,1985-05-09T00:00:00.000Z,10759,FALSE,FALSE,FALSE,TRUE,FALSE,FALSE,FALSE,FALSE
33303,F,ADC,United States,NA,english,19,2026-03-26T22:46:44.675Z,2000-08-27T00:00:00.000Z,9037,FALSE,FALSE,FALSE,FALSE,FALSE,FALSE,FALSE,FALSE
33304,F,STE;Orb Encounter,United Kingdom,NA,english,14,2026-03-27T12:21:56.190Z,2010-07-20T00:00:00.000Z,4056,FALSE,FALSE,FALSE,FALSE,FALSE,FALSE,FALSE,FALSE
33306,F,NDE;Entity Encounter,United States,NA,english,22,2026-03-28T12:29:02.301Z,2023-01-01T00:00:00.000Z,10805,FALSE,FALSE,FALSE,TRUE,TRUE,FALSE,FALSE,FALSE
33307,F,NDE,United States,NA,english,20,2026-03-30T05:25:07.665Z,2023-04-21T00:00:00.000Z,9203,NA,NA,NA,NA,NA,NA,NA,NA
33308,F,STE,Netherlands,NA,english,21,2026-03-30T20:56:58.607Z,2014-02-04T00:00:00.000Z,14065,NA,NA,NA,NA,NA,NA,NA,NA
33309,F,STE;Drug,United States,NA,english,24,2026-04-02T16:25:41.747Z,2013-04-15T00:00:00.000Z,5000,NA,NA,NA,NA,NA,NA,NA,NA
33310,M,NDE,Canada,NA,english,25,2026-04-04T04:17:52.788Z,2010-01-01T00:00:00.000Z,15937,NA,NA,NA,NA,NA,NA,NA,NA
33311,F,NDE,United States,NA,english,23,2026-04-05T21:45:14.494Z,1965-01-01T00:00:00.000Z,9934,NA,NA,NA,NA,NA,NA,NA,NA
33312,M,Probable NDE,United States,NA,english,13,2026-04-06T04:46:33.446Z,NA,3224,NA,NA,NA,NA,NA,NA,NA,NA
33313,M,STE,Australia,NA,english,13,2026-04-08T12:53:55.482Z,1986-01-01T00:00:00.000Z,8386,NA,NA,NA,NA,NA,NA,NA,NA
33314,F,STE,Guatemala,NA,english,16,2026-04-09T19:12:18.048Z,1979-01-01T00:00:00.000Z,5127,NA,NA,NA,NA,NA,NA,NA,NA
33316,F,STE,United States,NA,english,23,2026-04-11T14:57:44.213Z,2024-10-13T00:00:00.000Z,11308,NA,NA,NA,NA,NA,NA,NA,NA
33321,M,Possible SOBE;NDE,Russian Federation,NA,ru,10,2026-04-12T06:06:38.060Z,1994-01-01T00:00:00.000Z,8471,NA,NA,NA,NA,NA,NA,NA,NA
33322,F,Probable OBE;NDE,United States,NA,english,16,2026-03-22T00:24:53.208Z,2025-06-19T00:00:00.000Z,26440,FALSE,TRUE,FALSE,FALSE,FALSE,FALSE,FALSE,FALSE
33324,M,NDE,United States,NA,english,14,2026-04-14T21:02:50.547Z,2021-01-01T00:00:00.000Z,10123,NA,NA,NA,NA,NA,NA,NA,NA
33325,F,NDE,United States,NA,english,23,2026-04-15T20:19:25.729Z,1980-01-01T00:00:00.000Z,14275,NA,NA,NA,NA,NA,NA,NA,NA
33327,M,NDE,United States,NA,english,17,2026-04-21T19:48:12.134Z,2020-11-16T00:00:00.000Z,3154,NA,NA,NA,NA,NA,NA,NA,NA
33328,F,NA,United States,NA,english,9,2026-04-23T08:30:52.664Z,2020-01-20T00:00:00.000Z,5413,NA,NA,NA,NA,NA,NA,NA,NA
33329,F,NDE,United Kingdom,NA,english,12,2026-04-23T09:18:24.904Z,1964-01-01T00:00:00.000Z,6952,NA,NA,NA,NA,NA,NA,NA,NA
33330,F,NDE,United Kingdom,NA,english,15,2026-04-23T11:40:45.777Z,1950-06-05T00:00:00.000Z,6759,NA,NA,NA,NA,NA,NA,NA,NA
33331,M,NDE,United States,NA,english,20,2026-04-25T18:32:28.242Z,1965-02-16T00:00:00.000Z,24295,NA,NA,NA,NA,NA,NA,NA,NA
33332,M,NDE,Italy,NA,it,15,2026-04-27T00:17:47.680Z,2008-10-16T00:00:00.000Z,3897,NA,NA,NA,NA,NA,NA,NA,NA
33333,F,ADC,United Kingdom,NA,english,10,2026-04-27T20:30:11.530Z,2011-01-01T00:00:00.000Z,7536,NA,NA,NA,NA,NA,NA,NA,NA
33334,M,NDE,United States,NA,english,6,2026-04-28T22:33:14.346Z,1967-12-27T00:00:00.000Z,2987,NA,NA,NA,NA,NA,NA,NA,NA
33335,F,Probable NDE,United States,NA,english,7,2026-04-29T18:08:40.047Z,2019-07-08T00:00:00.000Z,2379,NA,NA,NA,NA,NA,NA,NA,NA
33336,F,STE,New Zealand,NA,english,20,2026-04-29T19:32:56.360Z,2026-03-07T00:00:00.000Z,20554,NA,NA,NA,NA,NA,NA,NA,NA
33338,F,Probable NDE;Drug,United States,NA,english,9,2026-05-01T17:56:19.353Z,1971-05-21T00:00:00.000Z,3272,NA,NA,NA,NA,NA,NA,NA,NA
33340,M,NDE,Poland,NA,pl,21,2026-05-03T23:15:26.807Z,2002-01-01T00:00:00.000Z,13144,NA,NA,NA,NA,NA,NA,NA,NA
33341,M,Pre-Birth,United States,NA,english,5,2026-05-04T14:33:08.234Z,1962-10-02T00:00:00.000Z,5292,NA,NA,NA,NA,NA,NA,NA,NA
33342,F,NDE,United States,NA,english,13,2026-05-05T15:26:20.514Z,2016-08-10T00:00:00.000Z,4437,NA,NA,NA,NA,NA,NA,NA,NA
33343,F,NDE,United Kingdom,NA,english,21,2026-05-05T23:20:49.396Z,1981-06-01T00:00:00.000Z,2118,NA,NA,NA,NA,NA,NA,NA,NA
33344,M,ADC,United Kingdom,NA,english,11,2026-05-06T18:49:36.722Z,1998-08-18T00:00:00.000Z,5021,NA,NA,NA,NA,NA,NA,NA,NA
33345,F,OBE,India,NA,english,18,2026-05-06T22:14:21.425Z,2012-12-01T00:00:00.000Z,5570,NA,NA,NA,NA,NA,NA,NA,NA
33347,M,NDE,Russian Federation,NA,ru,12,2026-05-07T14:40:41.816Z,2010-06-02T00:00:00.000Z,4690,NA,NA,NA,NA,NA,NA,NA,NA
33348,F,NA,United States,NA,english,13,2026-05-07T18:41:39.493Z,2026-01-26T00:00:00.000Z,9388,NA,NA,NA,NA,NA,NA,NA,NA
33349,M,NDE,United States,NA,english,4,2026-05-07T19:28:43.917Z,2007-01-01T00:00:00.000Z,3042,NA,NA,NA,NA,NA,NA,NA,NA
33350,M,NDE,United States,NA,english,22,2026-05-09T16:24:42.705Z,2025-02-03T00:00:00.000Z,5918,NA,NA,NA,NA,NA,NA,NA,NA
33351,M,NDE,Poland,NA,pl,18,2026-05-10T04:06:38.292Z,2026-02-10T00:00:00.000Z,8076,NA,NA,NA,NA,NA,NA,NA,NA
33352,M,NA,United States,NA,english,23,2026-05-11T22:20:22.403Z,2023-11-06T00:00:00.000Z,14396,NA,NA,NA,NA,NA,NA,NA,NA
33353,F,ADC,United States,NA,english,9,2026-05-12T03:09:07.066Z,1984-01-01T00:00:00.000Z,3729,NA,NA,NA,NA,NA,NA,NA,NA
33355,F,NDE,Uruguay,NA,es,17,2026-05-13T01:00:20.669Z,2007-04-01T00:00:00.000Z,4280,NA,NA,NA,NA,NA,NA,NA,NA
33356,M,NDE,United States,NA,english,5,2026-05-13T02:03:45.752Z,2015-06-07T00:00:00.000Z,4078,NA,NA,NA,NA,NA,NA,NA,NA
33358,M,NDE,United States,NA,english,19,2026-05-14T21:30:26.682Z,2024-06-15T00:00:00.000Z,5597,NA,NA,NA,NA,NA,NA,NA,NA
33359,M,Birth Rememberance;NELE,Canada,NA,english,3,2026-05-16T05:27:32.543Z,1994-04-18T00:00:00.000Z,2012,NA,NA,NA,NA,NA,NA,NA,NA
33361,F,NDE,United States,NA,english,12,2026-05-18T20:24:29.733Z,2003-01-03T00:00:00.000Z,4903,NA,NA,NA,NA,NA,NA,NA,NA
33362,F,NA,United States,NA,english,7,2026-05-19T23:15:53.351Z,2025-04-12T00:00:00.000Z,4027,NA,NA,NA,NA,NA,NA,NA,NA
33365,M,STE,United States,NA,english,23,2026-05-22T01:17:44.240Z,1989-01-01T00:00:00.000Z,8477,NA,NA,NA,NA,NA,NA,NA,NA
33366,M,NA,United States,NA,english,6,2026-05-23T11:35:27.886Z,1986-01-01T00:00:00.000Z,13921,NA,NA,NA,NA,NA,NA,NA,NA
33367,F,NDE,United States,NA,english,15,2026-05-24T17:31:20.065Z,2016-04-17T00:00:00.000Z,7753,NA,NA,NA,NA,NA,NA,NA,NA
33368,M,Probable NDE,Ukraine,NA,ru,8,2026-05-24T18:59:41.963Z,2008-01-01T00:00:00.000Z,10131,NA,NA,NA,NA,NA,NA,NA,NA
33369,M,Possible NDE,United States,NA,english,10,2026-05-25T20:52:38.005Z,1964-09-01T00:00:00.000Z,8041,NA,NA,NA,NA,NA,NA,NA,NA
33370,M,OBE,United States,NA,english,4,2026-05-25T22:49:13.914Z,2017-05-16T00:00:00.000Z,3527,NA,NA,NA,NA,NA,NA,NA,NA
33372,F,NDE,United States Minor Outlying Islands,NA,english,10,2026-05-27T18:51:32.366Z,2020-01-01T00:00:00.000Z,10470,NA,NA,NA,NA,NA,NA,NA,NA
33373,M,Probable NDE,Brazil,NA,pt,23,2026-05-27T23:31:32.192Z,2023-06-01T00:00:00.000Z,9764,NA,NA,NA,NA,NA,NA,NA,NA
33374,M,NDE,United States,NA,english,20,2026-05-29T23:30:00.335Z,1959-06-20T00:00:00.000Z,8278,NA,NA,NA,NA,NA,NA,NA,NA
33375,M,NA,Iraq,NA,english,12,2026-05-31T23:50:29.056Z,2007-09-11T00:00:00.000Z,7828,NA,NA,NA,NA,NA,NA,NA,NA
33376,M,NA,United States,NA,english,8,2026-06-01T01:49:49.324Z,1978-07-01T00:00:00.000Z,7870,NA,NA,NA,NA,NA,NA,NA,NA
33378,M,NDE,United States,NA,english,6,2026-06-02T02:41:15.464Z,2009-01-01T00:00:00.000Z,4181,NA,NA,NA,NA,NA,NA,NA,NA
33379,F,NDE,South Africa,NA,english,24,2026-06-02T19:23:26.830Z,2019-01-07T00:00:00.000Z,5347,NA,NA,NA,NA,NA,NA,NA,NA
33380,M,NDE,United States,NA,english,12,2026-06-03T19:12:33.537Z,2000-06-20T00:00:00.000Z,5582,NA,NA,NA,NA,NA,NA,NA,NA
33381,M,Probable NDE,United States,NA,english,4,2026-06-04T19:41:48.816Z,1983-01-01T00:00:00.000Z,3556,NA,NA,NA,NA,NA,NA,NA,NA
33382,F,NDE,United States,NA,english,15,2026-06-05T04:32:41.008Z,2024-01-01T00:00:00.000Z,2817,NA,NA,NA,NA,NA,NA,NA,NA
33384,M,NDE,Canada,NA,fr,8,2026-06-05T15:00:04.370Z,2019-04-07T00:00:00.000Z,6388,NA,NA,NA,NA,NA,NA,NA,NA
33385,F,Probable NDE,United Kingdom,NA,english,20,2026-06-07T17:04:23.672Z,2021-06-20T00:00:00.000Z,6624,NA,NA,NA,NA,NA,NA,NA,NA
33387,F,NDE,United States,NA,english,14,2026-06-09T04:51:31.240Z,1984-01-01T00:00:00.000Z,6632,NA,NA,NA,NA,NA,NA,NA,NA
33388,F,NDE,United States,NA,english,19,2026-06-09T22:03:50.590Z,2014-05-15T00:00:00.000Z,6477,NA,NA,NA,NA,NA,NA,NA,NA
33390,F,FDE,United States,NA,english,10,2026-06-11T00:04:45.912Z,2006-02-20T00:00:00.000Z,4107,NA,NA,NA,NA,NA,NA,NA,NA
33391,M,NDE,Thailand,NA,english,11,2026-06-11T07:47:53.002Z,2026-06-10T00:00:00.000Z,14652,NA,NA,NA,NA,NA,NA,NA,NA
33393,M,Probable NDE,United States,NA,english,10,2026-06-11T17:26:08.232Z,2016-06-19T00:00:00.000Z,3992,NA,NA,NA,NA,NA,NA,NA,NA
33394,F,NDE,United States,NA,english,13,2026-06-12T18:02:28.024Z,2021-03-07T00:00:00.000Z,4228,NA,NA,NA,NA,NA,NA,NA,NA
33396,F,NDE,United States,NA,english,9,2026-06-13T22:53:28.541Z,2026-06-11T00:00:00.000Z,6671,NA,NA,NA,NA,NA,NA,NA,NA
33398,M,NDE,United States,NA,english,28,2026-06-14T22:30:26.350Z,2006-11-17T00:00:00.000Z,31581,NA,NA,NA,NA,NA,NA,NA,NA
33399,M,STE,China,NA,zh-cn,17,2026-06-15T02:21:54.098Z,1998-01-01T00:00:00.000Z,15103,NA,NA,NA,NA,NA,NA,NA,NA
33400,F,NDE,Estonia,NA,english,11,2026-06-15T21:04:49.344Z,2016-06-26T00:00:00.000Z,6121,NA,NA,NA,NA,NA,NA,NA,NA
33403,F,Possible NDE;Probable STE,Slovakia,NA,english,24,2026-06-19T13:49:50.918Z,2020-08-06T00:00:00.000Z,5550,NA,NA,NA,NA,NA,NA,NA,NA
33404,M,NDE,United States,NA,english,14,2026-06-20T20:52:26.147Z,2010-08-23T00:00:00.000Z,12385,NA,NA,NA,NA,NA,NA,NA,NA
33406,M,NDE,United States,NA,english,15,2026-06-22T17:04:01.906Z,1956-09-01T00:00:00.000Z,16286,NA,NA,NA,NA,NA,NA,NA,NA
33407,M,NDE,Canada,NA,english,11,2026-06-22T23:38:26.623Z,1972-08-15T00:00:00.000Z,2792,NA,NA,NA,NA,NA,NA,NA,NA
33408,F,NDE,Madagascar,NA,fr,18,2026-06-23T19:34:22.242Z,2016-01-01T00:00:00.000Z,7081,NA,NA,NA,NA,NA,NA,NA,NA
33410,M,NDE,United States,NA,english,7,2026-06-24T19:07:58.000Z,1982-08-01T00:00:00.000Z,17298,NA,NA,NA,NA,NA,NA,NA,NA
33412,M,SDE,Canada,NA,english,5,2026-06-25T11:44:55.375Z,2024-05-10T00:00:00.000Z,2192,NA,NA,NA,NA,NA,NA,NA,NA
33413,M,Probable NDE,United States,NA,english,7,2026-06-25T18:34:39.594Z,2025-06-22T00:00:00.000Z,2452,NA,NA,NA,NA,NA,NA,NA,NA
33414,F,NA,Australia,NA,english,23,2026-06-26T10:30:04.937Z,2000-06-12T00:00:00.000Z,4017,NA,NA,NA,NA,NA,NA,NA,NA
33415,F,NDE,United States,NA,english,18,2026-06-27T04:34:33.349Z,1969-09-12T00:00:00.000Z,6672,NA,NA,NA,NA,NA,NA,NA,NA
33416,F,NDE,United States,NA,english,21,2026-06-27T10:14:50.876Z,2019-11-19T00:00:00.000Z,3759,NA,NA,NA,NA,NA,NA,NA,NA
33418,F,NDE,United States,NA,english,18,2026-06-27T23:09:44.678Z,2009-04-29T00:00:00.000Z,14654,NA,NA,NA,NA,NA,NA,NA,NA
33419,F,Probable NDE,United States,NA,english,14,2026-06-28T21:48:49.381Z,2024-09-05T00:00:00.000Z,5699,NA,NA,NA,NA,NA,NA,NA,NA
33421,F,NDE,United States,NA,english,21,2026-07-01T08:28:32.816Z,2020-12-01T00:00:00.000Z,11967,NA,NA,NA,NA,NA,NA,NA,NA
33422,M,NDE,Croatia,NA,hr,22,2026-07-01T12:35:27.466Z,1991-11-25T00:00:00.000Z,12144,NA,NA,NA,NA,NA,NA,NA,NA
33423,F,NDE,United States,NA,english,18,2026-07-04T05:44:21.454Z,2015-07-17T00:00:00.000Z,4200,NA,NA,NA,NA,NA,NA,NA,NA
33424,F,NDE,United States,NA,english,22,2026-07-04T11:23:27.823Z,1986-05-17T00:00:00.000Z,20275,NA,NA,NA,NA,NA,NA,NA,NA
33426,M,NDE,United States,NA,english,15,2026-06-22T17:04:01.906Z,1956-09-01T00:00:00.000Z,16286,NA,NA,NA,NA,NA,NA,NA,NA
33430,F,Bilocation,United States,NA,english,4,2026-07-05T20:40:22.723Z,2014-01-01T00:00:00.000Z,8895,NA,NA,NA,NA,NA,NA,NA,NA
33431,M,SOBE,United States,NA,english,3,2026-07-06T02:37:41.273Z,1980-10-15T00:00:00.000Z,6554,NA,NA,NA,NA,NA,NA,NA,NA
33435,M,Probable NDE,United States,NA,english,9,2026-07-12T06:04:36.183Z,2009-01-01T00:00:00.000Z,5665,NA,NA,NA,NA,NA,NA,NA,NA
33436,F,NDE,United States,NA,english,20,2026-07-13T05:19:48.024Z,2022-02-20T00:00:00.000Z,6410,NA,NA,NA,NA,NA,NA,NA,NA
33440,F,Meditation,United States,NA,english,20,2026-07-15T22:48:03.488Z,1992-09-14T00:00:00.000Z,7999,NA,NA,NA,NA,NA,NA,NA,NA
33446,M,NDE,Chile,NA,es,15,2026-07-18T07:51:03.944Z,1998-05-02T00:00:00.000Z,8905,NA,NA,NA,NA,NA,NA,NA,NA
33447,M,STE,Canada,NA,english,6,2026-07-18T14:58:21.434Z,2010-05-05T00:00:00.000Z,5438,NA,NA,NA,NA,NA,NA,NA,NA
33448,F,Probable NDE,United States,NA,english,0,2026-07-19T19:27:51.955Z,1964-12-23T00:00:00.000Z,1097,NA,NA,NA,NA,NA,NA,NA,NA
33450,M,NDE,United States,NA,english,15,2026-07-20T05:22:02.249Z,2017-08-05T00:00:00.000Z,8701,NA,NA,NA,NA,NA,NA,NA,NA
